/model.11/Constant_output_0
/model.24/Constant_output_0
onnx::Split_349
/model.24/Constant_7_output_0
/model.24/Constant_8_output_0
/model.24/Constant_15_output_0
/model.24/Constant_16_output_0
/model.24/Constant_23_output_0
images_zero_point[-128]
images_scale[0.003921568859368563]
/model.0/conv/Conv_output_0_zero_point[0]
/model.0/conv/Conv_output_0_scale[0.29478004574775696]
model.0.conv.weight_scale[0.01989070139825344, 0.011003714986145496, 0.03327043354511261, 0.07328185439109802, 0.014095130376517773, 0.013856026344001293, 0.016021830961108208, 0.01290857046842575, 0.08163180202245712, 0.013444042764604092, 0.008772635832428932, 0.010076497681438923, 0.0597575381398201, 0.0702599361538887, 0.06104854866862297, 0.0898519977927208]
model.0.conv.weight_zero_point[0, 0, 0, 0, 0, 0, 0, 0, 0, 0, 0, 0, 0, 0, 0, 0]
model.0.conv.weight_quantized 查看对应txt文件
/model.0/act/Sigmoid_output_0_zero_point[-128]
/model.0/act/Sigmoid_output_0_scale[0.00392156932502985]
/model.0/act/Mul_output_0_zero_point[-126]
/model.0/act/Mul_output_0_scale[0.1479860097169876]
/model.1/conv/Conv_output_0_zero_point[4]
/model.1/conv/Conv_output_0_scale[1.1777993440628052]
model.1.conv.weight_scale[0.008620038628578186, 0.015158891677856445, 0.006587550509721041, 0.007014936301857233, 0.00665096053853631, 0.0035909421276301146, 0.004134370479732752, 0.01290272455662489, 0.01257363148033619, 0.00766106927767396, 0.02006136253476143, 0.008504406549036503, 0.007951742969453335, 0.01662231981754303, 0.0044272951781749725, 0.006658928468823433, 0.007117294706404209, 0.007657509762793779, 0.0053477538749575615, 0.005125157069414854, 0.003287643427029252, 0.008396727032959461, 0.002928929403424263, 0.009173533879220486, 0.006072011776268482, 0.0015423235017806292, 0.020825771614909172, 0.00365540012717247, 0.0018911139341071248, 0.011522026732563972, 0.007438619155436754, 0.004824844188988209]
model.1.conv.weight_zero_point[0, 0, 0, 0, 0, 0, 0, 0, 0, 0, 0, 0, 0, 0, 0, 0, 0, 0, 0, 0, 0, 0, 0, 0, 0, 0, 0, 0, 0, 0, 0, 0]
model.1.conv.weight_quantized 查看对应txt文件
/model.1/act/Sigmoid_output_0_zero_point[-128]
/model.1/act/Sigmoid_output_0_scale[0.00392156932502985]
/model.1/act/Mul_output_0_zero_point[-128]
/model.1/act/Mul_output_0_scale[0.5696947574615479]
/model.2/cv1/conv/Conv_output_0_zero_point[42]
/model.2/cv1/conv/Conv_output_0_scale[0.3871507942676544]
model.2.cv1.conv.weight_scale[0.0020000459626317024, 0.0013292183866724372, 0.0018002238357439637, 0.0027414592914283276, 0.001614048844203353, 0.0010526512051001191, 0.0015307220164686441, 0.005966217257082462, 0.00072583241853863, 0.0053629884496331215, 0.005404372233897448, 0.0015712096355855465, 0.001023469609208405, 0.001554893795400858, 0.0012611908605322242, 0.00291626644320786]
model.2.cv1.conv.weight_zero_point[0, 0, 0, 0, 0, 0, 0, 0, 0, 0, 0, 0, 0, 0, 0, 0]
model.2.cv1.conv.weight_quantized 查看对应txt文件
/model.2/cv1/act/Sigmoid_output_0_zero_point[-128]
/model.2/cv1/act/Sigmoid_output_0_scale[0.003921568859368563]
/model.2/cv1/act/Mul_output_0_zero_point[-126]
/model.2/cv1/act/Mul_output_0_scale[0.1306905597448349]
/model.2/m/m.0/cv1/conv/Conv_output_0_zero_point[32]
/model.2/m/m.0/cv1/conv/Conv_output_0_scale[0.24374771118164062]
model.2.m.0.cv1.conv.weight_scale[0.006659508217126131, 0.013262543827295303, 0.017407231032848358, 0.014404510147869587, 0.01487724669277668, 0.006627499591559172, 0.018178027123212814, 0.019604938104748726, 0.006291667930781841, 0.01877942681312561, 0.023609239608049393, 0.019648509100079536, 0.006493706256151199, 0.003965906798839569, 0.0050661335699260235, 0.021928444504737854]
model.2.m.0.cv1.conv.weight_zero_point[0, 0, 0, 0, 0, 0, 0, 0, 0, 0, 0, 0, 0, 0, 0, 0]
model.2.m.0.cv1.conv.weight_quantized 查看对应txt文件
/model.2/m/m.0/cv1/act/Sigmoid_output_0_zero_point[-128]
/model.2/m/m.0/cv1/act/Sigmoid_output_0_scale[0.003921568859368563]
/model.2/m/m.0/cv1/act/Mul_output_0_zero_point[-125]
/model.2/m/m.0/cv1/act/Mul_output_0_scale[0.09208082407712936]
/model.2/m/m.0/cv2/conv/Conv_output_0_zero_point[15]
/model.2/m/m.0/cv2/conv/Conv_output_0_scale[0.22003254294395447]
model.2.m.0.cv2.conv.weight_scale[0.005987547338008881, 0.003763258922845125, 0.0031831134110689163, 0.004050377756357193, 0.004422713071107864, 0.006880464032292366, 0.003420112654566765, 0.005106793716549873, 0.002808942226693034, 0.003967232536524534, 0.002657853765413165, 0.002177327172830701, 0.004529271274805069, 0.005179461557418108, 0.002539035165682435, 0.002358352765440941]
model.2.m.0.cv2.conv.weight_zero_point[0, 0, 0, 0, 0, 0, 0, 0, 0, 0, 0, 0, 0, 0, 0, 0]
model.2.m.0.cv2.conv.weight_quantized 查看对应txt文件
/model.2/m/m.0/cv2/act/Sigmoid_output_0_zero_point[-128]
/model.2/m/m.0/cv2/act/Sigmoid_output_0_scale[0.003921568859368563]
/model.2/m/m.0/cv2/act/Mul_output_0_zero_point[-125]
/model.2/m/m.0/cv2/act/Mul_output_0_scale[0.09788554906845093]
/model.2/m/m.0/Add_output_0_zero_point[-124]
/model.2/m/m.0/Add_output_0_scale[0.13558624684810638]
/model.2/cv2/conv/Conv_output_0_zero_point[68]
/model.2/cv2/conv/Conv_output_0_scale[0.7491454482078552]
model.2.cv2.conv.weight_scale[0.004412233363837004, 0.001956068677827716, 0.0037616502959281206, 0.005945510696619749, 0.0016878405585885048, 0.00983275007456541, 0.002433926332741976, 0.002442524768412113, 0.003938616719096899, 0.006336108781397343, 0.0051843817345798016, 0.004220358096063137, 0.0027709021233022213, 0.001938181696459651, 0.00119158742018044, 0.003143575042486191]
model.2.cv2.conv.weight_zero_point[0, 0, 0, 0, 0, 0, 0, 0, 0, 0, 0, 0, 0, 0, 0, 0]
model.2.cv2.conv.weight_quantized 查看对应txt文件
/model.2/cv2/act/Sigmoid_output_0_zero_point[-128]
/model.2/cv2/act/Sigmoid_output_0_scale[0.00392156932502985]
/model.2/cv2/act/Mul_output_0_zero_point[-126]
/model.2/cv2/act/Mul_output_0_scale[0.17557737231254578]
/model.2/Concat_output_0_zero_point[-125]
/model.2/Concat_output_0_scale[0.1766693890094757]
/model.2/cv3/conv/Conv_output_0_zero_point[-2]
/model.2/cv3/conv/Conv_output_0_scale[0.15615767240524292]
model.2.cv3.conv.weight_scale[0.0035595702938735485, 0.0044735451228916645, 0.0025956721510738134, 0.0035213101655244827, 0.002107109408825636, 0.0016644262941554189, 0.002413465641438961, 0.004732317291200161, 0.004432123154401779, 0.002865325193852186, 0.003591113956645131, 0.0024956443812698126, 0.0049134534783661366, 0.002306747017428279, 0.007105189375579357, 0.0016666606534272432, 0.002172615146264434, 0.004621601197868586, 0.0035712500102818012, 0.005630726460367441, 0.0023749645333737135, 0.003618526039645076, 0.0025101052597165108, 0.003255006391555071, 0.004095219541341066, 0.0025817384012043476, 0.0024558340664952993, 0.0017484170384705067, 0.004380063619464636, 0.0031334073282778263, 0.004499735310673714, 0.0033688985276967287]
model.2.cv3.conv.weight_zero_point[0, 0, 0, 0, 0, 0, 0, 0, 0, 0, 0, 0, 0, 0, 0, 0, 0, 0, 0, 0, 0, 0, 0, 0, 0, 0, 0, 0, 0, 0, 0, 0]
model.2.cv3.conv.weight_quantized 查看对应txt文件
/model.2/cv3/act/Sigmoid_output_0_zero_point[-128]
/model.2/cv3/act/Sigmoid_output_0_scale[0.003921568859368563]
/model.2/cv3/act/Mul_output_0_zero_point[-125]
/model.2/cv3/act/Mul_output_0_scale[0.07983190566301346]
/model.3/conv/Conv_output_0_zero_point[37]
/model.3/conv/Conv_output_0_scale[0.11123563349246979]
model.3.conv.weight_scale[0.002003108849748969, 0.0025068463291972876, 0.0024119424633681774, 0.0019637001678347588, 0.001253032824024558, 0.002448467770591378, 0.0017890327144414186, 0.00209679058752954, 0.001625223201699555, 0.0015887849731370807, 0.0014690998941659927, 0.0010622681584209204, 0.0017899650847539306, 0.0018373135244473815, 0.0013174258638173342, 0.003014825750142336, 0.0006532903644256294, 0.0027306554839015007, 0.0009555195574648678, 0.0010998405050486326, 0.00226658396422863, 0.0022127642296254635, 0.0020768449176102877, 0.0011768069816753268, 0.0015957651194185019, 0.001411281991750002, 0.0014896978391334414, 0.000519808498211205, 0.0015782692935317755, 0.0018999071326106787, 0.0017840940272435546, 0.0012039411813020706, 0.0011830817675217986, 0.002077111741527915, 0.001155042089521885, 0.0007943205418996513, 0.0014431747840717435, 0.0009453353704884648, 0.001865220838226378, 0.0020491599570959806, 0.001990144606679678, 0.001685282913967967, 0.0008131024078465998, 0.0026656724512577057, 0.002532409969717264, 0.0013387353392317891, 0.0009182628709822893, 0.0022627997677773237, 0.0006688432767987251, 0.0015402691205963492, 0.0007886025705374777, 0.0015765238786116242, 0.003277297131717205, 0.0011437623761594296, 0.001761677791364491, 0.0017112322384491563, 0.0015633439179509878, 0.0020661570597440004, 0.0013691462809219956, 0.0011885096319019794, 0.0008582699811086059, 0.0017725102370604873, 0.0020092313643544912, 0.002185526769608259]
model.3.conv.weight_zero_point[0, 0, 0, 0, 0, 0, 0, 0, 0, 0, 0, 0, 0, 0, 0, 0, 0, 0, 0, 0, 0, 0, 0, 0, 0, 0, 0, 0, 0, 0, 0, 0, 0, 0, 0, 0, 0, 0, 0, 0, 0, 0, 0, 0, 0, 0, 0, 0, 0, 0, 0, 0, 0, 0, 0, 0, 0, 0, 0, 0, 0, 0, 0, 0]
model.3.conv.weight_quantized 查看对应txt文件
/model.3/act/Sigmoid_output_0_zero_point[-128]
/model.3/act/Sigmoid_output_0_scale[0.003921400289982557]
/model.3/act/Mul_output_0_zero_point[-121]
/model.3/act/Mul_output_0_scale[0.04053259268403053]
/model.4/cv1/conv/Conv_output_0_zero_point[29]
/model.4/cv1/conv/Conv_output_0_scale[0.04258735477924347]
model.4.cv1.conv.weight_scale[0.0011188819771632552, 0.001373541308566928, 0.0018706981791183352, 0.002490740269422531, 0.002601322717964649, 0.002232712460681796, 0.0017972426721826196, 0.003559198696166277, 0.0016944094095379114, 0.0012817659880965948, 0.0028899323660880327, 0.0028381485026329756, 0.0013349395012483, 0.002194276312366128, 0.0012918930733576417, 0.0020191629882901907, 0.0017651055241003633, 0.001955342246219516, 0.00319189066067338, 0.004106807988137007, 0.0034321334678679705, 0.0031462032347917557, 0.0009912182576954365, 0.00299107376486063, 0.001457902486436069, 0.0014501785626634955, 0.0016659107059240341, 0.001903583062812686, 0.0015190591802820563, 0.0014725875807926059, 0.0014263571938499808, 0.0009516851860098541]
model.4.cv1.conv.weight_zero_point[0, 0, 0, 0, 0, 0, 0, 0, 0, 0, 0, 0, 0, 0, 0, 0, 0, 0, 0, 0, 0, 0, 0, 0, 0, 0, 0, 0, 0, 0, 0, 0]
model.4.cv1.conv.weight_quantized 查看对应txt文件
/model.4/cv1/act/Sigmoid_output_0_zero_point[-128]
/model.4/cv1/act/Sigmoid_output_0_scale[0.0038625525776296854]
/model.4/cv1/act/Mul_output_0_zero_point[-112]
/model.4/cv1/act/Mul_output_0_scale[0.01724240742623806]
/model.4/m/m.0/cv1/conv/Conv_output_0_zero_point[1]
/model.4/m/m.0/cv1/conv/Conv_output_0_scale[0.07075033336877823]
model.4.m.0.cv1.conv.weight_scale[0.0071361009031534195, 0.009071208536624908, 0.008414524607360363, 0.006763935554772615, 0.010469588451087475, 0.006600503344088793, 0.009954207576811314, 0.00802210345864296, 0.012510601431131363, 0.009792531840503216, 0.00837730709463358, 0.008513652719557285, 0.014344276860356331, 0.005776682868599892, 0.006036331411451101, 0.008439377881586552, 0.012881656177341938, 0.012088366784155369, 0.015500001609325409, 0.01576760970056057, 0.010948097333312035, 0.008359494619071484, 0.008678898215293884, 0.013327836990356445, 0.008210349828004837, 0.013108507730066776, 0.012540669180452824, 0.00582073163241148, 0.013110486790537834, 0.00801028311252594, 0.010026206262409687, 0.008806650526821613]
model.4.m.0.cv1.conv.weight_zero_point[0, 0, 0, 0, 0, 0, 0, 0, 0, 0, 0, 0, 0, 0, 0, 0, 0, 0, 0, 0, 0, 0, 0, 0, 0, 0, 0, 0, 0, 0, 0, 0]
model.4.m.0.cv1.conv.weight_quantized 查看对应txt文件
/model.4/m/m.0/cv1/act/Sigmoid_output_0_zero_point[-128]
/model.4/m/m.0/cv1/act/Sigmoid_output_0_scale[0.003921041265130043]
/model.4/m/m.0/cv1/act/Mul_output_0_zero_point[-120]
/model.4/m/m.0/cv1/act/Mul_output_0_scale[0.036044783890247345]
/model.4/m/m.0/cv2/conv/Conv_output_0_zero_point[6]
/model.4/m/m.0/cv2/conv/Conv_output_0_scale[0.06189025565981865]
model.4.m.0.cv2.conv.weight_scale[0.001967729302123189, 0.0041978550143539906, 0.002452459651976824, 0.001971994759514928, 0.00250746076926589, 0.0025702002458274364, 0.001130158663727343, 0.0027177007868885994, 0.0034629397559911013, 0.0022597904317080975, 0.003588874125853181, 0.0046471357345581055, 0.004219703376293182, 0.0014610635116696358, 0.002651415066793561, 0.0016152276657521725, 0.0015913058305159211, 0.001313970540650189, 0.002840162953361869, 0.002619038335978985, 0.002447842387482524, 0.004074911121279001, 0.0016805557534098625, 0.002627232111990452, 0.002623149659484625, 0.0024559772573411465, 0.0029365515802055597, 0.002279441338032484, 0.0028822175227105618, 0.001073792576789856, 0.003875735215842724, 0.001287975232116878]
model.4.m.0.cv2.conv.weight_zero_point[0, 0, 0, 0, 0, 0, 0, 0, 0, 0, 0, 0, 0, 0, 0, 0, 0, 0, 0, 0, 0, 0, 0, 0, 0, 0, 0, 0, 0, 0, 0, 0]
model.4.m.0.cv2.conv.weight_quantized 查看对应txt文件
/model.4/m/m.0/cv2/act/Sigmoid_output_0_zero_point[-128]
/model.4/m/m.0/cv2/act/Sigmoid_output_0_scale[0.003919332288205624]
/model.4/m/m.0/cv2/act/Mul_output_0_zero_point[-119]
/model.4/m/m.0/cv2/act/Mul_output_0_scale[0.03036486729979515]
/model.4/m/m.0/Add_output_0_zero_point[-110]
/model.4/m/m.0/Add_output_0_scale[0.031265124678611755]
/model.4/m/m.1/cv1/conv/Conv_output_0_zero_point[12]
/model.4/m/m.1/cv1/conv/Conv_output_0_scale[0.05973760411143303]
model.4.m.1.cv1.conv.weight_scale[0.0055037131533026695, 0.005294529255479574, 0.00466218451038003, 0.006775252055376768, 0.005800304468721151, 0.010650324635207653, 0.0036508094053715467, 0.005494431592524052, 0.0036345147527754307, 0.004763265140354633, 0.004908106755465269, 0.0053419084288179874, 0.005893063731491566, 0.010910500772297382, 0.004499650094658136, 0.005508863367140293, 0.003766741370782256, 0.00670143635943532, 0.005188666749745607, 0.005296848714351654, 0.0028012690600007772, 0.005168048664927483, 0.004303922411054373, 0.008489239029586315, 0.005016665440052748, 0.0077495151199400425, 0.004651044961065054, 0.0043926965445280075, 0.005016838666051626, 0.003435343038290739, 0.003547554137185216, 0.005464050453156233]
model.4.m.1.cv1.conv.weight_zero_point[0, 0, 0, 0, 0, 0, 0, 0, 0, 0, 0, 0, 0, 0, 0, 0, 0, 0, 0, 0, 0, 0, 0, 0, 0, 0, 0, 0, 0, 0, 0, 0]
model.4.m.1.cv1.conv.weight_quantized 查看对应txt文件
/model.4/m/m.1/cv1/act/Sigmoid_output_0_zero_point[-128]
/model.4/m/m.1/cv1/act/Sigmoid_output_0_scale[0.003917415626347065]
/model.4/m/m.1/cv1/act/Mul_output_0_zero_point[-118]
/model.4/m/m.1/cv1/act/Mul_output_0_scale[0.027923522517085075]
/model.4/m/m.1/cv2/conv/Conv_output_0_zero_point[8]
/model.4/m/m.1/cv2/conv/Conv_output_0_scale[0.10112123936414719]
model.4.m.1.cv2.conv.weight_scale[0.004483249969780445, 0.003844363847747445, 0.003389100544154644, 0.003049213206395507, 0.003200969658792019, 0.0037604947574436665, 0.002385120140388608, 0.0032366723753511906, 0.005970590747892857, 0.0043401699513196945, 0.004801017232239246, 0.0023697803262621164, 0.004601783584803343, 0.005673270672559738, 0.003277714131399989, 0.00254540191963315, 0.0025607706047594547, 0.0031508090905845165, 0.004603529814630747, 0.0038193208165466785, 0.005173991899937391, 0.003532877890393138, 0.0025766543112695217, 0.002386239357292652, 0.005184371490031481, 0.005776751320809126, 0.006974644493311644, 0.003680510213598609, 0.004891207441687584, 0.003204975975677371, 0.003154635662212968, 0.0029811281710863113]
model.4.m.1.cv2.conv.weight_zero_point[0, 0, 0, 0, 0, 0, 0, 0, 0, 0, 0, 0, 0, 0, 0, 0, 0, 0, 0, 0, 0, 0, 0, 0, 0, 0, 0, 0, 0, 0, 0, 0]
model.4.m.1.cv2.conv.weight_quantized 查看对应txt文件
/model.4/m/m.1/cv2/act/Sigmoid_output_0_zero_point[-128]
/model.4/m/m.1/cv2/act/Sigmoid_output_0_scale[0.00392154511064291]
/model.4/m/m.1/cv2/act/Mul_output_0_zero_point[-122]
/model.4/m/m.1/cv2/act/Mul_output_0_scale[0.048275697976350784]
/model.4/m/m.1/Add_output_0_zero_point[-113]
/model.4/m/m.1/Add_output_0_scale[0.0565861277282238]
/model.4/cv2/conv/Conv_output_0_zero_point[8]
/model.4/cv2/conv/Conv_output_0_scale[0.11438139528036118]
model.4.cv2.conv.weight_scale[0.005924830213189125, 0.009388097561895847, 0.003120745997875929, 0.004156671464443207, 0.005276630632579327, 0.0058756303042173386, 0.0048354631289839745, 0.004442248027771711, 0.006019410211592913, 0.009870869107544422, 0.005583181977272034, 0.00709793996065855, 0.011977837421000004, 0.01287042535841465, 0.010581038892269135, 0.011762185022234917, 0.003951703198254108, 0.004844408016651869, 0.01123848743736744, 0.004582367371767759, 0.00808662548661232, 0.003368070814758539, 0.0042357053607702255, 0.004612029064446688, 0.008491265587508678, 0.008630995638668537, 0.006565116811543703, 0.004949949216097593, 0.008945304900407791, 0.005489203613251448, 0.00515737384557724, 0.0059006414376199245]
model.4.cv2.conv.weight_zero_point[0, 0, 0, 0, 0, 0, 0, 0, 0, 0, 0, 0, 0, 0, 0, 0, 0, 0, 0, 0, 0, 0, 0, 0, 0, 0, 0, 0, 0, 0, 0, 0]
model.4.cv2.conv.weight_quantized 查看对应txt文件
/model.4/cv2/act/Sigmoid_output_0_zero_point[-128]
/model.4/cv2/act/Sigmoid_output_0_scale[0.003921563271433115]
/model.4/cv2/act/Mul_output_0_zero_point[-123]
/model.4/cv2/act/Mul_output_0_scale[0.054372597485780716]
/model.4/Concat_output_0_zero_point[-113]
/model.4/Concat_output_0_scale[0.0565861277282238]
/model.4/cv3/conv/Conv_output_0_zero_point[3]
/model.4/cv3/conv/Conv_output_0_scale[0.07515019178390503]
model.4.cv3.conv.weight_scale[0.0033783528488129377, 0.0030115905683487654, 0.0015240840148180723, 0.0023412846494466066, 0.0049242195673286915, 0.0018476275727152824, 0.002265275688841939, 0.0035529835149645805, 0.0028665282297879457, 0.002043728018179536, 0.002885736059397459, 0.003942855633795261, 0.0038720809388905764, 0.0036853079218417406, 0.004080634098500013, 0.0017628243658691645, 0.0028007510118186474, 0.0018232605652883649, 0.0027693144511431456, 0.001945646246895194, 0.004044182598590851, 0.0018091085366904736, 0.002452349290251732, 0.001893104170449078, 0.004391864873468876, 0.002334845717996359, 0.00317325908690691, 0.0024837797973304987, 0.0026798692997545004, 0.002478233305737376, 0.002390202833339572, 0.0027484213933348656, 0.0019339717691764235, 0.002442248398438096, 0.0030660254415124655, 0.0015280694933608174, 0.0041476828046143055, 0.0021047904156148434, 0.002864514710381627, 0.004043896682560444, 0.003587589366361499, 0.0018163315253332257, 0.0027356077916920185, 0.003470789873972535, 0.0030404727440327406, 0.0038574349600821733, 0.002829160774126649, 0.0013821240281686187, 0.0034332871437072754, 0.0015803914284333587, 0.0027609297540038824, 0.0018124404596164823, 0.0016375670675188303, 0.002953873947262764, 0.0036594306584447622, 0.0011285560904070735, 0.002457202645018697, 0.0029028865974396467, 0.0025321166031062603, 0.0021762815304100513, 0.0029850115533918142, 0.002404181519523263, 0.004086768254637718, 0.001583715551532805]
model.4.cv3.conv.weight_zero_point[0, 0, 0, 0, 0, 0, 0, 0, 0, 0, 0, 0, 0, 0, 0, 0, 0, 0, 0, 0, 0, 0, 0, 0, 0, 0, 0, 0, 0, 0, 0, 0, 0, 0, 0, 0, 0, 0, 0, 0, 0, 0, 0, 0, 0, 0, 0, 0, 0, 0, 0, 0, 0, 0, 0, 0, 0, 0, 0, 0, 0, 0, 0, 0]
model.4.cv3.conv.weight_quantized 查看对应txt文件
/model.4/cv3/act/Sigmoid_output_0_zero_point[-128]
/model.4/cv3/act/Sigmoid_output_0_scale[0.003921220079064369]
/model.4/cv3/act/Mul_output_0_zero_point[-121]
/model.4/cv3/act/Mul_output_0_scale[0.03766931593418121]
/model.5/conv/Conv_output_0_zero_point[41]
/model.5/conv/Conv_output_0_scale[0.0921393558382988]
model.5.conv.weight_scale[0.0013294866075739264, 0.0010180320823565125, 0.002515527419745922, 0.0027753105387091637, 0.0010440489277243614, 0.0021365045104175806, 0.0023348010145127773, 0.0019446127116680145, 0.0018891142681241035, 0.0025694770738482475, 0.002109602792188525, 0.0020404455717653036, 0.00220147124491632, 0.0017857425846159458, 0.0020401820074766874, 0.0020495145581662655, 0.0021380663383752108, 0.0026250192895531654, 0.002958441385999322, 0.0026619427371770144, 0.002233122242614627, 0.003421932924538851, 0.0013197573134675622, 0.0020968462340533733, 0.0015998960006982088, 0.002898671431466937, 0.0038681377191096544, 0.0020583518780767918, 0.0013190092286095023, 0.002240160945802927, 0.0016922778449952602, 0.0029426126275211573, 0.0034558086190372705, 0.0019991137087345123, 0.006721924524754286, 0.002957395277917385, 0.0009753479389473796, 0.0012507010251283646, 0.002059770515188575, 0.0021928148344159126, 0.0019194294000044465, 0.002746589481830597, 0.001454835175536573, 0.003024777164682746, 0.003271204885095358, 0.0024458030238747597, 0.0024144051130861044, 0.0017056495416909456, 0.001436432939954102, 0.002377351513132453, 0.0009709227015264332, 0.002712596207857132, 0.002574695972725749, 0.0012787834275513887, 0.006423095241189003, 0.0010965813416987658, 0.0021043415181338787, 0.0022138964850455523, 0.002364085055887699, 0.002090698340907693, 0.0024449739139527082, 0.001185699482448399, 0.0013337248237803578, 0.0015530589735135436, 0.004132451023906469, 0.0018418933032080531, 0.002602445660158992, 0.0010869455290958285, 0.0017702545737847686, 0.002059397753328085, 0.0020990956109017134, 0.0015492300735786557, 0.0017974241636693478, 0.0017506094882264733, 0.002133600413799286, 0.0014409468276426196, 0.00516548240557313, 0.0014643707545474172, 0.00300489435903728, 0.0025176971685141325, 0.001778821344487369, 0.0027314689941704273, 0.0011499635875225067, 0.001557058421894908, 0.004001331515610218, 0.002413214882835746, 0.002200628397986293, 0.0037410848308354616, 0.0013966418337076902, 0.002877405844628811, 0.0018453937955200672, 0.0017096345545724034, 0.001781660015694797, 0.0020003407262265682, 0.0018895959947258234, 0.001966763287782669, 0.0038039826322346926, 0.0009832442738115788, 0.0019277500687167048, 0.0018921128939837217, 0.001863481244072318, 0.0013545140391215682, 0.0015155505388975143, 0.008075139485299587, 0.002086134860292077, 0.0044538541696965694, 0.002307427814230323, 0.0018704073736444116, 0.0013526652473956347, 0.002942802617326379, 0.003006978193297982, 0.0011033799964934587, 0.0031297688838094473, 0.0013987973798066378, 0.0019380400190129876, 0.0016735034296289086, 0.0015318444930016994, 0.001444672467187047, 0.002611593808978796, 0.0011472605401650071, 0.0013075119350105524, 0.0012356160441413522, 0.00319246225990355, 0.0008459772798232734, 0.0017549511976540089, 0.0026058664079755545, 0.0012770375469699502, 0.0021502331364899874]
model.5.conv.weight_zero_point[0, 0, 0, 0, 0, 0, 0, 0, 0, 0, 0, 0, 0, 0, 0, 0, 0, 0, 0, 0, 0, 0, 0, 0, 0, 0, 0, 0, 0, 0, 0, 0, 0, 0, 0, 0, 0, 0, 0, 0, 0, 0, 0, 0, 0, 0, 0, 0, 0, 0, 0, 0, 0, 0, 0, 0, 0, 0, 0, 0, 0, 0, 0, 0, 0, 0, 0, 0, 0, 0, 0, 0, 0, 0, 0, 0, 0, 0, 0, 0, 0, 0, 0, 0, 0, 0, 0, 0, 0, 0, 0, 0, 0, 0, 0, 0, 0, 0, 0, 0, 0, 0, 0, 0, 0, 0, 0, 0, 0, 0, 0, 0, 0, 0, 0, 0, 0, 0, 0, 0, 0, 0, 0, 0, 0, 0, 0, 0]
model.5.conv.weight_quantized 查看对应txt文件
/model.5/act/Sigmoid_output_0_zero_point[-128]
/model.5/act/Sigmoid_output_0_scale[0.003920142073184252]
/model.5/act/Mul_output_0_zero_point[-119]
/model.5/act/Mul_output_0_scale[0.03213435038924217]
/model.6/cv1/conv/Conv_output_0_zero_point[47]
/model.6/cv1/conv/Conv_output_0_scale[0.0444415807723999]
model.6.cv1.conv.weight_scale[0.004115911666303873, 0.001866796868853271, 0.0012404366862028837, 0.0013572672614827752, 0.001231342670507729, 0.003085826989263296, 0.0010393995326012373, 0.001712008728645742, 0.0010083989473059773, 0.0022468334063887596, 0.0036355548072606325, 0.001357332686893642, 0.004128634463995695, 0.0013781514717265964, 0.002809785772114992, 0.001245778170414269, 0.001977848820388317, 0.0012893989915028214, 0.0013055048184469342, 0.0016948372358456254, 0.0018985021160915494, 0.0020868151914328337, 0.0010323632741346955, 0.0042711165733635426, 0.002980737015604973, 0.0009632784640416503, 0.0019892798736691475, 0.0015383154386654496, 0.001405048999004066, 0.0012483085738494992, 0.0018501260783523321, 0.001506358734332025, 0.0033391271717846394, 0.0025882262270897627, 0.0023289253003895283, 0.0025042258203029633, 0.0016376172425225377, 0.0011453096522018313, 0.002600508276373148, 0.0018052456434816122, 0.0013837596634402871, 0.0011140948627144098, 0.0015503927133977413, 0.004168285056948662, 0.0015180922346189618, 0.0009787878952920437, 0.0010351547971367836, 0.0012624389491975307, 0.0022866500075906515, 0.0009840719867497683, 0.0015221944777294993, 0.0014272098196670413, 0.001942823058925569, 0.001915025059133768, 0.0028893824201077223, 0.0012719734804704785, 0.0021694700699299574, 0.0030458741821348667, 0.0018787049921229482, 0.0014805770479142666, 0.0018990905955433846, 0.003345553996041417, 0.0008545689634047449, 0.0027688276022672653]
model.6.cv1.conv.weight_zero_point[0, 0, 0, 0, 0, 0, 0, 0, 0, 0, 0, 0, 0, 0, 0, 0, 0, 0, 0, 0, 0, 0, 0, 0, 0, 0, 0, 0, 0, 0, 0, 0, 0, 0, 0, 0, 0, 0, 0, 0, 0, 0, 0, 0, 0, 0, 0, 0, 0, 0, 0, 0, 0, 0, 0, 0, 0, 0, 0, 0, 0, 0, 0, 0]
model.6.cv1.conv.weight_quantized 查看对应txt文件
/model.6/cv1/act/Sigmoid_output_0_zero_point[-128]
/model.6/cv1/act/Sigmoid_output_0_scale[0.003812826471403241]
/model.6/cv1/act/Mul_output_0_zero_point[-109]
/model.6/cv1/act/Mul_output_0_scale[0.014654796570539474]
/model.6/m/m.0/cv1/conv/Conv_output_0_zero_point[-28]
/model.6/m/m.0/cv1/conv/Conv_output_0_scale[0.09935732185840607]
model.6.m.0.cv1.conv.weight_scale[0.012202354148030281, 0.011489532887935638, 0.016291476786136627, 0.02136971242725849, 0.0068128593266010284, 0.019801722839474678, 0.01650288701057434, 0.008687980473041534, 0.020883237943053246, 0.021160440519452095, 0.013964440673589706, 0.010197062976658344, 0.015106561593711376, 0.011383825913071632, 0.013560746796429157, 0.013161513023078442, 0.016284795477986336, 0.01238007377833128, 0.01628352515399456, 0.012502369470894337, 0.015085380524396896, 0.017410483211278915, 0.019324010238051414, 0.0289301760494709, 0.02202438749372959, 0.017078282311558723, 0.010470585897564888, 0.017042135819792747, 0.021388158202171326, 0.017696235328912735, 0.011264671571552753, 0.01350308582186699, 0.013240248896181583, 0.009604070335626602, 0.01126269344240427, 0.012860620394349098, 0.014112391509115696, 0.01386633887887001, 0.01781821995973587, 0.013404605910182, 0.016051199287176132, 0.012694763019680977, 0.017210692167282104, 0.0255657359957695, 0.01930580660700798, 0.015898259356617928, 0.01945030502974987, 0.017566533759236336, 0.012316659092903137, 0.014244794845581055, 0.020655842497944832, 0.011339182034134865, 0.013246877118945122, 0.021117422729730606, 0.017284691333770752, 0.02561011165380478, 0.015667486935853958, 0.013069037348031998, 0.023135101422667503, 0.00944891944527626, 0.0156430471688509, 0.018166907131671906, 0.015458875335752964, 0.013830119743943214]
model.6.m.0.cv1.conv.weight_zero_point[0, 0, 0, 0, 0, 0, 0, 0, 0, 0, 0, 0, 0, 0, 0, 0, 0, 0, 0, 0, 0, 0, 0, 0, 0, 0, 0, 0, 0, 0, 0, 0, 0, 0, 0, 0, 0, 0, 0, 0, 0, 0, 0, 0, 0, 0, 0, 0, 0, 0, 0, 0, 0, 0, 0, 0, 0, 0, 0, 0, 0, 0, 0, 0]
model.6.m.0.cv1.conv.weight_quantized 查看对应txt文件
/model.6/m/m.0/cv1/act/Sigmoid_output_0_zero_point[-128]
/model.6/m/m.0/cv1/act/Sigmoid_output_0_scale[0.003921567462384701]
/model.6/m/m.0/cv1/act/Mul_output_0_zero_point[-123]
/model.6/m/m.0/cv1/act/Mul_output_0_scale[0.06158854812383652]
/model.6/m/m.0/cv2/conv/Conv_output_0_zero_point[32]
/model.6/m/m.0/cv2/conv/Conv_output_0_scale[0.04386682063341141]
model.6.m.0.cv2.conv.weight_scale[0.002655591117218137, 0.0005092709907330573, 0.001761743100360036, 0.0010469596600160003, 0.0007534099277108908, 0.0015205985400825739, 0.0005834423354826868, 0.0009648487321101129, 0.0012113087577745318, 0.0012788185849785805, 0.0010014832951128483, 0.0011352002620697021, 0.0016233758069574833, 0.001288306200876832, 0.001154587953351438, 0.0008672832045704126, 0.0006663065869361162, 0.0008068139431998134, 0.001264564460143447, 0.0011464538984000683, 0.0013626166619360447, 0.0010760044679045677, 0.0010790018131956458, 0.0011648593936115503, 0.0012116291327401996, 0.0013145217671990395, 0.0007554000476375222, 0.0004988866276107728, 0.0005262214108370245, 0.001079617184586823, 0.0007670320337638259, 0.0007918425835669041, 0.0008940611151047051, 0.0010273315710946918, 0.0006754208588972688, 0.0011968654580414295, 0.0006148640532046556, 0.0005797265330329537, 0.001277921604923904, 0.0007088821730576456, 0.0011047115549445152, 0.0017726665828377008, 0.0010278596309944987, 0.0015029084170237184, 0.0012934076366946101, 0.0011770955752581358, 0.0010950991418212652, 0.001508113113231957, 0.0009734658524394035, 0.0005638776929117739, 0.0012360360706225038, 0.0008429490844719112, 0.001016716007143259, 0.001038797665387392, 0.0017883807886391878, 0.0008220518939197063, 0.0016068717231974006, 0.0007816643337719142, 0.0012341722613200545, 0.0011291299015283585, 0.0007355515845119953, 0.000966468418482691, 0.0004732577071990818, 0.0008528719772584736]
model.6.m.0.cv2.conv.weight_zero_point[0, 0, 0, 0, 0, 0, 0, 0, 0, 0, 0, 0, 0, 0, 0, 0, 0, 0, 0, 0, 0, 0, 0, 0, 0, 0, 0, 0, 0, 0, 0, 0, 0, 0, 0, 0, 0, 0, 0, 0, 0, 0, 0, 0, 0, 0, 0, 0, 0, 0, 0, 0, 0, 0, 0, 0, 0, 0, 0, 0, 0, 0, 0, 0]
model.6.m.0.cv2.conv.weight_quantized 查看对应txt文件
/model.6/m/m.0/cv2/act/Sigmoid_output_0_zero_point[-128]
/model.6/m/m.0/cv2/act/Sigmoid_output_0_scale[0.003862296463921666]
/model.6/m/m.0/cv2/act/Mul_output_0_zero_point[-112]
/model.6/m/m.0/cv2/act/Mul_output_0_scale[0.017224350944161415]
/model.6/m/m.0/Add_output_0_zero_point[-106]
/model.6/m/m.0/Add_output_0_scale[0.025064215064048767]
/model.6/m/m.1/cv1/conv/Conv_output_0_zero_point[9]
/model.6/m/m.1/cv1/conv/Conv_output_0_scale[0.07833225280046463]
model.6.m.1.cv1.conv.weight_scale[0.008257431909441948, 0.008132006041705608, 0.007880881428718567, 0.008370377123355865, 0.007845285348594189, 0.012400493957102299, 0.004062903579324484, 0.009970844723284245, 0.007346402853727341, 0.00964362546801567, 0.005689489189535379, 0.0073913708329200745, 0.010370060801506042, 0.007084087003022432, 0.01609896682202816, 0.00690270634368062, 0.006672759540379047, 0.013003704138100147, 0.008687663823366165, 0.009140717796981335, 0.010826151818037033, 0.009129883721470833, 0.011149055324494839, 0.008122346363961697, 0.01269914023578167, 0.007867789827287197, 0.013272333890199661, 0.009552177041769028, 0.007131116930395365, 0.006184570025652647, 0.013684730976819992, 0.015286722220480442, 0.007899291813373566, 0.0062524848617613316, 0.017390303313732147, 0.007676634006202221, 0.00787354912608862, 0.00917245913296938, 0.010892595164477825, 0.00824908260256052, 0.014087696559727192, 0.008842165581882, 0.00834289938211441, 0.010032202117145061, 0.010212311521172523, 0.006082376465201378, 0.008929943665862083, 0.008679197169840336, 0.0063314372673630714, 0.008192493580281734, 0.012286544777452946, 0.007827116176486015, 0.010809824801981449, 0.01506915781646967, 0.007619454991072416, 0.007075617089867592, 0.005186351947486401, 0.00891911517828703, 0.008218834176659584, 0.007352275773882866, 0.010290078818798065, 0.008126622065901756, 0.006572038400918245, 0.010236270725727081]
model.6.m.1.cv1.conv.weight_zero_point[0, 0, 0, 0, 0, 0, 0, 0, 0, 0, 0, 0, 0, 0, 0, 0, 0, 0, 0, 0, 0, 0, 0, 0, 0, 0, 0, 0, 0, 0, 0, 0, 0, 0, 0, 0, 0, 0, 0, 0, 0, 0, 0, 0, 0, 0, 0, 0, 0, 0, 0, 0, 0, 0, 0, 0, 0, 0, 0, 0, 0, 0, 0, 0]
model.6.m.1.cv1.conv.weight_quantized 查看对应txt文件
/model.6/m/m.1/cv1/act/Sigmoid_output_0_zero_point[-128]
/model.6/m/m.1/cv1/act/Sigmoid_output_0_scale[0.00392118189483881]
/model.6/m/m.1/cv1/act/Mul_output_0_zero_point[-121]
/model.6/m/m.1/cv1/act/Mul_output_0_scale[0.037262871861457825]
/model.6/m/m.1/cv2/conv/Conv_output_0_zero_point[2]
/model.6/m/m.1/cv2/conv/Conv_output_0_scale[0.06850580871105194]
model.6.m.1.cv2.conv.weight_scale[0.004820297937840223, 0.0016491711139678955, 0.0021608166862279177, 0.0014288470847532153, 0.00147168745752424, 0.002483333693817258, 0.0016435019206255674, 0.0029319794848561287, 0.0020928748417645693, 0.0024073731619864702, 0.0019092061556875706, 0.0015920978039503098, 0.0013490872224792838, 0.0020164938177913427, 0.0017185165779665112, 0.0020237346179783344, 0.0016038506291806698, 0.0015717437490820885, 0.0011661172611638904, 0.0015610820846632123, 0.0020664914045482874, 0.0011795505415648222, 0.0013371920213103294, 0.0013065665261819959, 0.002078808844089508, 0.002190590836107731, 0.0012696279445663095, 0.0014123930595815182, 0.0026386380195617676, 0.0015026845503598452, 0.001687676296569407, 0.0015394743531942368, 0.001623193034902215, 0.0015872520161792636, 0.0011299619218334556, 0.002200168091803789, 0.0016448743408545852, 0.0014727857196703553, 0.002331377472728491, 0.002275777980685234, 0.0021209721453487873, 0.003965145908296108, 0.0010781596647575498, 0.001668429933488369, 0.0031896012369543314, 0.0019886386580765247, 0.0015278412029147148, 0.0015275365440174937, 0.0016466272063553333, 0.001844007521867752, 0.0023658808786422014, 0.002435271395370364, 0.001479222089983523, 0.0017306493828073144, 0.0015718524809926748, 0.0016662230482324958, 0.0018276823684573174, 0.002230634680017829, 0.004652762319892645, 0.0016659825341776013, 0.0008295772131532431, 0.0022404631599783897, 0.0022107793483883142, 0.0018133113626390696]
model.6.m.1.cv2.conv.weight_zero_point[0, 0, 0, 0, 0, 0, 0, 0, 0, 0, 0, 0, 0, 0, 0, 0, 0, 0, 0, 0, 0, 0, 0, 0, 0, 0, 0, 0, 0, 0, 0, 0, 0, 0, 0, 0, 0, 0, 0, 0, 0, 0, 0, 0, 0, 0, 0, 0, 0, 0, 0, 0, 0, 0, 0, 0, 0, 0, 0, 0, 0, 0, 0, 0]
model.6.m.1.cv2.conv.weight_quantized 查看对应txt文件
/model.6/m/m.1/cv2/act/Sigmoid_output_0_zero_point[-128]
/model.6/m/m.1/cv2/act/Sigmoid_output_0_scale[0.0039208270609378815]
/model.6/m/m.1/cv2/act/Mul_output_0_zero_point[-120]
/model.6/m/m.1/cv2/act/Mul_output_0_scale[0.0347057469189167]
/model.6/m/m.1/Add_output_0_zero_point[-113]
/model.6/m/m.1/Add_output_0_scale[0.053966183215379715]
/model.6/m/m.2/cv1/conv/Conv_output_0_zero_point[-20]
/model.6/m/m.2/cv1/conv/Conv_output_0_scale[0.08189462870359421]
model.6.m.2.cv1.conv.weight_scale[0.004488773178309202, 0.003416067222133279, 0.0025123190134763718, 0.005452589597553015, 0.004206819925457239, 0.00488821417093277, 0.002992707770317793, 0.004968998953700066, 0.006738622207194567, 0.001813701819628477, 0.00304873357526958, 0.005521193612366915, 0.0035475315526127815, 0.0046250345185399055, 0.003624881850555539, 0.004857004154473543, 0.004018858540803194, 0.006172176916152239, 0.005343195982277393, 0.008053379133343697, 0.00646545784547925, 0.004139955621212721, 0.005638493690639734, 0.005414016079157591, 0.004717192146927118, 0.004397884476929903, 0.005408239550888538, 0.004518796224147081, 0.004622797016054392, 0.0038833857979625463, 0.0054824333637952805, 0.003149609547108412, 0.003482177620753646, 0.004590321332216263, 0.0036522315349429846, 0.004511782433837652, 0.004473252687603235, 0.004652810748666525, 0.004928616341203451, 0.004792550578713417, 0.00528623815625906, 0.0039850398898124695, 0.0043153720907866955, 0.004494872875511646, 0.003964781295508146, 0.003933287691324949, 0.003997580613940954, 0.003584036836400628, 0.007645620033144951, 0.0029684545006603003, 0.007104561198502779, 0.0048667388036847115, 0.005561641417443752, 0.004229861777275801, 0.006844606716185808, 0.0034728548489511013, 0.006032994948327541, 0.003962678834795952, 0.004792637657374144, 0.004210577346384525, 0.00451457966119051, 0.00415351428091526, 0.0039094313979148865, 0.0044275932013988495]
model.6.m.2.cv1.conv.weight_zero_point[0, 0, 0, 0, 0, 0, 0, 0, 0, 0, 0, 0, 0, 0, 0, 0, 0, 0, 0, 0, 0, 0, 0, 0, 0, 0, 0, 0, 0, 0, 0, 0, 0, 0, 0, 0, 0, 0, 0, 0, 0, 0, 0, 0, 0, 0, 0, 0, 0, 0, 0, 0, 0, 0, 0, 0, 0, 0, 0, 0, 0, 0, 0, 0]
model.6.m.2.cv1.conv.weight_quantized 查看对应txt文件
/model.6/m/m.2/cv1/act/Sigmoid_output_0_zero_point[-128]
/model.6/m/m.2/cv1/act/Sigmoid_output_0_scale[0.003921545576304197]
/model.6/m/m.2/cv1/act/Mul_output_0_zero_point[-122]
/model.6/m/m.2/cv1/act/Mul_output_0_scale[0.04832465201616287]
/model.6/m/m.2/cv2/conv/Conv_output_0_zero_point[1]
/model.6/m/m.2/cv2/conv/Conv_output_0_scale[0.09136250615119934]
model.6.m.2.cv2.conv.weight_scale[0.0031365524046123028, 0.0025990961585193872, 0.0028841812163591385, 0.001369994948618114, 0.0015464029274880886, 0.0027891534846276045, 0.0033630651887506247, 0.0019199956441298127, 0.0028360174037516117, 0.004610720090568066, 0.0012645849492400885, 0.0028248094022274017, 0.0021106430795043707, 0.0025042914785444736, 0.00318600214086473, 0.00201917695812881, 0.002648391993716359, 0.002276191022247076, 0.002566915936768055, 0.0026639949064701796, 0.002528282580897212, 0.0027163152117282152, 0.0027993395924568176, 0.002566493349149823, 0.002136658877134323, 0.002654705662280321, 0.0023310170508921146, 0.0014741916675120592, 0.0016688092146068811, 0.0026290826499462128, 0.0034875543788075447, 0.001738844788633287, 0.006910878233611584, 0.0017210125224664807, 0.0016398101579397917, 0.00280388374812901, 0.0018057475099340081, 0.0022110173013061285, 0.0029169160407036543, 0.0018189199035987258, 0.002449420979246497, 0.003129404503852129, 0.002320346888154745, 0.0027646974194794893, 0.00228237290866673, 0.0039900122210383415, 0.002061529317870736, 0.003030447755008936, 0.002492377068847418, 0.001541800214909017, 0.002945919521152973, 0.002652917755767703, 0.002675306051969528, 0.003335400251671672, 0.0032319524325430393, 0.002653380623087287, 0.0034144397359341383, 0.0024815001524984837, 0.004027824383229017, 0.002260098699480295, 0.0019683826249092817, 0.0029988351743668318, 0.002773069543763995, 0.002338224556297064]
model.6.m.2.cv2.conv.weight_zero_point[0, 0, 0, 0, 0, 0, 0, 0, 0, 0, 0, 0, 0, 0, 0, 0, 0, 0, 0, 0, 0, 0, 0, 0, 0, 0, 0, 0, 0, 0, 0, 0, 0, 0, 0, 0, 0, 0, 0, 0, 0, 0, 0, 0, 0, 0, 0, 0, 0, 0, 0, 0, 0, 0, 0, 0, 0, 0, 0, 0, 0, 0, 0, 0]
model.6.m.2.cv2.conv.weight_quantized 查看对应txt文件
/model.6/m/m.2/cv2/act/Sigmoid_output_0_zero_point[-128]
/model.6/m/m.2/cv2/act/Sigmoid_output_0_scale[0.003921529743820429]
/model.6/m/m.2/cv2/act/Mul_output_0_zero_point[-122]
/model.6/m/m.2/cv2/act/Mul_output_0_scale[0.04625935107469559]
/model.6/m/m.2/Add_output_0_zero_point[-111]
/model.6/m/m.2/Add_output_0_scale[0.06632009148597717]
/model.6/cv2/conv/Conv_output_0_zero_point[-5]
/model.6/cv2/conv/Conv_output_0_scale[0.10326669365167618]
model.6.cv2.conv.weight_scale[0.004808253608644009, 0.008205973543226719, 0.004235472530126572, 0.0062704673036932945, 0.005708299111574888, 0.005009850487112999, 0.007977079600095749, 0.004685200750827789, 0.003982496913522482, 0.008256635628640652, 0.006143104285001755, 0.005409962497651577, 0.004519590176641941, 0.004060773644596338, 0.0052335807122290134, 0.010003685019910336, 0.006573186255991459, 0.005193936172872782, 0.004700873978435993, 0.003762059146538377, 0.0045479838736355305, 0.005681497976183891, 0.005910180974751711, 0.007657558657228947, 0.004856735933572054, 0.005788353271782398, 0.010000578127801418, 0.004635345656424761, 0.008073840290307999, 0.004575760569423437, 0.005249698180705309, 0.00839887373149395, 0.007841567508876324, 0.005745843052864075, 0.006939633749425411, 0.004975034389644861, 0.007350471802055836, 0.004334384109824896, 0.00558734405785799, 0.007226741407066584, 0.006489581428468227, 0.0058605545200407505, 0.006555796600878239, 0.006267320364713669, 0.0068485974334180355, 0.003855916205793619, 0.004700266756117344, 0.004477733746170998, 0.00465469341725111, 0.007747584488242865, 0.003928865306079388, 0.008192278444766998, 0.0054978313855826855, 0.00633616279810667, 0.011918085627257824, 0.005820180755108595, 0.005450267344713211, 0.004926048684865236, 0.006813745480030775, 0.006008679512888193, 0.006753560155630112, 0.009044318459928036, 0.004901324398815632, 0.004289095755666494]
model.6.cv2.conv.weight_zero_point[0, 0, 0, 0, 0, 0, 0, 0, 0, 0, 0, 0, 0, 0, 0, 0, 0, 0, 0, 0, 0, 0, 0, 0, 0, 0, 0, 0, 0, 0, 0, 0, 0, 0, 0, 0, 0, 0, 0, 0, 0, 0, 0, 0, 0, 0, 0, 0, 0, 0, 0, 0, 0, 0, 0, 0, 0, 0, 0, 0, 0, 0, 0, 0]
model.6.cv2.conv.weight_quantized 查看对应txt文件
/model.6/cv2/act/Sigmoid_output_0_zero_point[-128]
/model.6/cv2/act/Sigmoid_output_0_scale[0.003921563737094402]
/model.6/cv2/act/Mul_output_0_zero_point[-123]
/model.6/cv2/act/Mul_output_0_scale[0.054348189383745193]
/model.6/Concat_output_0_zero_point[-111]
/model.6/Concat_output_0_scale[0.06632009148597717]
/model.6/cv3/conv/Conv_output_0_zero_point[-3]
/model.6/cv3/conv/Conv_output_0_scale[0.08040400594472885]
model.6.cv3.conv.weight_scale[0.002354150405153632, 0.0035053184255957603, 0.0013417587615549564, 0.002058061771094799, 0.004188730381429195, 0.0017165273893624544, 0.004504792392253876, 0.0011432748287916183, 0.0019653949420899153, 0.0015568193048238754, 0.0022250604815781116, 0.0030558970756828785, 0.002788449404761195, 0.0019010045798495412, 0.001050493330694735, 0.002656102878972888, 0.002755496185272932, 0.0021600439213216305, 0.0017984750447794795, 0.0014978174585849047, 0.0020202870946377516, 0.0025330998469144106, 0.0021476985421031713, 0.0036115495022386312, 0.0016525463433936238, 0.002807723358273506, 0.001810393761843443, 0.002273445250466466, 0.00396951986476779, 0.0022649187594652176, 0.0019652745686471462, 0.0010833371197804809, 0.0015586192021146417, 0.0025423187762498856, 0.0014923717826604843, 0.0031192139722406864, 0.0016664493596181273, 0.0013388694496825337, 0.0023666578345000744, 0.0027664739172905684, 0.001998703461140394, 0.002236762549728155, 0.002004550537094474, 0.0020381170324981213, 0.0017832823796197772, 0.0024355044588446617, 0.003321301192045212, 0.003012191504240036, 0.0019921723287552595, 0.0014931558398529887, 0.0015008815098553896, 0.0021889074705541134, 0.0011791979195550084, 0.002088907640427351, 0.0027125803753733635, 0.001675537321716547, 0.0023715996649116278, 0.0031871849205344915, 0.002690117107704282, 0.0017918187659233809, 0.0022870914544910192, 0.0031256398651748896, 0.002762512769550085, 0.0013784589245915413, 0.0030184367205947638, 0.001867897342890501, 0.0038416916504502296, 0.002310059731826186, 0.0026331234257668257, 0.003927881829440594, 0.0016787333879619837, 0.0024159373715519905, 0.002500611823052168, 0.0014462199760600924, 0.001427951268851757, 0.001230729161761701, 0.0020452411845326424, 0.0014906561700627208, 0.0026532539632171392, 0.002018247963860631, 0.002507813973352313, 0.0023934575729072094, 0.002526321914047003, 0.0026249021757394075, 0.00200667860917747, 0.0011431367602199316, 0.002278730971738696, 0.0013637321535497904, 0.0016851603286340833, 0.003551321104168892, 0.0020180284045636654, 0.002188619924709201, 0.0017665757331997156, 0.004960338585078716, 0.0021888159681111574, 0.0015598488971590996, 0.002723478013649583, 0.0016440496547147632, 0.0018424250883981586, 0.003029456129297614, 0.002271242905408144, 0.0017941484693437815, 0.002692633308470249, 0.003886057995259762, 0.0033523349557071924, 0.002538464032113552, 0.0014335928717628121, 0.0013675142545253038, 0.0027338212821632624, 0.0014431769959628582, 0.0016811027890071273, 0.0020707007497549057, 0.0040710000321269035, 0.001485446817241609, 0.00195171101950109, 0.0012951832031831145, 0.0023868069984018803, 0.0028300287667661905, 0.001983349211513996, 0.0025976095348596573, 0.002056488301604986, 0.002532791579142213, 0.0019173520850017667, 0.0030780623201280832, 0.001877933624200523, 0.00268957600928843, 0.00208950019441545, 0.00205453229136765]
model.6.cv3.conv.weight_zero_point[0, 0, 0, 0, 0, 0, 0, 0, 0, 0, 0, 0, 0, 0, 0, 0, 0, 0, 0, 0, 0, 0, 0, 0, 0, 0, 0, 0, 0, 0, 0, 0, 0, 0, 0, 0, 0, 0, 0, 0, 0, 0, 0, 0, 0, 0, 0, 0, 0, 0, 0, 0, 0, 0, 0, 0, 0, 0, 0, 0, 0, 0, 0, 0, 0, 0, 0, 0, 0, 0, 0, 0, 0, 0, 0, 0, 0, 0, 0, 0, 0, 0, 0, 0, 0, 0, 0, 0, 0, 0, 0, 0, 0, 0, 0, 0, 0, 0, 0, 0, 0, 0, 0, 0, 0, 0, 0, 0, 0, 0, 0, 0, 0, 0, 0, 0, 0, 0, 0, 0, 0, 0, 0, 0, 0, 0, 0, 0]
model.6.cv3.conv.weight_quantized 查看对应txt文件
/model.6/cv3/act/Sigmoid_output_0_zero_point[-128]
/model.6/cv3/act/Sigmoid_output_0_scale[0.0039214519783854485]
/model.6/cv3/act/Mul_output_0_zero_point[-121]
/model.6/cv3/act/Mul_output_0_scale[0.041950639337301254]
/model.7/conv/Conv_output_0_zero_point[14]
/model.7/conv/Conv_output_0_scale[0.08472173660993576]
model.7.conv.weight_scale[0.001877071219496429, 0.0014968867180868983, 0.0015116770518943667, 0.0015507797943428159, 0.0015533672412857413, 0.0012619267217814922, 0.0012015063548460603, 0.002453021937981248, 0.0014860816299915314, 0.0014766784152016044, 0.001322203199379146, 0.0009731135214678943, 0.0009772788034752011, 0.0012606766540557146, 0.0013013107236474752, 0.0011533930664882064, 0.0014433988835662603, 0.001460745115764439, 0.0011917948722839355, 0.0010296275140717626, 0.001985331764444709, 0.0011792678851634264, 0.001197194680571556, 0.0010191061301156878, 0.0012970758834853768, 0.0012129012029618025, 0.0010644629364833236, 0.0011925238650292158, 0.001274441136047244, 0.0016597496578469872, 0.002727050567045808, 0.0012094102567061782, 0.001503594103269279, 0.0009446230833418667, 0.0011096002999693155, 0.0008986297179944813, 0.001526986830867827, 0.0010819267481565475, 0.0014320006594061852, 0.0014802120858803391, 0.0008473203633911908, 0.0010754406685009599, 0.0018873747903853655, 0.000994082191027701, 0.0011454898631200194, 0.001058719353750348, 0.0012674977770075202, 0.0015030239010229707, 0.0011403884273022413, 0.0015582781052216887, 0.0012434254167601466, 0.0015026830369606614, 0.0009766507428139448, 0.0008028135634958744, 0.0012310657184571028, 0.0016954512102529407, 0.001152185839600861, 0.0011117423418909311, 0.001532393041998148, 0.000974692462477833, 0.001398000749759376, 0.0016196591313928366, 0.001054938416928053, 0.0013351518427953124, 0.0010343554895371199, 0.00116586999502033, 0.0010992982424795628, 0.0013608826557174325, 0.0012680573854595423, 0.0012107266811653972, 0.001062907511368394, 0.00123285548761487, 0.0009386169840581715, 0.0016373712569475174, 0.0013866994995623827, 0.0010706291068345308, 0.001189814298413694, 0.0014299461618065834, 0.0014294479042291641, 0.0015513028483837843, 0.0012271739542484283, 0.0009481608867645264, 0.0011494160862639546, 0.001450791722163558, 0.00134839687962085, 0.0012324854033067822, 0.0016343360766768456, 0.003352363361045718, 0.0011065371800214052, 0.0013657913077622652, 0.0011469825403764844, 0.0010591448517516255, 0.0012603148352354765, 0.0014484103303402662, 0.0012757886433973908, 0.0013619086239486933, 0.0011343633523210883, 0.0021029298659414053, 0.0027151352260261774, 0.0010713331867009401, 0.0014215403934940696, 0.0008024852722883224, 0.0011078285751864314, 0.0010530120925977826, 0.0014558638213202357, 0.0013882117345929146, 0.0016419048188254237, 0.0014847057173028588, 0.001930945087224245, 0.0020069200545549393, 0.0014071176992729306, 0.0013396001886576414, 0.0009811074705794454, 0.0010755998082458973, 0.0012686601839959621, 0.0009796333033591509, 0.002052120165899396, 0.0018395254155620933, 0.0011398341739550233, 0.001274762093089521, 0.0013679240364581347, 0.0013249666662886739, 0.0008298847824335098, 0.0014987022150307894, 0.0011452240869402885, 0.0016416630242019892, 0.001050436869263649, 0.0011924558784812689, 0.0011927385348826647, 0.0014261363539844751, 0.0008188375504687428, 0.001156889251433313, 0.0013330104993656278, 0.0009927880018949509, 0.0014098274987190962, 0.0010379112791270018, 0.002957466524094343, 0.0016755093820393085, 0.0010194297647103667, 0.0009584141080267727, 0.001214433228597045, 0.0014126206515356898, 0.001023881253786385, 0.0016242342535406351, 0.001148143084719777, 0.001361752743832767, 0.0018437753897160292, 0.0011335057206451893, 0.0011174019891768694, 0.0012965186033397913, 0.0012254143366590142, 0.0021324583794921637, 0.0013513182057067752, 0.0011302003404125571, 0.0014043988194316626, 0.001069375080987811, 0.001057599438354373, 0.001770171569660306, 0.0010440245969220996, 0.0010852309642359614, 0.000968847656622529, 0.0008261288166977465, 0.00116301781963557, 0.0009826879249885678, 0.0010521431686356664, 0.0015303780091926455, 0.0012816161615774035, 0.0015054935356602073, 0.0010089752031490207, 0.0010422463528811932, 0.0010991888120770454, 0.0012456388212740421, 0.0010682294378057122, 0.0014261158648878336, 0.0011582750594243407, 0.0010375211713835597, 0.00094681914197281, 0.000940952857490629, 0.0014301358023658395, 0.0014226603088900447, 0.0016944243106991053, 0.0012575465952977538, 0.0016060355119407177, 0.0016590880695730448, 0.0011856057681143284, 0.0016642204718664289, 0.0012988308444619179, 0.0009917160496115685, 0.0010441141203045845, 0.0009109061793424189, 0.0009017658303491771, 0.001605158089660108, 0.0011683560442179441, 0.0012730268063023686, 0.0015975810820236802, 0.0016809911467134953, 0.001230226014740765, 0.0019134473986923695, 0.0010264291195198894, 0.0016299881972372532, 0.0012330655008554459, 0.0019493261352181435, 0.0010465909726917744, 0.0013584300177171826, 0.0011814467143267393, 0.0014427435817196965, 0.0018419555854052305, 0.0011768407421186566, 0.001861219760030508, 0.0011200758162885904, 0.0010975685436278582, 0.0010419546160846949, 0.0012483933242037892, 0.0014075442450121045, 0.0010644909925758839, 0.0027415489312261343, 0.0017261964967474341, 0.0010783437173813581, 0.0013946800027042627, 0.001281825709156692, 0.0011669720988720655, 0.0011254408163949847, 0.0014957606326788664, 0.001415206235833466, 0.001648726873099804, 0.001697245636023581, 0.0016991028096526861, 0.001173591474071145, 0.0010816695867106318, 0.0009487706120125949, 0.0015443647280335426, 0.0014855825575068593, 0.001567287021316588, 0.0012070287484675646, 0.0011180591536685824, 0.002617382211610675, 0.0012312309117987752, 0.0032912397291511297, 0.0008043902926146984, 0.0011072400957345963, 0.001672227866947651, 0.001055520260706544, 0.0009311089524999261, 0.0016224017599597573, 0.0010344850597903132, 0.0010575056076049805, 0.0011393041349947453, 0.0009358824463561177, 0.0014352458529174328, 0.0015350084286183119, 0.0014416250633075833, 0.0010956430342048407, 0.0011514887446537614, 0.0011357683688402176, 0.0014386042021214962, 0.0013606499414891005]
model.7.conv.weight_zero_point[0, 0, 0, 0, 0, 0, 0, 0, 0, 0, 0, 0, 0, 0, 0, 0, 0, 0, 0, 0, 0, 0, 0, 0, 0, 0, 0, 0, 0, 0, 0, 0, 0, 0, 0, 0, 0, 0, 0, 0, 0, 0, 0, 0, 0, 0, 0, 0, 0, 0, 0, 0, 0, 0, 0, 0, 0, 0, 0, 0, 0, 0, 0, 0, 0, 0, 0, 0, 0, 0, 0, 0, 0, 0, 0, 0, 0, 0, 0, 0, 0, 0, 0, 0, 0, 0, 0, 0, 0, 0, 0, 0, 0, 0, 0, 0, 0, 0, 0, 0, 0, 0, 0, 0, 0, 0, 0, 0, 0, 0, 0, 0, 0, 0, 0, 0, 0, 0, 0, 0, 0, 0, 0, 0, 0, 0, 0, 0, 0, 0, 0, 0, 0, 0, 0, 0, 0, 0, 0, 0, 0, 0, 0, 0, 0, 0, 0, 0, 0, 0, 0, 0, 0, 0, 0, 0, 0, 0, 0, 0, 0, 0, 0, 0, 0, 0, 0, 0, 0, 0, 0, 0, 0, 0, 0, 0, 0, 0, 0, 0, 0, 0, 0, 0, 0, 0, 0, 0, 0, 0, 0, 0, 0, 0, 0, 0, 0, 0, 0, 0, 0, 0, 0, 0, 0, 0, 0, 0, 0, 0, 0, 0, 0, 0, 0, 0, 0, 0, 0, 0, 0, 0, 0, 0, 0, 0, 0, 0, 0, 0, 0, 0, 0, 0, 0, 0, 0, 0, 0, 0, 0, 0, 0, 0, 0, 0, 0, 0, 0, 0, 0, 0, 0, 0, 0, 0]
model.7.conv.weight_quantized 查看对应txt文件
/model.7/act/Sigmoid_output_0_zero_point[-128]
/model.7/act/Sigmoid_output_0_scale[0.003921296913176775]
/model.7/act/Mul_output_0_zero_point[-121]
/model.7/act/Mul_output_0_scale[0.038649946451187134]
/model.8/cv1/conv/Conv_output_0_zero_point[26]
/model.8/cv1/conv/Conv_output_0_scale[0.052695658057928085]
model.8.cv1.conv.weight_scale[0.0018965452909469604, 0.0017192650120705366, 0.0012870867503806949, 0.0019213067134842277, 0.0008201877353712916, 0.0010478399926796556, 0.001137997256591916, 0.0020695121493190527, 0.001586002646945417, 0.0014394690515473485, 0.0011036909418180585, 0.0013715665554627776, 0.001016691094264388, 0.0017036324134096503, 0.0020169394556432962, 0.0017139248084276915, 0.0019608796574175358, 0.0011652620742097497, 0.0009087827056646347, 0.0012223776429891586, 0.0018462272128090262, 0.0014763298677280545, 0.00202109944075346, 0.002169550396502018, 0.001347265555523336, 0.00169360579457134, 0.00189970585051924, 0.002100357785820961, 0.0010423068888485432, 0.001809610053896904, 0.0028836436104029417, 0.0016145451227203012, 0.0015523788752034307, 0.001228809473104775, 0.001288234838284552, 0.0018381967674940825, 0.0023111184127628803, 0.0012359418906271458, 0.0023063982371240854, 0.0013857304584234953, 0.002293942030519247, 0.0018039395799860358, 0.00112920009996742, 0.0010779578005895019, 0.0016744352178648114, 0.0033230420667678118, 0.0017287957016378641, 0.0021458498667925596, 0.0020708218216896057, 0.0028045382350683212, 0.0015702791279181838, 0.0019051067065447569, 0.0015937809366732836, 0.002354980446398258, 0.0018509807996451855, 0.0015981143806129694, 0.0012067604111507535, 0.0018050300423055887, 0.0033218630123883486, 0.0023713945411145687, 0.0013121356023475528, 0.0017482121475040913, 0.001393163693137467, 0.0021008909679949284, 0.0014389455318450928, 0.0020624829921871424, 0.0018535436829552054, 0.0019687404856085777, 0.0017559535335749388, 0.0014336424646899104, 0.002192698186263442, 0.0019607210997492075, 0.0010751757072284818, 0.002983283717185259, 0.0009044372709468007, 0.002435238566249609, 0.0014538895338773727, 0.0018162323394790292, 0.0015241213841363788, 0.0013163798721507192, 0.0018536767456680536, 0.001670506433583796, 0.0022998000495135784, 0.0014583721058443189, 0.0016473217401653528, 0.0019901765044778585, 0.002012144774198532, 0.002033504657447338, 0.0015951506793498993, 0.0016663800925016403, 0.00114928197581321, 0.001656501553952694, 0.0021339780651032925, 0.0020866242703050375, 0.002091886242851615, 0.0010387287475168705, 0.0013464674120768905, 0.0018878774717450142, 0.0017063501290977001, 0.0016114768804982305, 0.0021243703085929155, 0.002255398314446211, 0.0018467865884304047, 0.0009874310344457626, 0.0021951866801828146, 0.00155925122089684, 0.001506432774476707, 0.0012651592260226607, 0.0019043129868805408, 0.0015148413367569447, 0.002080073580145836, 0.0015483465977013111, 0.0014616812113672495, 0.0016574861947447062, 0.002233683131635189, 0.0013567652786150575, 0.0015904364408925176, 0.0018874754896387458, 0.0020958613604307175, 0.002097776625305414, 0.0018766536377370358, 0.0018036870751529932, 0.0014360840432345867, 0.0016689688200131059, 0.0014809597050771117, 0.0020141268614679575, 0.002751382999122143, 0.002043150132521987]
model.8.cv1.conv.weight_zero_point[0, 0, 0, 0, 0, 0, 0, 0, 0, 0, 0, 0, 0, 0, 0, 0, 0, 0, 0, 0, 0, 0, 0, 0, 0, 0, 0, 0, 0, 0, 0, 0, 0, 0, 0, 0, 0, 0, 0, 0, 0, 0, 0, 0, 0, 0, 0, 0, 0, 0, 0, 0, 0, 0, 0, 0, 0, 0, 0, 0, 0, 0, 0, 0, 0, 0, 0, 0, 0, 0, 0, 0, 0, 0, 0, 0, 0, 0, 0, 0, 0, 0, 0, 0, 0, 0, 0, 0, 0, 0, 0, 0, 0, 0, 0, 0, 0, 0, 0, 0, 0, 0, 0, 0, 0, 0, 0, 0, 0, 0, 0, 0, 0, 0, 0, 0, 0, 0, 0, 0, 0, 0, 0, 0, 0, 0, 0, 0]
model.8.cv1.conv.weight_quantized 查看对应txt文件
/model.8/cv1/act/Sigmoid_output_0_zero_point[-128]
/model.8/cv1/act/Sigmoid_output_0_scale[0.003902290016412735]
/model.8/cv1/act/Mul_output_0_zero_point[-115]
/model.8/cv1/act/Mul_output_0_scale[0.021814415231347084]
/model.8/m/m.0/cv1/conv/Conv_output_0_zero_point[-12]
/model.8/m/m.0/cv1/conv/Conv_output_0_scale[0.13882361352443695]
model.8.m.0.cv1.conv.weight_scale[0.017144890502095222, 0.016968438401818275, 0.03042762726545334, 0.01732405461370945, 0.015878381207585335, 0.018723471090197563, 0.024587130174040794, 0.016349269077181816, 0.01575613208115101, 0.01818731427192688, 0.013367436826229095, 0.016182363033294678, 0.01976577378809452, 0.04381486773490906, 0.015518450178205967, 0.019383542239665985, 0.015252780169248581, 0.019578969106078148, 0.018784960731863976, 0.013773527927696705, 0.01847265288233757, 0.014750419184565544, 0.020660413429141045, 0.010671708732843399, 0.030395882204174995, 0.01130772102624178, 0.022078953683376312, 0.0067331488244235516, 0.01598363369703293, 0.01263902522623539, 0.023083645850419998, 0.02357359603047371, 0.024677427485585213, 0.021939294412732124, 0.016481058672070503, 0.018337981775403023, 0.02503242716193199, 0.019070273265242577, 0.013973983936011791, 0.015413640066981316, 0.01966489665210247, 0.01148904487490654, 0.021559253334999084, 0.01460735872387886, 0.015956103801727295, 0.026019489392638206, 0.016406547278165817, 0.021047133952379227, 0.02151474729180336, 0.011286607943475246, 0.01528255920857191, 0.014628417789936066, 0.014973564073443413, 0.015723571181297302, 0.015190623700618744, 0.020768342539668083, 0.021652236580848694, 0.015683768317103386, 0.020376989617943764, 0.02200496383011341, 0.01480112224817276, 0.017682505771517754, 0.017185647040605545, 0.024789990857243538, 0.01534300297498703, 0.018136795610189438, 0.01634531468153, 0.028622480109333992, 0.017565006390213966, 0.017585162073373795, 0.02448897995054722, 0.016799459233880043, 0.019150014966726303, 0.019690563902258873, 0.022465631365776062, 0.014520175755023956, 0.0142134390771389, 0.02235906571149826, 0.016009598970413208, 0.01925613544881344, 0.014679756946861744, 0.032517045736312866, 0.024773290380835533, 0.023959264159202576, 0.020903604105114937, 0.01440483145415783, 0.018506435677409172, 0.031068982556462288, 0.015905598178505898, 0.028155818581581116, 0.012648121453821659, 0.019724933430552483, 0.014677541330456734, 0.02231609635055065, 0.021283544600009918, 0.029783053323626518, 0.014682144857943058, 0.017842870205640793, 0.01436979603022337, 0.024646952748298645, 0.019806036725640297, 0.012364152818918228, 0.012347199022769928, 0.01335015706717968, 0.02375258132815361, 0.014812355861067772, 0.025186754763126373, 0.022259458899497986, 0.014465446583926678, 0.017996465787291527, 0.021235497668385506, 0.02429022639989853, 0.015678128227591515, 0.025902744382619858, 0.01767703890800476, 0.018714839592576027, 0.015651140362024307, 0.01655004546046257, 0.019189756363630295, 0.0164352897554636, 0.025246458128094673, 0.020093873143196106, 0.01542704924941063, 0.02125253528356552, 0.018966328352689743, 0.013321679085493088, 0.01183053757995367, 0.019059529528021812]
model.8.m.0.cv1.conv.weight_zero_point[0, 0, 0, 0, 0, 0, 0, 0, 0, 0, 0, 0, 0, 0, 0, 0, 0, 0, 0, 0, 0, 0, 0, 0, 0, 0, 0, 0, 0, 0, 0, 0, 0, 0, 0, 0, 0, 0, 0, 0, 0, 0, 0, 0, 0, 0, 0, 0, 0, 0, 0, 0, 0, 0, 0, 0, 0, 0, 0, 0, 0, 0, 0, 0, 0, 0, 0, 0, 0, 0, 0, 0, 0, 0, 0, 0, 0, 0, 0, 0, 0, 0, 0, 0, 0, 0, 0, 0, 0, 0, 0, 0, 0, 0, 0, 0, 0, 0, 0, 0, 0, 0, 0, 0, 0, 0, 0, 0, 0, 0, 0, 0, 0, 0, 0, 0, 0, 0, 0, 0, 0, 0, 0, 0, 0, 0, 0, 0]
model.8.m.0.cv1.conv.weight_quantized 查看对应txt文件
/model.8/m/m.0/cv1/act/Sigmoid_output_0_zero_point[-128]
/model.8/m/m.0/cv1/act/Sigmoid_output_0_scale[0.003921568859368563]
/model.8/m/m.0/cv1/act/Mul_output_0_zero_point[-124]
/model.8/m/m.0/cv1/act/Mul_output_0_scale[0.07685627788305283]
/model.8/m/m.0/cv2/conv/Conv_output_0_zero_point[27]
/model.8/m/m.0/cv2/conv/Conv_output_0_scale[0.12213287502527237]
model.8.m.0.cv2.conv.weight_scale[0.002057494828477502, 0.001128045842051506, 0.001715994207188487, 0.0013613483170047402, 0.0014939398970454931, 0.0024788544978946447, 0.0012437894474714994, 0.001376430969685316, 0.0010639658430591226, 0.0017190893413498998, 0.0015484885079786181, 0.002647549845278263, 0.0010890605626627803, 0.001667455886490643, 0.0012601695489138365, 0.0015633318107575178, 0.0017066766740754247, 0.001366351149044931, 0.0014540944248437881, 0.0015522208996117115, 0.001478639431297779, 0.0018886589678004384, 0.001151856267824769, 0.0017412385204806924, 0.001132364384829998, 0.0013757430715486407, 0.000994142726995051, 0.0014465973945334554, 0.0011780447093769908, 0.0012463019229471684, 0.002082920866087079, 0.0018292269669473171, 0.0010904521914198995, 0.0026993202045559883, 0.0011186714982613921, 0.0010156809585168958, 0.0010607379954308271, 0.0012194339651614428, 0.0012713188771158457, 0.0013090225402265787, 0.0015412663342431188, 0.0012143412604928017, 0.0018943053437396884, 0.0020962830167263746, 0.002258990192785859, 0.001307830447331071, 0.0011150605278089643, 0.0015620013000443578, 0.0015031802468001842, 0.0015845275484025478, 0.0012966489885002375, 0.0011707227677106857, 0.0010058393236249685, 0.002236534608528018, 0.0015567829832434654, 0.001809427049010992, 0.0016640827525407076, 0.0009311911999247968, 0.001709596486762166, 0.001341166440397501, 0.0011984547600150108, 0.0015979842282831669, 0.0015262382803484797, 0.0021191928535699844, 0.0016065459931269288, 0.001255508977919817, 0.0015075530391186476, 0.0012791429180651903, 0.001560322823934257, 0.0016579272923991084, 0.0017618811689317226, 0.001780618098564446, 0.0016023918287828565, 0.0008870256133377552, 0.0017261598259210587, 0.0008980792481452227, 0.0010598987573757768, 0.0016188459703698754, 0.00101953255943954, 0.0009526032954454422, 0.0009019909193739295, 0.0010236450470983982, 0.0011295846197754145, 0.0023078436497598886, 0.0010802611941471696, 0.0016673015197739005, 0.0011477585649117827, 0.0009200434433296323, 0.001332009444013238, 0.0010691809002310038, 0.001462684478610754, 0.0015643194783478975, 0.0015700794756412506, 0.001457283622585237, 0.001972920959815383, 0.0011987624457105994, 0.001313261454924941, 0.0031737645622342825, 0.0013229105388745666, 0.001054323511198163, 0.0015194478910416365, 0.0009571666596457362, 0.0015899045392870903, 0.001241298159584403, 0.0012482006568461657, 0.001184673747047782, 0.0010264505399391055, 0.0011513710487633944, 0.0016863102791830897, 0.001381498179398477, 0.0012936355778947473, 0.0011620314326137304, 0.0012647865805774927, 0.0012285560369491577, 0.001079280162230134, 0.0011821521911770105, 0.0013465528609231114, 0.0010185011196881533, 0.0014032470062375069, 0.001269301399588585, 0.0030376333743333817, 0.0016413048142567277, 0.0013021155027672648, 0.0012178844772279263, 0.0010266348253935575, 0.0016765393083915114, 0.0017411911394447088, 0.0034362622536718845]
model.8.m.0.cv2.conv.weight_zero_point[0, 0, 0, 0, 0, 0, 0, 0, 0, 0, 0, 0, 0, 0, 0, 0, 0, 0, 0, 0, 0, 0, 0, 0, 0, 0, 0, 0, 0, 0, 0, 0, 0, 0, 0, 0, 0, 0, 0, 0, 0, 0, 0, 0, 0, 0, 0, 0, 0, 0, 0, 0, 0, 0, 0, 0, 0, 0, 0, 0, 0, 0, 0, 0, 0, 0, 0, 0, 0, 0, 0, 0, 0, 0, 0, 0, 0, 0, 0, 0, 0, 0, 0, 0, 0, 0, 0, 0, 0, 0, 0, 0, 0, 0, 0, 0, 0, 0, 0, 0, 0, 0, 0, 0, 0, 0, 0, 0, 0, 0, 0, 0, 0, 0, 0, 0, 0, 0, 0, 0, 0, 0, 0, 0, 0, 0, 0, 0]
model.8.m.0.cv2.conv.weight_quantized 查看对应txt文件
/model.8/m/m.0/cv2/act/Sigmoid_output_0_zero_point[-128]
/model.8/m/m.0/cv2/act/Sigmoid_output_0_scale[0.003921549301594496]
/model.8/m/m.0/cv2/act/Mul_output_0_zero_point[-122]
/model.8/m/m.0/cv2/act/Mul_output_0_scale[0.049082525074481964]
/model.8/m/m.0/Add_output_0_zero_point[-117]
/model.8/m/m.0/Add_output_0_scale[0.04908706247806549]
/model.8/cv2/conv/Conv_output_0_zero_point[-7]
/model.8/cv2/conv/Conv_output_0_scale[0.0940353125333786]
model.8.cv2.conv.weight_scale[0.003907157573848963, 0.0037971497513353825, 0.003394824918359518, 0.004640229512006044, 0.003305945312604308, 0.003270157612860203, 0.004331059288233519, 0.004229165613651276, 0.005036171525716782, 0.0048567005433142185, 0.0031353633385151625, 0.0037715451326221228, 0.00516558438539505, 0.003329151077196002, 0.00394429313018918, 0.0034706108272075653, 0.0034728774335235357, 0.004981824196875095, 0.0036137488204985857, 0.003916309215128422, 0.003846729639917612, 0.004885843954980373, 0.003977644722908735, 0.0037887985818088055, 0.004489419050514698, 0.0041727339848876, 0.003995130304247141, 0.003802817314863205, 0.004915507044643164, 0.004416877403855324, 0.0042017423547804356, 0.003951012156903744, 0.004274585284292698, 0.0038487049750983715, 0.003954774234443903, 0.004458060022443533, 0.003167507704347372, 0.0035166749730706215, 0.004936882294714451, 0.004100397694855928, 0.00548703595995903, 0.003268810687586665, 0.005077581387013197, 0.003931710962206125, 0.002989277010783553, 0.005115754436701536, 0.004190422128885984, 0.0032240357249975204, 0.003959360998123884, 0.003742487635463476, 0.0032022634986788034, 0.003981989808380604, 0.0036699404008686543, 0.00413756538182497, 0.005489828065037727, 0.0034201210364699364, 0.004055013880133629, 0.0038769522216171026, 0.003147082170471549, 0.006194509100168943, 0.0031118050683289766, 0.005259962286800146, 0.004236514680087566, 0.004276120103895664, 0.0036834515631198883, 0.0031301514245569706, 0.005226487759500742, 0.005840832367539406, 0.004602591507136822, 0.004602998960763216, 0.003992475103586912, 0.003900824813172221, 0.004786404315382242, 0.0031864435877650976, 0.003552309237420559, 0.0030947839841246605, 0.003901139600202441, 0.0034612929448485374, 0.0033033122308552265, 0.0031730271875858307, 0.00387964048422873, 0.003462798660621047, 0.003278966760262847, 0.0039763436652719975, 0.00322130648419261, 0.003297888906672597, 0.0036207889206707478, 0.0037911287508904934, 0.0036324395332485437, 0.0041050659492611885, 0.0036788799334317446, 0.004918080288916826, 0.004799838177859783, 0.0042672292329370975, 0.004330698866397142, 0.0029958595987409353, 0.00449629221111536, 0.004779438022524118, 0.004760101903229952, 0.003739018924534321, 0.00380110670812428, 0.005204977001994848, 0.004223545081913471, 0.004457042086869478, 0.0029250315856188536, 0.004369559697806835, 0.0036138943396508694, 0.0032953983172774315, 0.00318715232424438, 0.0041773696430027485, 0.004647691734135151, 0.004271742422133684, 0.00330877467058599, 0.003508848836645484, 0.003172155935317278, 0.0037568225525319576, 0.003558959811925888, 0.0035207467153668404, 0.0033602628391236067, 0.003151648910716176, 0.005581927020102739, 0.004808605648577213, 0.004409212619066238, 0.004045628942549229, 0.0043271505273878574, 0.0038398033939301968, 0.004715632181614637, 0.0036465423181653023]
model.8.cv2.conv.weight_zero_point[0, 0, 0, 0, 0, 0, 0, 0, 0, 0, 0, 0, 0, 0, 0, 0, 0, 0, 0, 0, 0, 0, 0, 0, 0, 0, 0, 0, 0, 0, 0, 0, 0, 0, 0, 0, 0, 0, 0, 0, 0, 0, 0, 0, 0, 0, 0, 0, 0, 0, 0, 0, 0, 0, 0, 0, 0, 0, 0, 0, 0, 0, 0, 0, 0, 0, 0, 0, 0, 0, 0, 0, 0, 0, 0, 0, 0, 0, 0, 0, 0, 0, 0, 0, 0, 0, 0, 0, 0, 0, 0, 0, 0, 0, 0, 0, 0, 0, 0, 0, 0, 0, 0, 0, 0, 0, 0, 0, 0, 0, 0, 0, 0, 0, 0, 0, 0, 0, 0, 0, 0, 0, 0, 0, 0, 0, 0, 0]
model.8.cv2.conv.weight_quantized 查看对应txt文件
/model.8/cv2/act/Sigmoid_output_0_zero_point[-128]
/model.8/cv2/act/Sigmoid_output_0_scale[0.003921555820852518]
/model.8/cv2/act/Mul_output_0_zero_point[-122]
/model.8/cv2/act/Mul_output_0_scale[0.05061091482639313]
/model.8/Concat_output_0_zero_point[-117]
/model.8/Concat_output_0_scale[0.05170293152332306]
/model.8/cv3/conv/Conv_output_0_zero_point[27]
/model.8/cv3/conv/Conv_output_0_scale[0.09395629167556763]
model.8.cv3.conv.weight_scale[0.0017813228769227862, 0.0016784541076049209, 0.0018578929593786597, 0.002492512110620737, 0.002391889924183488, 0.0020973419304937124, 0.001988989068195224, 0.0018288017017766833, 0.002155149122700095, 0.0020894696936011314, 0.00265290099196136, 0.0025172652676701546, 0.00209775916300714, 0.0019675001967698336, 0.001754628261551261, 0.0019637616351246834, 0.0022539100609719753, 0.0023565548472106457, 0.003914806991815567, 0.001956675434485078, 0.002310783602297306, 0.0015929666114971042, 0.0021903773304075003, 0.00216868263669312, 0.0024765441194176674, 0.003783587832003832, 0.002170542487874627, 0.002275001024827361, 0.001648744917474687, 0.0018147192895412445, 0.001785755273886025, 0.00284069892950356, 0.0015384569996967912, 0.002885056659579277, 0.002097377786412835, 0.0016259885160252452, 0.0021395704243332148, 0.0018578094895929098, 0.0020340231712907553, 0.002654921030625701, 0.002035209909081459, 0.0021620304323732853, 0.002457336988300085, 0.001740006497129798, 0.0018172768177464604, 0.0020155932288616896, 0.0015910221263766289, 0.002804036485031247, 0.0016064919764176011, 0.002243146998807788, 0.0017934372881427407, 0.001888443366624415, 0.002256599022075534, 0.002857162617146969, 0.0016924329102039337, 0.001891997060738504, 0.0021302837412804365, 0.0022468059323728085, 0.0026068496517837048, 0.0034428832586854696, 0.001531759393401444, 0.001453569158911705, 0.0018221705686300993, 0.001676797168329358, 0.002290652832016349, 0.001751499599777162, 0.0017870618030428886, 0.002216894645243883, 0.0020297146402299404, 0.0020996294915676117, 0.0028338609263300896, 0.00283981254324317, 0.002092246664687991, 0.0020504253916442394, 0.0021059017162770033, 0.0022002877667546272, 0.0018724375404417515, 0.002827131887897849, 0.0028236706275492907, 0.0018563548801466823, 0.004625172354280949, 0.0016571959713473916, 0.002047713380306959, 0.0016242812853306532, 0.0024161278270184994, 0.0022117304615676403, 0.0023201543372124434, 0.0021639990154653788, 0.0019114393508061767, 0.0021589251700788736, 0.0021941533777862787, 0.0034999526105821133, 0.00325898383744061, 0.002637804253026843, 0.0020207958295941353, 0.0026574961375445127, 0.0049647437408566475, 0.0025396873243153095, 0.00240373145788908, 0.0019106825347989798, 0.0017965815495699644, 0.0021835246589034796, 0.0018929206999018788, 0.003000230761244893, 0.0032430319115519524, 0.0018356709042564034, 0.0021170463878661394, 0.0025271892081946135, 0.002617922844365239, 0.0019788744393736124, 0.0021701762452721596, 0.0026107265148311853, 0.0016379504231736064, 0.0023186095058918, 0.0019884512294083834, 0.0016956297913566232, 0.0025028474628925323, 0.001639974070712924, 0.002921061124652624, 0.00284645170904696, 0.001610531355254352, 0.0018685413524508476, 0.0019282387802377343, 0.0025206657592207193, 0.0023546877782791853, 0.0023629707284271717, 0.0027487752959132195, 0.004082862753421068, 0.002000771928578615, 0.0019821275491267443, 0.0026095483917742968, 0.001960290130227804, 0.0018803051207214594, 0.001873739529401064, 0.0014969621552154422, 0.001689149416051805, 0.0028963759541511536, 0.0016221839468926191, 0.0023527706507593393, 0.002114521339535713, 0.001999362139031291, 0.0016256308881565928, 0.0018129670061171055, 0.001961481524631381, 0.0026731030084192753, 0.006100484170019627, 0.001844658749178052, 0.0018381079426035285, 0.0032161506824195385, 0.002104399958625436, 0.0024012448266148567, 0.00295212771743536, 0.0013562055537477136, 0.001879899064078927, 0.002706908155232668, 0.0018685628892853856, 0.0022398210130631924, 0.0027699426282197237, 0.002041657455265522, 0.0017559161642566323, 0.002958268392831087, 0.0020329838152974844, 0.001618938404135406, 0.0016529012937098742, 0.002347403671592474, 0.0030668622348457575, 0.001827386673539877, 0.004068621899932623, 0.002160634147003293, 0.0016612536273896694, 0.0019407422514632344, 0.002716227201744914, 0.001718590734526515, 0.002051787916570902, 0.0024021873250603676, 0.0019600067753344774, 0.0018287290586158633, 0.0035648157354444265, 0.002055439632385969, 0.0022814348340034485, 0.0036496520042419434, 0.0034099952317774296, 0.0023644224274903536, 0.0023648145142942667, 0.002570482436567545, 0.0020407293923199177, 0.0014491509646177292, 0.0018994890851899981, 0.0020480637904256582, 0.002414857503026724, 0.0022180327214300632, 0.001859109615907073, 0.0023841194342821836, 0.0023519250098615885, 0.0033972139935940504, 0.0014490355970337987, 0.002012283308431506, 0.002499993657693267, 0.0028604299295693636, 0.0019129561260342598, 0.001767536043189466, 0.001975822960957885, 0.003038372378796339, 0.0024561407044529915, 0.0012257673079147935, 0.0018272080924361944, 0.0020126907620579004, 0.002259001601487398, 0.0021781865507364273, 0.0038538563530892134, 0.0014686417998746037, 0.001775075914338231, 0.0018449831986799836, 0.0024241271894425154, 0.0024798105005174875, 0.0013534065801650286, 0.002100006677210331, 0.0023897734936326742, 0.0024127939250320196, 0.0019173494074493647, 0.002698665950447321, 0.0016466117231175303, 0.0017036410281434655, 0.001990104094147682, 0.0019357274286448956, 0.0030653071589767933, 0.0020735838916152716, 0.0022131989244371653, 0.0026390920393168926, 0.0018992990953847766, 0.0028210198506712914, 0.002285868627950549, 0.0032552576158195734, 0.002277918392792344, 0.002696913667023182, 0.002271538134664297, 0.0020664366893470287, 0.00354590592905879, 0.0014873495092615485, 0.0026835985481739044, 0.0018463267479091883, 0.0023075833451002836, 0.0020849881693720818, 0.0017395141767337918, 0.0018038325943052769, 0.002737582428380847, 0.0024638944305479527, 0.0026373821310698986, 0.0028695811051875353, 0.001594842062331736, 0.0018622416537255049, 0.001966779585927725, 0.0019207042641937733, 0.0023398480843752623, 0.002249205717816949, 0.002463520737364888]
model.8.cv3.conv.weight_zero_point[0, 0, 0, 0, 0, 0, 0, 0, 0, 0, 0, 0, 0, 0, 0, 0, 0, 0, 0, 0, 0, 0, 0, 0, 0, 0, 0, 0, 0, 0, 0, 0, 0, 0, 0, 0, 0, 0, 0, 0, 0, 0, 0, 0, 0, 0, 0, 0, 0, 0, 0, 0, 0, 0, 0, 0, 0, 0, 0, 0, 0, 0, 0, 0, 0, 0, 0, 0, 0, 0, 0, 0, 0, 0, 0, 0, 0, 0, 0, 0, 0, 0, 0, 0, 0, 0, 0, 0, 0, 0, 0, 0, 0, 0, 0, 0, 0, 0, 0, 0, 0, 0, 0, 0, 0, 0, 0, 0, 0, 0, 0, 0, 0, 0, 0, 0, 0, 0, 0, 0, 0, 0, 0, 0, 0, 0, 0, 0, 0, 0, 0, 0, 0, 0, 0, 0, 0, 0, 0, 0, 0, 0, 0, 0, 0, 0, 0, 0, 0, 0, 0, 0, 0, 0, 0, 0, 0, 0, 0, 0, 0, 0, 0, 0, 0, 0, 0, 0, 0, 0, 0, 0, 0, 0, 0, 0, 0, 0, 0, 0, 0, 0, 0, 0, 0, 0, 0, 0, 0, 0, 0, 0, 0, 0, 0, 0, 0, 0, 0, 0, 0, 0, 0, 0, 0, 0, 0, 0, 0, 0, 0, 0, 0, 0, 0, 0, 0, 0, 0, 0, 0, 0, 0, 0, 0, 0, 0, 0, 0, 0, 0, 0, 0, 0, 0, 0, 0, 0, 0, 0, 0, 0, 0, 0, 0, 0, 0, 0, 0, 0, 0, 0, 0, 0, 0, 0]
model.8.cv3.conv.weight_quantized 查看对应txt文件
/model.8/cv3/act/Sigmoid_output_0_zero_point[-128]
/model.8/cv3/act/Sigmoid_output_0_scale[0.003921241499483585]
/model.8/cv3/act/Mul_output_0_zero_point[-121]
/model.8/cv3/act/Mul_output_0_scale[0.037917446345090866]
/model.9/cv1/conv/Conv_output_0_zero_point[-21]
/model.9/cv1/conv/Conv_output_0_scale[0.05038713663816452]
model.9.cv1.conv.weight_scale[0.0019962082151323557, 0.0012976467842236161, 0.0016306547913700342, 0.0016028559766709805, 0.0028046458028256893, 0.0014440097147598863, 0.0038608573377132416, 0.0014055484207347035, 0.004806590266525745, 0.001793309929780662, 0.003388867015019059, 0.0014670656528323889, 0.00167486269492656, 0.001679452252574265, 0.00337053625844419, 0.0015131802065297961, 0.0016939409542828798, 0.0014473504852503538, 0.0034084999933838844, 0.0015027523040771484, 0.0019722930155694485, 0.001913615269586444, 0.004441965837031603, 0.0012533910339698195, 0.0032991443295031786, 0.0012850344646722078, 0.002126042963936925, 0.0015066508203744888, 0.0026060324162244797, 0.0016598119400441647, 0.0016267492901533842, 0.00226775323972106, 0.0020414027385413647, 0.0017198343994095922, 0.0038447976112365723, 0.0020115356892347336, 0.0016761859878897667, 0.0015694216126576066, 0.0034731109626591206, 0.00197637639939785, 0.001408829353749752, 0.001437552971765399, 0.001438622479327023, 0.0020562915597110987, 0.001767227309755981, 0.001989365089684725, 0.001657792367041111, 0.0013506446266546845, 0.003550449851900339, 0.0018779467791318893, 0.0014130513882264495, 0.0018790410831570625, 0.0014374194433912635, 0.0016280387062579393, 0.0018091300735250115, 0.0015703849494457245, 0.00127519597299397, 0.001519524841569364, 0.0023618661798536777, 0.004487605299800634, 0.001592292101122439, 0.0014870284358039498, 0.0013553438475355506, 0.0023821773938834667, 0.0017001477535814047, 0.0015846434980630875, 0.005383013281971216, 0.0016809292137622833, 0.0013823772314935923, 0.0021759867668151855, 0.0014391090953722596, 0.0018017004476860166, 0.0017654242692515254, 0.0014572604559361935, 0.002033127471804619, 0.0027196048758924007, 0.0014890115708112717, 0.00169030309189111, 0.0017355839954689145, 0.0014195756521075964, 0.0029074286576360464, 0.0014370173448696733, 0.002677585929632187, 0.0017269906820729375, 0.0033567803911864758, 0.001404687762260437, 0.0016069323755800724, 0.0020401151850819588, 0.0014918566448614001, 0.004741074051707983, 0.001905409968458116, 0.0011999013368040323, 0.0021657177712768316, 0.0036999231670051813, 0.0015043579041957855, 0.0019218339584767818, 0.0012567051453515887, 0.001973660197108984, 0.0013547069393098354, 0.002056378871202469, 0.002089531160891056, 0.0017688858788460493, 0.00160116795450449, 0.0018066983902826905, 0.0019611252937465906, 0.003523539751768112, 0.0014162732986733317, 0.001552320085465908, 0.0020618364214897156, 0.001943474868312478, 0.0015242218505591154, 0.003859505755826831, 0.002137205097824335, 0.0019487180979922414, 0.0018069081706926227, 0.0018191291019320488, 0.005216779187321663, 0.0014728024834766984, 0.0017000562511384487, 0.0015378883108496666, 0.0015501952730119228, 0.00224722595885396, 0.002008256036788225, 0.0019166836282238364, 0.00240728841163218, 0.0015211983118206263, 0.001526873791590333, 0.0014713023556396365]
model.9.cv1.conv.weight_zero_point[0, 0, 0, 0, 0, 0, 0, 0, 0, 0, 0, 0, 0, 0, 0, 0, 0, 0, 0, 0, 0, 0, 0, 0, 0, 0, 0, 0, 0, 0, 0, 0, 0, 0, 0, 0, 0, 0, 0, 0, 0, 0, 0, 0, 0, 0, 0, 0, 0, 0, 0, 0, 0, 0, 0, 0, 0, 0, 0, 0, 0, 0, 0, 0, 0, 0, 0, 0, 0, 0, 0, 0, 0, 0, 0, 0, 0, 0, 0, 0, 0, 0, 0, 0, 0, 0, 0, 0, 0, 0, 0, 0, 0, 0, 0, 0, 0, 0, 0, 0, 0, 0, 0, 0, 0, 0, 0, 0, 0, 0, 0, 0, 0, 0, 0, 0, 0, 0, 0, 0, 0, 0, 0, 0, 0, 0, 0, 0]
model.9.cv1.conv.weight_quantized 查看对应txt文件
/model.9/cv1/act/Sigmoid_output_0_zero_point[-128]
/model.9/cv1/act/Sigmoid_output_0_scale[0.003919311799108982]
/model.9/cv1/act/Mul_output_0_zero_point[-119]
/model.9/cv1/act/Mul_output_0_scale[0.030328411608934402]
/model.9/Concat_output_0_zero_point[-119]
/model.9/Concat_output_0_scale[0.030328411608934402]
/model.9/cv2/conv/Conv_output_0_zero_point[19]
/model.9/cv2/conv/Conv_output_0_scale[0.05253065377473831]
model.9.cv2.conv.weight_scale[0.0009626668179407716, 0.0011519178515300155, 0.0010448057437315583, 0.0016628942685201764, 0.0012075778795406222, 0.004214583430439234, 0.0021938467398285866, 0.0012839225819334388, 0.0014720711624249816, 0.0005903978599235415, 0.0009415643289685249, 0.001457184087485075, 0.0013817906146869063, 0.001589147257618606, 0.0009559955797158182, 0.0018649252597242594, 0.0018730068113654852, 0.0012609533732756972, 0.0010649336036294699, 0.0012145625660195947, 0.0017433458706364036, 0.002131663030013442, 0.001545171719044447, 0.001633587758988142, 0.0017878557555377483, 0.000986908096820116, 0.0018777522491291165, 0.002051102928817272, 0.002009791787713766, 0.0010506899561733007, 0.0015837489627301693, 0.001408620155416429, 0.002075282158330083, 0.000984367448836565, 0.0012071955716237426, 0.0007636529626324773, 0.0011409064754843712, 0.0013680433621630073, 0.0014356523752212524, 0.0017613546224310994, 0.0016117047052830458, 0.0017974585061892867, 0.0008216068963520229, 0.001326554804109037, 0.0016245710430666804, 0.0025585386902093887, 0.0016099326312541962, 0.0012279461370781064, 0.001315521658398211, 0.0012768072774633765, 0.0011552682844921947, 0.001516986172646284, 0.001192995347082615, 0.0013872090494260192, 0.0009840894490480423, 0.0010569520527496934, 0.00119624228682369, 0.001281408010981977, 0.0010667839087545872, 0.0009330586181022227, 0.0022937736939638853, 0.001001401455141604, 0.0015535823768004775, 0.0020677512511610985, 0.000998927978798747, 0.0015280277002602816, 0.0013056371826678514, 0.0009820275008678436, 0.0017693309346213937, 0.0026228688657283783, 0.0011795563623309135, 0.0019608575385063887, 0.0017505116993561387, 0.0008389200665988028, 0.001983077498152852, 0.0021991136018186808, 0.0008661515894345939, 0.0011430634185671806, 0.0012146856170147657, 0.0010527870617806911, 0.0012292247265577316, 0.0020002471283078194, 0.0011973141226917505, 0.0008636748534627259, 0.0011500540422275662, 0.0006201848736964166, 0.0007862864877097309, 0.0019111977890133858, 0.004490455146878958, 0.001006003119982779, 0.0012868120102211833, 0.0013654957292601466, 0.0006737797521054745, 0.0010159817757084966, 0.0014770427951589227, 0.0008914943318814039, 0.0020904005505144596, 0.002198609057813883, 0.0013468926772475243, 0.0030844390857964754, 0.0023745226208120584, 0.0017198218265548348, 0.0034766453318297863, 0.0021152584813535213, 0.0011124429292976856, 0.0013384124031290412, 0.002767895581200719, 0.0014398873317986727, 0.0011395481415092945, 0.0012221945216879249, 0.0010361333843320608, 0.0011379732750356197, 0.0010378279257565737, 0.001935988781042397, 0.001705855131149292, 0.00138488516677171, 0.0010453927097842097, 0.001426324131898582, 0.0009634618181735277, 0.0031549069099128246, 0.001926516997627914, 0.0019193078624084592, 0.0010679010301828384, 0.0013853968121111393, 0.000960822100751102, 0.0019938459154218435, 0.00121365487575531, 0.0025154936593025923, 0.0009143871138803661, 0.0013734042877331376, 0.0011003934778273106, 0.0013670785119757056, 0.0008494601352140307, 0.0008754230802878737, 0.0032024129759520292, 0.0011456141946837306, 0.001203235355205834, 0.0027186162769794464, 0.0009750878089107573, 0.0020764393266290426, 0.0016965611139312387, 0.001268406049348414, 0.0007971290033310652, 0.0010564225958660245, 0.0007548786234110594, 0.0012801556149497628, 0.0015427492326125503, 0.0027725284453481436, 0.003367998404428363, 0.001055033877491951, 0.0010587337892502546, 0.0011089832987636328, 0.0009889708599075675, 0.0010073489975184202, 0.002074707532301545, 0.0012670637806877494, 0.0013898303732275963, 0.0013485506642609835, 0.0017555041704326868, 0.0008171666413545609, 0.001352738356217742, 0.0015573991695418954, 0.0010265330784022808, 0.0014771852875128388, 0.0010036021703854203, 0.0011909649474546313, 0.0007762718596495688, 0.0011219887528568506, 0.001470242626965046, 0.0028721329290419817, 0.0008619845029897988, 0.0026035686023533344, 0.002076889853924513, 0.0010568073485046625, 0.0013468886027112603, 0.0012955336133018136, 0.0010705811437219381, 0.000984339276328683, 0.0016877142479643226, 0.001663986942730844, 0.003367047756910324, 0.0009852276416495442, 0.0010539272334426641, 0.001974439714103937, 0.0008174724644050002, 0.0013243963476270437, 0.0013487706892192364, 0.0006383606232702732, 0.0009763271664269269, 0.0014473589835688472, 0.0009971706895157695, 0.0013872346607968211, 0.0012817836832255125, 0.0010778914438560605, 0.003734433325007558, 0.002121363067999482, 0.0014649382792413235, 0.001562455203384161, 0.001840856159105897, 0.0019206362776458263, 0.0012333666672930121, 0.001194927841424942, 0.0014353153528645635, 0.0023972378112375736, 0.0017207945929840207, 0.0011249015806242824, 0.0010030242847278714, 0.001229987246915698, 0.0022968524135649204, 0.0011763307265937328, 0.0018288440769538283, 0.0013868140522390604, 0.0016650852048769593, 0.0010299733839929104, 0.0017727884696796536, 0.0040785023011267185, 0.0012837828835472465, 0.002798175672069192, 0.0023846447002142668, 0.001125378767028451, 0.0013577297795563936, 0.001560027478262782, 0.0009646913968026638, 0.0020515979267656803, 0.002833327278494835, 0.0016956599429249763, 0.0015047425404191017, 0.0004895548918284476, 0.0011873382609337568, 0.001414250466041267, 0.0016209495952352881, 0.001578045543283224, 0.0016596518689766526, 0.002440007636323571, 0.00168157450389117, 0.0010493239387869835, 0.00269793882034719, 0.001418362488038838, 0.000935299089178443, 0.001048726262524724, 0.0015833622310310602, 0.0017107668099924922, 0.0015152007108554244, 0.002244709525257349, 0.0016408910742029548, 0.0027545406483113766, 0.000968598818872124, 0.001192393945530057, 0.0010411046678200364, 0.0015583157073706388, 0.0008811478619463742, 0.0015174950240179896, 0.0016363200265914202, 0.0009195415768772364, 0.0006684833788312972, 0.001503514125943184]
model.9.cv2.conv.weight_zero_point[0, 0, 0, 0, 0, 0, 0, 0, 0, 0, 0, 0, 0, 0, 0, 0, 0, 0, 0, 0, 0, 0, 0, 0, 0, 0, 0, 0, 0, 0, 0, 0, 0, 0, 0, 0, 0, 0, 0, 0, 0, 0, 0, 0, 0, 0, 0, 0, 0, 0, 0, 0, 0, 0, 0, 0, 0, 0, 0, 0, 0, 0, 0, 0, 0, 0, 0, 0, 0, 0, 0, 0, 0, 0, 0, 0, 0, 0, 0, 0, 0, 0, 0, 0, 0, 0, 0, 0, 0, 0, 0, 0, 0, 0, 0, 0, 0, 0, 0, 0, 0, 0, 0, 0, 0, 0, 0, 0, 0, 0, 0, 0, 0, 0, 0, 0, 0, 0, 0, 0, 0, 0, 0, 0, 0, 0, 0, 0, 0, 0, 0, 0, 0, 0, 0, 0, 0, 0, 0, 0, 0, 0, 0, 0, 0, 0, 0, 0, 0, 0, 0, 0, 0, 0, 0, 0, 0, 0, 0, 0, 0, 0, 0, 0, 0, 0, 0, 0, 0, 0, 0, 0, 0, 0, 0, 0, 0, 0, 0, 0, 0, 0, 0, 0, 0, 0, 0, 0, 0, 0, 0, 0, 0, 0, 0, 0, 0, 0, 0, 0, 0, 0, 0, 0, 0, 0, 0, 0, 0, 0, 0, 0, 0, 0, 0, 0, 0, 0, 0, 0, 0, 0, 0, 0, 0, 0, 0, 0, 0, 0, 0, 0, 0, 0, 0, 0, 0, 0, 0, 0, 0, 0, 0, 0, 0, 0, 0, 0, 0, 0, 0, 0, 0, 0, 0, 0]
model.9.cv2.conv.weight_quantized 查看对应txt文件
/model.9/cv2/act/Sigmoid_output_0_zero_point[-128]
/model.9/cv2/act/Sigmoid_output_0_scale[0.003907870035618544]
/model.9/cv2/act/Mul_output_0_zero_point[-116]
/model.9/cv2/act/Mul_output_0_scale[0.023184992372989655]
/model.10/conv/Conv_output_0_zero_point[-4]
/model.10/conv/Conv_output_0_scale[0.06598932296037674]
model.10.conv.weight_scale[0.005266463849693537, 0.0031759575940668583, 0.00587686849758029, 0.011957194656133652, 0.0024547951761633158, 0.007013821508735418, 0.008099379949271679, 0.0034509492106735706, 0.005511256400495768, 0.00836753100156784, 0.007567427586764097, 0.0038058655336499214, 0.0052308375015854836, 0.0034198700450360775, 0.0048967148177325726, 0.007656024303287268, 0.005152629688382149, 0.006120359990745783, 0.00925795640796423, 0.005105969030410051, 0.006298506632447243, 0.0072632660157978535, 0.00426014419645071, 0.004412084352225065, 0.004697606433182955, 0.0026972757186740637, 0.0057859234511852264, 0.004864743445068598, 0.006604855880141258, 0.007594020571559668, 0.005724420305341482, 0.006671773735433817, 0.004571386147290468, 0.006552478298544884, 0.0038620131090283394, 0.003872293746098876, 0.007593791000545025, 0.004084489308297634, 0.007153290323913097, 0.004938711412250996, 0.0053798481822013855, 0.005897243041545153, 0.004678881261497736, 0.006509703118354082, 0.0036468147300183773, 0.005118048749864101, 0.00792262889444828, 0.005595096852630377, 0.006418267730623484, 0.004794700536876917, 0.004761668387800455, 0.005511065945029259, 0.005421864800155163, 0.006040703970938921, 0.005168233532458544, 0.004303338006138802, 0.0053414236754179, 0.004560680128633976, 0.004337837919592857, 0.0037271850742399693, 0.0064119864255189896, 0.007013744208961725, 0.0034858088474720716, 0.005843144841492176, 0.007226147688925266, 0.008412056602537632, 0.0032880050130188465, 0.009110815823078156, 0.00408921716734767, 0.004522104747593403, 0.007520304061472416, 0.0047948407009243965, 0.0033578448928892612, 0.005663309711962938, 0.006783730816096067, 0.004915740340948105, 0.006112035363912582, 0.00753067247569561, 0.004871906712651253, 0.006651344709098339, 0.004837671294808388, 0.005523657891899347, 0.004072879906743765, 0.004185516387224197, 0.004912662319839001, 0.00472624134272337, 0.003189131850376725, 0.013012340292334557, 0.005305342376232147, 0.004771430045366287, 0.006782477721571922, 0.002878274768590927, 0.004854046739637852, 0.005193446762859821, 0.0043135592713952065, 0.005220966879278421, 0.008898348547518253, 0.006280232220888138, 0.007258739322423935, 0.005964962765574455, 0.004660697188228369, 0.004645735491067171, 0.003401069203391671, 0.004308513831347227, 0.006536748260259628, 0.004984603729099035, 0.003821719205006957, 0.005062208976596594, 0.006667971145361662, 0.005423014983534813, 0.0048016696237027645, 0.008632018230855465, 0.008810724131762981, 0.0074593424797058105, 0.006149334367364645, 0.0106252646073699, 0.006828594952821732, 0.0047083827666938305, 0.004961710423231125, 0.002208355348557234, 0.008170985616743565, 0.00411742040887475, 0.005609150975942612, 0.0047277105040848255, 0.004515746608376503, 0.01620848849415779, 0.009775030426681042, 0.00492473179474473]
model.10.conv.weight_zero_point[0, 0, 0, 0, 0, 0, 0, 0, 0, 0, 0, 0, 0, 0, 0, 0, 0, 0, 0, 0, 0, 0, 0, 0, 0, 0, 0, 0, 0, 0, 0, 0, 0, 0, 0, 0, 0, 0, 0, 0, 0, 0, 0, 0, 0, 0, 0, 0, 0, 0, 0, 0, 0, 0, 0, 0, 0, 0, 0, 0, 0, 0, 0, 0, 0, 0, 0, 0, 0, 0, 0, 0, 0, 0, 0, 0, 0, 0, 0, 0, 0, 0, 0, 0, 0, 0, 0, 0, 0, 0, 0, 0, 0, 0, 0, 0, 0, 0, 0, 0, 0, 0, 0, 0, 0, 0, 0, 0, 0, 0, 0, 0, 0, 0, 0, 0, 0, 0, 0, 0, 0, 0, 0, 0, 0, 0, 0, 0]
model.10.conv.weight_quantized 查看对应txt文件
/model.10/act/Sigmoid_output_0_zero_point[-128]
/model.10/act/Sigmoid_output_0_scale[0.003920875024050474]
/model.10/act/Mul_output_0_zero_point[-120]
/model.10/act/Mul_output_0_scale[0.03496747836470604]
/model.12/Concat_output_0_zero_point[-121]
/model.12/Concat_output_0_scale[0.041950639337301254]
/model.13/cv1/conv/Conv_output_0_zero_point[27]
/model.13/cv1/conv/Conv_output_0_scale[0.0533035546541214]
model.13.cv1.conv.weight_scale[0.0031694467179477215, 0.0031370925717055798, 0.0026469221338629723, 0.002336306031793356, 0.0031190793961286545, 0.00336236204020679, 0.0029864732641726732, 0.0030655136797577143, 0.0028208193834871054, 0.0015692359302192926, 0.0024454649537801743, 0.0033057008404284716, 0.0021906523033976555, 0.0014337856555357575, 0.0035478072240948677, 0.00248475419357419, 0.0030940519645810127, 0.002065087901428342, 0.001404701848514378, 0.0022379604633897543, 0.005708825774490833, 0.004575453698635101, 0.0017022493993863463, 0.004383881110697985, 0.003023521974682808, 0.004462940618395805, 0.002496733795851469, 0.002969494555145502, 0.0026785030495375395, 0.0039151571691036224, 0.002820933237671852, 0.0028100789058953524, 0.00249919923953712, 0.0009974116692319512, 0.0027921719010919333, 0.002582298358902335, 0.0014760119374841452, 0.002328580478206277, 0.0020474570337682962, 0.004291461315006018, 0.001628952450118959, 0.002580200554803014, 0.002782474970445037, 0.003565337276086211, 0.003028983948752284, 0.0022769831120967865, 0.003933601081371307, 0.002464012708514929, 0.002871542237699032, 0.0025356083642691374, 0.0032786803785711527, 0.0024084076285362244, 0.003217793768271804, 0.001977593870833516, 0.0029330782126635313, 0.003393972758203745, 0.0032726917415857315, 0.0023771177511662245, 0.0030069875065237284, 0.0055494410917162895, 0.0029622288420796394, 0.002295763697475195, 0.001414243713952601, 0.0032404866069555283]
model.13.cv1.conv.weight_zero_point[0, 0, 0, 0, 0, 0, 0, 0, 0, 0, 0, 0, 0, 0, 0, 0, 0, 0, 0, 0, 0, 0, 0, 0, 0, 0, 0, 0, 0, 0, 0, 0, 0, 0, 0, 0, 0, 0, 0, 0, 0, 0, 0, 0, 0, 0, 0, 0, 0, 0, 0, 0, 0, 0, 0, 0, 0, 0, 0, 0, 0, 0, 0, 0]
model.13.cv1.conv.weight_quantized 查看对应txt文件
/model.13/cv1/act/Sigmoid_output_0_zero_point[-128]
/model.13/cv1/act/Sigmoid_output_0_scale[0.0039022897835820913]
/model.13/cv1/act/Mul_output_0_zero_point[-115]
/model.13/cv1/act/Mul_output_0_scale[0.021814361214637756]
/model.13/m/m.0/cv1/conv/Conv_output_0_zero_point[15]
/model.13/m/m.0/cv1/conv/Conv_output_0_scale[0.06021285429596901]
model.13.m.0.cv1.conv.weight_scale[0.008715552277863026, 0.006864011287689209, 0.00747260358184576, 0.009520205669105053, 0.009208639152348042, 0.009992116130888462, 0.005280801095068455, 0.009630920365452766, 0.006631043273955584, 0.008226892910897732, 0.006154176779091358, 0.007170869503170252, 0.007072508800774813, 0.00403002230450511, 0.004145014565438032, 0.004371710121631622, 0.008523107506334782, 0.0057454840280115604, 0.01031721755862236, 0.0054525090381503105, 0.004790796432644129, 0.004288765601813793, 0.010080167092382908, 0.004846285097301006, 0.005838988348841667, 0.005787088070064783, 0.007179107051342726, 0.005197207443416119, 0.004782974720001221, 0.0062787956558167934, 0.005546558648347855, 0.007319301832467318, 0.005693782586604357, 0.009509644471108913, 0.007820326834917068, 0.010541751980781555, 0.006754894740879536, 0.006327516864985228, 0.008035071194171906, 0.007586247753351927, 0.004004363901913166, 0.004720430821180344, 0.0072153364308178425, 0.004873652011156082, 0.007712740451097488, 0.007353835739195347, 0.009165670722723007, 0.0074669127352535725, 0.005295039154589176, 0.006243804935365915, 0.010676141828298569, 0.006674335338175297, 0.004673983436077833, 0.009127025492489338, 0.005597896408289671, 0.006435244344174862, 0.005804257467389107, 0.007219044025987387, 0.005342804826796055, 0.0019005291396752, 0.00769435940310359, 0.0094679556787014, 0.010395722463726997, 0.005168399307876825]
model.13.m.0.cv1.conv.weight_zero_point[0, 0, 0, 0, 0, 0, 0, 0, 0, 0, 0, 0, 0, 0, 0, 0, 0, 0, 0, 0, 0, 0, 0, 0, 0, 0, 0, 0, 0, 0, 0, 0, 0, 0, 0, 0, 0, 0, 0, 0, 0, 0, 0, 0, 0, 0, 0, 0, 0, 0, 0, 0, 0, 0, 0, 0, 0, 0, 0, 0, 0, 0, 0, 0]
model.13.m.0.cv1.conv.weight_quantized 查看对应txt文件
/model.13/m/m.0/cv1/act/Sigmoid_output_0_zero_point[-128]
/model.13/m/m.0/cv1/act/Sigmoid_output_0_scale[0.003916845191270113]
/model.13/m/m.0/cv1/act/Mul_output_0_zero_point[-118]
/model.13/m/m.0/cv1/act/Mul_output_0_scale[0.027415383607149124]
/model.13/m/m.0/cv2/conv/Conv_output_0_zero_point[27]
/model.13/m/m.0/cv2/conv/Conv_output_0_scale[0.06286505609750748]
model.13.m.0.cv2.conv.weight_scale[0.0023498896043747663, 0.005620129406452179, 0.003163990331813693, 0.0016223755665123463, 0.0017641406739130616, 0.002597120590507984, 0.0009973340202122927, 0.0018873447552323341, 0.0012613632716238499, 0.002461644122377038, 0.006495671812444925, 0.0017195498803630471, 0.003051788080483675, 0.0026045830454677343, 0.002350404392927885, 0.001506221480667591, 0.0029648684430867434, 0.002167783211916685, 0.001457064994610846, 0.0033941823057830334, 0.0018945279298350215, 0.00196467456407845, 0.002811388112604618, 0.001228734152391553, 0.005058807786554098, 0.003789003938436508, 0.0020555362571030855, 0.004381752572953701, 0.0030106068588793278, 0.0024456512182950974, 0.0014727867674082518, 0.004535158164799213, 0.0015391268534585834, 0.0009735251660458744, 0.0017941327532753348, 0.0031529844272881746, 0.0028095466550439596, 0.0016283516306430101, 0.004370132926851511, 0.0020342289935797453, 0.0016613919287919998, 0.001608740771189332, 0.0018207901157438755, 0.0021039904095232487, 0.001596519723534584, 0.0027844831347465515, 0.001611975603736937, 0.0016583945835009217, 0.00473282253369689, 0.0023145743180066347, 0.002781432354822755, 0.001855609123595059, 0.0018275136826559901, 0.0025890448596328497, 0.0028600485529750586, 0.0033320875372737646, 0.0014381853397935629, 0.0018571929540485144, 0.0014380584470927715, 0.002543567679822445, 0.0028610320296138525, 0.0033585657365620136, 0.0025217882357537746, 0.0028956695459783077]
model.13.m.0.cv2.conv.weight_zero_point[0, 0, 0, 0, 0, 0, 0, 0, 0, 0, 0, 0, 0, 0, 0, 0, 0, 0, 0, 0, 0, 0, 0, 0, 0, 0, 0, 0, 0, 0, 0, 0, 0, 0, 0, 0, 0, 0, 0, 0, 0, 0, 0, 0, 0, 0, 0, 0, 0, 0, 0, 0, 0, 0, 0, 0, 0, 0, 0, 0, 0, 0, 0, 0]
model.13.m.0.cv2.conv.weight_quantized 查看对应txt文件
/model.13/m/m.0/cv2/act/Sigmoid_output_0_zero_point[-128]
/model.13/m/m.0/cv2/act/Sigmoid_output_0_scale[0.003914131782948971]
/model.13/m/m.0/cv2/act/Mul_output_0_zero_point[-117]
/model.13/m/m.0/cv2/act/Mul_output_0_scale[0.025617720559239388]
/model.13/cv2/conv/Conv_output_0_zero_point[9]
/model.13/cv2/conv/Conv_output_0_scale[0.05427626892924309]
model.13.cv2.conv.weight_scale[0.0031940434128046036, 0.0036646928638219833, 0.003889755578711629, 0.002308885334059596, 0.0034349490888416767, 0.0022633408661931753, 0.0017528419848531485, 0.003727142931893468, 0.00293122511357069, 0.0035640650894492865, 0.0021644774824380875, 0.0024441948626190424, 0.0013752038357779384, 0.0025715469382703304, 0.0028708477038890123, 0.002395041286945343, 0.0025424195919185877, 0.00222975667566061, 0.0024507141206413507, 0.0017449645092710853, 0.0029456026386469603, 0.0023730723187327385, 0.0023210309445858, 0.003862643614411354, 0.003724262584000826, 0.0028976884204894304, 0.002356430981308222, 0.0031116651371121407, 0.0024958576541393995, 0.00434296578168869, 0.00161833839956671, 0.003327435115352273, 0.002138720592483878, 0.002372825751081109, 0.001935711596161127, 0.002781166695058346, 0.0045852139592170715, 0.0026656014379113913, 0.0024477483239024878, 0.002070456510409713, 0.0026235429104417562, 0.0025613345205783844, 0.003044699551537633, 0.0017488573212176561, 0.003652575658634305, 0.003021109849214554, 0.003518270328640938, 0.002707512816414237, 0.0027976329438388348, 0.002418144140392542, 0.002761977491900325, 0.004160531330853701, 0.0038890205323696136, 0.0025945939123630524, 0.0031952548306435347, 0.0016876152949407697, 0.0019367937929928303, 0.0024266161490231752, 0.0037855750415474176, 0.0023516733199357986, 0.00256042811088264, 0.002889367053285241, 0.003328388324007392, 0.006774913519620895]
model.13.cv2.conv.weight_zero_point[0, 0, 0, 0, 0, 0, 0, 0, 0, 0, 0, 0, 0, 0, 0, 0, 0, 0, 0, 0, 0, 0, 0, 0, 0, 0, 0, 0, 0, 0, 0, 0, 0, 0, 0, 0, 0, 0, 0, 0, 0, 0, 0, 0, 0, 0, 0, 0, 0, 0, 0, 0, 0, 0, 0, 0, 0, 0, 0, 0, 0, 0, 0, 0]
model.13.cv2.conv.weight_quantized 查看对应txt文件
/model.13/cv2/act/Sigmoid_output_0_zero_point[-128]
/model.13/cv2/act/Sigmoid_output_0_scale[0.003915171604603529]
/model.13/cv2/act/Mul_output_0_zero_point[-117]
/model.13/cv2/act/Mul_output_0_scale[0.02621491625905037]
/model.13/Concat_output_0_zero_point[-117]
/model.13/Concat_output_0_scale[0.02621491625905037]
/model.13/cv3/conv/Conv_output_0_zero_point[32]
/model.13/cv3/conv/Conv_output_0_scale[0.059047091752290726]
model.13.cv3.conv.weight_scale[0.005120499990880489, 0.0039044967852532864, 0.005632911343127489, 0.0024824263527989388, 0.0038478749338537455, 0.005136170890182257, 0.007738693151623011, 0.0038930850569158792, 0.0038427491672337055, 0.004652194678783417, 0.006781774573028088, 0.00496299983933568, 0.0036244483198970556, 0.0032962250988930464, 0.004520395305007696, 0.003814412746578455, 0.00671739224344492, 0.003335347166284919, 0.004310186952352524, 0.005510256160050631, 0.004396751057356596, 0.0042573073878884315, 0.004601017106324434, 0.0055693075992167, 0.006190617568790913, 0.0050533488392829895, 0.0036766452249139547, 0.003773192875087261, 0.006773417349904776, 0.0026410811115056276, 0.004483605735003948, 0.003827133448794484, 0.0041329883970320225, 0.0052020363509655, 0.0038386208470910788, 0.003349070670083165, 0.005002344958484173, 0.003965653013437986, 0.004227960016578436, 0.005880600307136774, 0.005665500648319721, 0.004035105463117361, 0.0032906567212194204, 0.003947793040424585, 0.0034797382541000843, 0.0036088568158447742, 0.0023913183249533176, 0.00543205114081502, 0.004202978685498238, 0.005326025187969208, 0.0021654139272868633, 0.002817298984155059, 0.005625515710562468, 0.007013355381786823, 0.005690456368029118, 0.004719174932688475, 0.006668688263744116, 0.005229696165770292, 0.01058859471231699, 0.0037285913713276386, 0.003374264808371663, 0.0019334505777806044, 0.006532748229801655, 0.0031220698729157448, 0.0017990127671509981, 0.004797576926648617, 0.008804787881672382, 0.002298937877640128, 0.004807231016457081, 0.004449342377483845, 0.0043336208909749985, 0.00512127298861742, 0.0034629434812813997, 0.005474270321428776, 0.003596111200749874, 0.002713570138439536, 0.00436549074947834, 0.007363871671259403, 0.0035990248434245586, 0.0021263931412249804, 0.004484718665480614, 0.00300547550432384, 0.0037110557314008474, 0.0037575028836727142, 0.004461027681827545, 0.004939286038279533, 0.005439485423266888, 0.004537451080977917, 0.004349343944340944, 0.005374392960220575, 0.001579078147187829, 0.006455683149397373, 0.005660128779709339, 0.003174316370859742, 0.003002309473231435, 0.0038162278942763805, 0.006959781516343355, 0.004964482970535755, 0.004410987254232168, 0.003826309461146593, 0.0033361350651830435, 0.002242762129753828, 0.004403827711939812, 0.003021473763510585, 0.006490039639174938, 0.005002599209547043, 0.005060296040028334, 0.00468040257692337, 0.0027245956007391214, 0.004700059071183205, 0.003760583233088255, 0.009473745711147785, 0.007186638657003641, 0.006165074650198221, 0.004145963583141565, 0.005339170340448618, 0.004570983815938234, 0.004456277005374432, 0.005547237582504749, 0.002811558311805129, 0.002116135088726878, 0.00583623955026269, 0.004004520829766989, 0.004205113276839256, 0.005077931564301252, 0.005498296115547419, 0.004628798924386501, 0.004501258488744497]
model.13.cv3.conv.weight_zero_point[0, 0, 0, 0, 0, 0, 0, 0, 0, 0, 0, 0, 0, 0, 0, 0, 0, 0, 0, 0, 0, 0, 0, 0, 0, 0, 0, 0, 0, 0, 0, 0, 0, 0, 0, 0, 0, 0, 0, 0, 0, 0, 0, 0, 0, 0, 0, 0, 0, 0, 0, 0, 0, 0, 0, 0, 0, 0, 0, 0, 0, 0, 0, 0, 0, 0, 0, 0, 0, 0, 0, 0, 0, 0, 0, 0, 0, 0, 0, 0, 0, 0, 0, 0, 0, 0, 0, 0, 0, 0, 0, 0, 0, 0, 0, 0, 0, 0, 0, 0, 0, 0, 0, 0, 0, 0, 0, 0, 0, 0, 0, 0, 0, 0, 0, 0, 0, 0, 0, 0, 0, 0, 0, 0, 0, 0, 0, 0]
model.13.cv3.conv.weight_quantized 查看对应txt文件
/model.13/cv3/act/Sigmoid_output_0_zero_point[-128]
/model.13/cv3/act/Sigmoid_output_0_scale[0.003907670266926289]
/model.13/cv3/act/Mul_output_0_zero_point[-116]
/model.13/cv3/act/Mul_output_0_scale[0.02312704548239708]
/model.14/conv/Conv_output_0_zero_point[6]
/model.14/conv/Conv_output_0_scale[0.054280687123537064]
model.14.conv.weight_scale[0.0035886492114514112, 0.0032950779423117638, 0.004613692406564951, 0.0033211298286914825, 0.005298393312841654, 0.003700548317283392, 0.0038833559956401587, 0.004218596965074539, 0.004520423710346222, 0.0035665654577314854, 0.0030929232016205788, 0.003981947898864746, 0.003985902760177851, 0.0033196373842656612, 0.004294721409678459, 0.005428398493677378, 0.007010777946561575, 0.0049259536899626255, 0.005130014847964048, 0.004777223337441683, 0.006718405522406101, 0.0025648835580796003, 0.003195849247276783, 0.0030766273848712444, 0.005146809853613377, 0.0052780346013605595, 0.007537400349974632, 0.006574175786226988, 0.005510942544788122, 0.005260190926492214, 0.005551330745220184, 0.0038033975288271904, 0.004918796010315418, 0.004939437378197908, 0.0019940456841140985, 0.003180034225806594, 0.006282298360019922, 0.0031793643720448017, 0.00338191376067698, 0.00649302639067173, 0.0028215099591761827, 0.0042056855745613575, 0.005377267021685839, 0.005912437103688717, 0.0033584407065063715, 0.005735279060900211, 0.005959333851933479, 0.003877980401739478, 0.004789730999618769, 0.005173265002667904, 0.004276142921298742, 0.003288410371169448, 0.004176040180027485, 0.00511964363977313, 0.007065244484692812, 0.004994246177375317, 0.005871057976037264, 0.003633944084867835, 0.004489355720579624, 0.0028150768484920263, 0.004559494089335203, 0.004854247439652681, 0.005007962696254253, 0.003745449474081397]
model.14.conv.weight_zero_point[0, 0, 0, 0, 0, 0, 0, 0, 0, 0, 0, 0, 0, 0, 0, 0, 0, 0, 0, 0, 0, 0, 0, 0, 0, 0, 0, 0, 0, 0, 0, 0, 0, 0, 0, 0, 0, 0, 0, 0, 0, 0, 0, 0, 0, 0, 0, 0, 0, 0, 0, 0, 0, 0, 0, 0, 0, 0, 0, 0, 0, 0, 0, 0]
model.14.conv.weight_quantized 查看对应txt文件
/model.14/act/Sigmoid_output_0_zero_point[-128]
/model.14/act/Sigmoid_output_0_scale[0.0039160652086138725]
/model.14/act/Mul_output_0_zero_point[-118]
/model.14/act/Mul_output_0_scale[0.026810603216290474]
/model.16/Concat_output_0_zero_point[-121]
/model.16/Concat_output_0_scale[0.03766931593418121]
/model.17/cv1/conv/Conv_output_0_zero_point[43]
/model.17/cv1/conv/Conv_output_0_scale[0.04640895500779152]
model.17.cv1.conv.weight_scale[0.0023369977716356516, 0.0031223457772284746, 0.0021490047220140696, 0.003512953408062458, 0.004314730409532785, 0.002009935211390257, 0.003393559716641903, 0.0014566993340849876, 0.002150639658793807, 0.004312342032790184, 0.0019674773793667555, 0.002377476077526808, 0.003771339077502489, 0.003006900195032358, 0.0019058920443058014, 0.0033663881476968527, 0.0039431932382285595, 0.0017359252087771893, 0.0031927195377647877, 0.003216870129108429, 0.001304371515288949, 0.007175082806497812, 0.002382773905992508, 0.004111884627491236, 0.003177415346726775, 0.0025124186649918556, 0.004788292571902275, 0.0013583604013547301, 0.0027130923699587584, 0.0019471062114462256, 0.0030558716971427202, 0.0011935648508369923]
model.17.cv1.conv.weight_zero_point[0, 0, 0, 0, 0, 0, 0, 0, 0, 0, 0, 0, 0, 0, 0, 0, 0, 0, 0, 0, 0, 0, 0, 0, 0, 0, 0, 0, 0, 0, 0, 0]
model.17.cv1.conv.weight_quantized 查看对应txt文件
/model.17/cv1/act/Sigmoid_output_0_zero_point[-128]
/model.17/cv1/act/Sigmoid_output_0_scale[0.003843712853267789]
/model.17/cv1/act/Mul_output_0_zero_point[-111]
/model.17/cv1/act/Mul_output_0_scale[0.016079945489764214]
/model.17/m/m.0/cv1/conv/Conv_output_0_zero_point[20]
/model.17/m/m.0/cv1/conv/Conv_output_0_scale[0.050416745245456696]
model.17.m.0.cv1.conv.weight_scale[0.005293999798595905, 0.006232329178601503, 0.005132156424224377, 0.009178697131574154, 0.00993293896317482, 0.00941092986613512, 0.010959221981465816, 0.011622623540461063, 0.0142642417922616, 0.008151651360094547, 0.012847257778048515, 0.013165440410375595, 0.012197848409414291, 0.007664673496037722, 0.0054858108051121235, 0.008669241331517696, 0.0070005059242248535, 0.004452623426914215, 0.007035228423774242, 0.006843838840723038, 0.004740642383694649, 0.010098670609295368, 0.009788617491722107, 0.014408491551876068, 0.019535228610038757, 0.009245943278074265, 0.0060574971139431, 0.014523373916745186, 0.013210456818342209, 0.012165375985205173, 0.007371854968369007, 0.009072585962712765]
model.17.m.0.cv1.conv.weight_zero_point[0, 0, 0, 0, 0, 0, 0, 0, 0, 0, 0, 0, 0, 0, 0, 0, 0, 0, 0, 0, 0, 0, 0, 0, 0, 0, 0, 0, 0, 0, 0, 0]
model.17.m.0.cv1.conv.weight_quantized 查看对应txt文件
/model.17/m/m.0/cv1/act/Sigmoid_output_0_zero_point[-128]
/model.17/m/m.0/cv1/act/Sigmoid_output_0_scale[0.003903523087501526]
/model.17/m/m.0/cv1/act/Mul_output_0_zero_point[-115]
/model.17/m/m.0/cv1/act/Mul_output_0_scale[0.022080274298787117]
/model.17/m/m.0/cv2/conv/Conv_output_0_zero_point[26]
/model.17/m/m.0/cv2/conv/Conv_output_0_scale[0.07266908138990402]
model.17.m.0.cv2.conv.weight_scale[0.0026420913636684418, 0.002342066029086709, 0.0035965098068118095, 0.002583276480436325, 0.0009326133877038956, 0.0025455490685999393, 0.0038237266708165407, 0.0021620646584779024, 0.004342407453805208, 0.003777605015784502, 0.0015637129545211792, 0.00471548642963171, 0.0032104116398841143, 0.0033326693810522556, 0.001971567515283823, 0.0030268821865320206, 0.003037442918866873, 0.008436482399702072, 0.0021652609575539827, 0.003201443934813142, 0.008025656454265118, 0.004174869041889906, 0.0029333513230085373, 0.0009812748758122325, 0.00677888561040163, 0.0025725821033120155, 0.003232452319934964, 0.007870679721236229, 0.002864232286810875, 0.0034848013892769814, 0.0038161701522767544, 0.004040663596242666]
model.17.m.0.cv2.conv.weight_zero_point[0, 0, 0, 0, 0, 0, 0, 0, 0, 0, 0, 0, 0, 0, 0, 0, 0, 0, 0, 0, 0, 0, 0, 0, 0, 0, 0, 0, 0, 0, 0, 0]
model.17.m.0.cv2.conv.weight_quantized 查看对应txt文件
/model.17/m/m.0/cv2/act/Sigmoid_output_0_zero_point[-128]
/model.17/m/m.0/cv2/act/Sigmoid_output_0_scale[0.00391904404386878]
/model.17/m/m.0/cv2/act/Mul_output_0_zero_point[-119]
/model.17/m/m.0/cv2/act/Mul_output_0_scale[0.029886972159147263]
/model.17/cv2/conv/Conv_output_0_zero_point[-13]
/model.17/cv2/conv/Conv_output_0_scale[0.0969780907034874]
model.17.cv2.conv.weight_scale[0.0021638108883053064, 0.004190162755548954, 0.0033445185981690884, 0.005992867052555084, 0.004748675040900707, 0.004280362743884325, 0.012281033210456371, 0.004944050218909979, 0.003577755531296134, 0.004063685890287161, 0.002105571096763015, 0.00396061223000288, 0.003867027349770069, 0.003414265811443329, 0.003443041117861867, 0.003960976842790842, 0.0032902501989156008, 0.003455572295933962, 0.0017986841266974807, 0.0037888006772845984, 0.0022092259023338556, 0.004169192630797625, 0.005243914667516947, 0.0024693645536899567, 0.002249576849862933, 0.004501924850046635, 0.0040509505197405815, 0.004610168747603893, 0.0054153017699718475, 0.0049298848025500774, 0.0053577241487801075, 0.00279821059666574]
model.17.cv2.conv.weight_zero_point[0, 0, 0, 0, 0, 0, 0, 0, 0, 0, 0, 0, 0, 0, 0, 0, 0, 0, 0, 0, 0, 0, 0, 0, 0, 0, 0, 0, 0, 0, 0, 0]
model.17.cv2.conv.weight_quantized 查看对应txt文件
/model.17/cv2/act/Sigmoid_output_0_zero_point[-128]
/model.17/cv2/act/Sigmoid_output_0_scale[0.003921563737094402]
/model.17/cv2/act/Mul_output_0_zero_point[-123]
/model.17/cv2/act/Mul_output_0_scale[0.054483797401189804]
/model.17/Concat_output_0_zero_point[-123]
/model.17/Concat_output_0_scale[0.054483797401189804]
/model.17/cv3/conv/Conv_output_0_zero_point[-2]
/model.17/cv3/conv/Conv_output_0_scale[0.18448731303215027]
model.17.cv3.conv.weight_scale[0.00965827889740467, 0.013435092754662037, 0.007157516665756702, 0.010456785559654236, 0.007900620810687542, 0.005833313334733248, 0.005911190062761307, 0.014740854501724243, 0.021065987646579742, 0.014892038889229298, 0.010489731095731258, 0.010553854517638683, 0.010860524140298367, 0.01790683902800083, 0.00886086281388998, 0.012376162223517895, 0.012018394656479359, 0.009735283441841602, 0.006633063778281212, 0.01282528042793274, 0.016214177012443542, 0.01430015079677105, 0.011069361120462418, 0.004449006635695696, 0.022673411294817924, 0.009451582096517086, 0.006154008209705353, 0.0032330176327377558, 0.009048817679286003, 0.007418038323521614, 0.010875042527914047, 0.009720724076032639, 0.01645667478442192, 0.023701278492808342, 0.0060319141484797, 0.004816075786948204, 0.008181331679224968, 0.005794765427708626, 0.012162240222096443, 0.005362935829907656, 0.012806267477571964, 0.011404860764741898, 0.012051661498844624, 0.012695403769612312, 0.00884484127163887, 0.005658334586769342, 0.015772221609950066, 0.015031983144581318, 0.017087658867239952, 0.01572597585618496, 0.007483855355530977, 0.007434525992721319, 0.014531266875565052, 0.006527813617140055, 0.01139925979077816, 0.010438291355967522, 0.00954898726195097, 0.007955927401781082, 0.01720396988093853, 0.0140330595895648, 0.011174168437719345, 0.010023822076618671, 0.00942655373364687, 0.007536610122770071]
model.17.cv3.conv.weight_zero_point[0, 0, 0, 0, 0, 0, 0, 0, 0, 0, 0, 0, 0, 0, 0, 0, 0, 0, 0, 0, 0, 0, 0, 0, 0, 0, 0, 0, 0, 0, 0, 0, 0, 0, 0, 0, 0, 0, 0, 0, 0, 0, 0, 0, 0, 0, 0, 0, 0, 0, 0, 0, 0, 0, 0, 0, 0, 0, 0, 0, 0, 0, 0, 0]
model.17.cv3.conv.weight_quantized 查看对应txt文件
/model.17/cv3/act/Sigmoid_output_0_zero_point[-128]
/model.17/cv3/act/Sigmoid_output_0_scale[0.003921568859368563]
/model.17/cv3/act/Mul_output_0_zero_point[-125]
/model.17/cv3/act/Mul_output_0_scale[0.09478168934583664]
/model.18/conv/Conv_output_0_zero_point[12]
/model.18/conv/Conv_output_0_scale[0.06297425180673599]
model.18.conv.weight_scale[0.0011311161797493696, 0.002229175064712763, 0.0010069124400615692, 0.0009260220103897154, 0.0007420670590363443, 0.001037765759974718, 0.0008514696382917464, 0.0020912671461701393, 0.0008469794993288815, 0.0007131944294087589, 0.001411842298693955, 0.0005421171663329005, 0.0010290315840393305, 0.00015645720122847706, 0.0003631008439697325, 0.0003484786720946431, 0.00019108055857941508, 0.0006570180412381887, 0.0002995081595145166, 0.0006009633070789278, 0.00025649648159742355, 0.0010061318753287196, 0.0005014116177335382, 0.0006200397619977593, 0.0015095245325937867, 0.001171838608570397, 0.0007649603649042547, 0.0005087658064439893, 0.00020569747721310705, 0.0006330540054477751, 0.0008015003986656666, 0.0002703513891901821, 0.0006790826446376741, 0.0002833311737049371, 0.00023559459077659994, 0.001775336917489767, 0.00023264650371856987, 0.0002705601800698787, 0.00032265973277390003, 0.000602834508754313, 0.00031944309012033045, 0.00036638512392528355, 0.0010770463850349188, 0.0015852134674787521, 0.0005737486062571406, 0.0008841545786708593, 0.0015611033886671066, 0.0005007369909435511, 0.0010911055142059922, 0.0013140352675691247, 0.002021600492298603, 0.0010779284639284015, 0.0005910526379011571, 0.0011674314737319946, 0.00019556634651962668, 0.00017688272055238485, 0.0007398019079118967, 0.0010553015163168311, 0.0006370021728798747, 0.0006696190685033798, 0.0002687743108253926, 0.001788203720934689, 0.00029852802981622517, 0.002650819718837738]
model.18.conv.weight_zero_point[0, 0, 0, 0, 0, 0, 0, 0, 0, 0, 0, 0, 0, 0, 0, 0, 0, 0, 0, 0, 0, 0, 0, 0, 0, 0, 0, 0, 0, 0, 0, 0, 0, 0, 0, 0, 0, 0, 0, 0, 0, 0, 0, 0, 0, 0, 0, 0, 0, 0, 0, 0, 0, 0, 0, 0, 0, 0, 0, 0, 0, 0, 0, 0]
model.18.conv.weight_quantized 查看对应txt文件
/model.18/act/Sigmoid_output_0_zero_point[-128]
/model.18/act/Sigmoid_output_0_scale[0.0039186906069517136]
/model.18/act/Mul_output_0_zero_point[-119]
/model.18/act/Mul_output_0_scale[0.0293713565915823]
/model.19/Concat_output_0_zero_point[-119]
/model.19/Concat_output_0_scale[0.0293713565915823]
/model.20/cv1/conv/Conv_output_0_zero_point[1]
/model.20/cv1/conv/Conv_output_0_scale[0.05051543191075325]
model.20.cv1.conv.weight_scale[0.003413495607674122, 0.003943124786019325, 0.003978195134550333, 0.004119012039154768, 0.0021436787210404873, 0.0028881484176963568, 0.0071113863959908485, 0.0030747607816010714, 0.002157673705369234, 0.0030223934445530176, 0.003618124406784773, 0.0023996953386813402, 0.004301473964005709, 0.0030844903085380793, 0.002424716716632247, 0.0034661663230508566, 0.0024925789330154657, 0.003356056520715356, 0.002954569412395358, 0.003747039707377553, 0.004954630509018898, 0.004137261770665646, 0.0038078511133790016, 0.006145093124359846, 0.0034668208099901676, 0.0029005541000515223, 0.0033671639394015074, 0.0036173409316688776, 0.004285840783268213, 0.0062773991376161575, 0.004909955430775881, 0.00395327340811491, 0.0024794067721813917, 0.0037490061949938536, 0.005804962944239378, 0.003976993262767792, 0.004587894771248102, 0.00599785428494215, 0.005058541428297758, 0.003030128311365843, 0.0023918822407722473, 0.003703185124322772, 0.002946440828964114, 0.002597811399027705, 0.00720371026545763, 0.002399521879851818, 0.0034735221415758133, 0.0028093522414565086, 0.004814504645764828, 0.005771513096988201, 0.003452388336881995, 0.003577242372557521, 0.0032548047602176666, 0.0029800422489643097, 0.0026545461732894182, 0.003707509022206068, 0.004777963738888502, 0.00457558361813426, 0.003577067516744137, 0.002631690353155136, 0.0031577555928379297, 0.004676443058997393, 0.002723510144278407, 0.0037374719977378845]
model.20.cv1.conv.weight_zero_point[0, 0, 0, 0, 0, 0, 0, 0, 0, 0, 0, 0, 0, 0, 0, 0, 0, 0, 0, 0, 0, 0, 0, 0, 0, 0, 0, 0, 0, 0, 0, 0, 0, 0, 0, 0, 0, 0, 0, 0, 0, 0, 0, 0, 0, 0, 0, 0, 0, 0, 0, 0, 0, 0, 0, 0, 0, 0, 0, 0, 0, 0, 0, 0]
model.20.cv1.conv.weight_quantized 查看对应txt文件
/model.20/cv1/act/Sigmoid_output_0_zero_point[-128]
/model.20/cv1/act/Sigmoid_output_0_scale[0.00391481863334775]
/model.20/cv1/act/Mul_output_0_zero_point[-117]
/model.20/cv1/act/Mul_output_0_scale[0.02600198984146118]
/model.20/m/m.0/cv1/conv/Conv_output_0_zero_point[15]
/model.20/m/m.0/cv1/conv/Conv_output_0_scale[0.04304073378443718]
model.20.m.0.cv1.conv.weight_scale[0.0039473650977015495, 0.0033076698891818523, 0.003846182255074382, 0.00336650968529284, 0.004486634396016598, 0.009204331785440445, 0.00366512150503695, 0.002639432903379202, 0.0042156134732067585, 0.008367400616407394, 0.00440220907330513, 0.005792159587144852, 0.0023224365431815386, 0.004824697971343994, 0.0038865115493535995, 0.0025042921770364046, 0.0044021918438375, 0.004768066573888063, 0.0027623975183814764, 0.006338018923997879, 0.0033515417017042637, 0.0025371257215738297, 0.002926959889009595, 0.01078768353909254, 0.004635795019567013, 0.0032745192293077707, 0.007469785399734974, 0.003232357557862997, 0.0036960081197321415, 0.0032401157077401876, 0.005893447902053595, 0.00446994649246335, 0.005791040603071451, 0.005872331093996763, 0.006036578677594662, 0.006001022644340992, 0.005057097412645817, 0.0069214897230267525, 0.002419899683445692, 0.0014280877076089382, 0.004208211321383715, 0.009033691138029099, 0.003931701648980379, 0.0035813944414258003, 0.0033742766827344894, 0.0030625753570348024, 0.0033944263122975826, 0.007048821076750755, 0.003205783199518919, 0.006589594762772322, 0.0031204787082970142, 0.0047543905675411224, 0.004739821422845125, 0.003810925642028451, 0.007583046797662973, 0.009454210288822651, 0.0032980830874294043, 0.007516565732657909, 0.006282515358179808, 0.0048296647146344185, 0.003911998122930527, 0.0033185251522809267, 0.0030115984845906496, 0.002724545542150736]
model.20.m.0.cv1.conv.weight_zero_point[0, 0, 0, 0, 0, 0, 0, 0, 0, 0, 0, 0, 0, 0, 0, 0, 0, 0, 0, 0, 0, 0, 0, 0, 0, 0, 0, 0, 0, 0, 0, 0, 0, 0, 0, 0, 0, 0, 0, 0, 0, 0, 0, 0, 0, 0, 0, 0, 0, 0, 0, 0, 0, 0, 0, 0, 0, 0, 0, 0, 0, 0, 0, 0]
model.20.m.0.cv1.conv.weight_quantized 查看对应txt文件
/model.20/m/m.0/cv1/act/Sigmoid_output_0_zero_point[-128]
/model.20/m/m.0/cv1/act/Sigmoid_output_0_scale[0.003890048712491989]
/model.20/m/m.0/cv1/act/Mul_output_0_zero_point[-114]
/model.20/m/m.0/cv1/act/Mul_output_0_scale[0.019824756309390068]
/model.20/m/m.0/cv2/conv/Conv_output_0_zero_point[19]
/model.20/m/m.0/cv2/conv/Conv_output_0_scale[0.08298707008361816]
model.20.m.0.cv2.conv.weight_scale[0.0032460701186209917, 0.0036504464223980904, 0.0040348912589251995, 0.005768722854554653, 0.00607647281140089, 0.0011049627792090178, 0.0032907198183238506, 0.006155807059258223, 0.003517179749906063, 0.0015783292474225163, 0.006906382739543915, 0.005437420681118965, 0.003560066455975175, 0.006358841434121132, 0.004660110920667648, 0.006290028337389231, 0.004743797704577446, 0.005728968419134617, 0.005353427492082119, 0.0034081696067005396, 0.004084615036845207, 0.003099289024248719, 0.002649142639711499, 0.005651514045894146, 0.001267208601348102, 0.0034485666546970606, 0.0049963453784585, 0.00560555187985301, 0.0055066803470253944, 0.0035712397657334805, 0.006507035810500383, 0.004899895749986172, 0.004872578661888838, 0.002367630135267973, 0.0033556423150002956, 0.003830477362498641, 0.00647383276373148, 0.002756488509476185, 0.0034867865033447742, 0.009436693042516708, 0.003314789617434144, 0.0048714797012507915, 0.0023971807677298784, 0.006794841960072517, 0.005248710047453642, 0.002541668014600873, 0.004935839679092169, 0.004402474034577608, 0.006319036707282066, 0.003511055139824748, 0.002866453258320689, 0.007066584192216396, 0.006032150704413652, 0.007396153640002012, 0.006924871355295181, 0.0022627166472375393, 0.004320030566304922, 0.010553743690252304, 0.007541960570961237, 0.005232243798673153, 0.004793412517756224, 0.0036479653790593147, 0.002983308397233486, 0.0013746360782533884]
model.20.m.0.cv2.conv.weight_zero_point[0, 0, 0, 0, 0, 0, 0, 0, 0, 0, 0, 0, 0, 0, 0, 0, 0, 0, 0, 0, 0, 0, 0, 0, 0, 0, 0, 0, 0, 0, 0, 0, 0, 0, 0, 0, 0, 0, 0, 0, 0, 0, 0, 0, 0, 0, 0, 0, 0, 0, 0, 0, 0, 0, 0, 0, 0, 0, 0, 0, 0, 0, 0, 0]
model.20.m.0.cv2.conv.weight_quantized 查看对应txt文件
/model.20/m/m.0/cv2/act/Sigmoid_output_0_zero_point[-128]
/model.20/m/m.0/cv2/act/Sigmoid_output_0_scale[0.003921067342162132]
/model.20/m/m.0/cv2/act/Mul_output_0_zero_point[-120]
/model.20/m/m.0/cv2/act/Mul_output_0_scale[0.036244023591279984]
/model.20/cv2/conv/Conv_output_0_zero_point[-6]
/model.20/cv2/conv/Conv_output_0_scale[0.06166347116231918]
model.20.cv2.conv.weight_scale[0.00255270185880363, 0.005440844688564539, 0.0026387402322143316, 0.002471085637807846, 0.0023913367185741663, 0.001988727832213044, 0.0031890100799500942, 0.0036410235334187746, 0.004008198156952858, 0.004601445980370045, 0.0041751437820494175, 0.0025917887687683105, 0.0015168775571510196, 0.005034617148339748, 0.0038190693594515324, 0.004446016624569893, 0.0028150228317826986, 0.001659058267250657, 0.0029069974552839994, 0.0026889604050666094, 0.003529570298269391, 0.004914089106023312, 0.0033106233458966017, 0.003941730596125126, 0.0029448799323290586, 0.0036295754835009575, 0.004092728719115257, 0.003147508716210723, 0.0025427821092307568, 0.0029629068449139595, 0.005203623790293932, 0.005813981872051954, 0.0031425601337105036, 0.002970189554616809, 0.0031452751718461514, 0.003758565289899707, 0.0027712166775017977, 0.002536894055083394, 0.003195874858647585, 0.0030509105417877436, 0.00592326233163476, 0.0030703016091138124, 0.004091930575668812, 0.004683816805481911, 0.0027613115962594748, 0.011414076201617718, 0.0034073491115123034, 0.005950132850557566, 0.0038089356385171413, 0.0026401556096971035, 0.002931228606030345, 0.003391610225662589, 0.0017361619975417852, 0.002718148287385702, 0.0020659209694713354, 0.004132329020649195, 0.0044447327964007854, 0.0037151160649955273, 0.004872409626841545, 0.003122747642919421, 0.004024919588118792, 0.00291121075861156, 0.0020984713919460773, 0.0031207241117954254]
model.20.cv2.conv.weight_zero_point[0, 0, 0, 0, 0, 0, 0, 0, 0, 0, 0, 0, 0, 0, 0, 0, 0, 0, 0, 0, 0, 0, 0, 0, 0, 0, 0, 0, 0, 0, 0, 0, 0, 0, 0, 0, 0, 0, 0, 0, 0, 0, 0, 0, 0, 0, 0, 0, 0, 0, 0, 0, 0, 0, 0, 0, 0, 0, 0, 0, 0, 0, 0, 0]
model.20.cv2.conv.weight_quantized 查看对应txt文件
/model.20/cv2/act/Sigmoid_output_0_zero_point[-128]
/model.20/cv2/act/Sigmoid_output_0_scale[0.003920489922165871]
/model.20/cv2/act/Mul_output_0_zero_point[-120]
/model.20/cv2/act/Mul_output_0_scale[0.033234529197216034]
/model.20/Concat_output_0_zero_point[-120]
/model.20/Concat_output_0_scale[0.036244023591279984]
/model.20/cv3/conv/Conv_output_0_zero_point[-15]
/model.20/cv3/conv/Conv_output_0_scale[0.16997773945331573]
model.20.cv3.conv.weight_scale[0.013067561201751232, 0.012358186766505241, 0.006711296271532774, 0.013815159909427166, 0.011276026256382465, 0.00972137413918972, 0.006258445791900158, 0.005627676844596863, 0.010517056100070477, 0.006968817673623562, 0.011113028042018414, 0.006413462571799755, 0.008890719152987003, 0.009418511763215065, 0.0035358022432774305, 0.016131309792399406, 0.00822355505079031, 0.0049102031625807285, 0.005761784501373768, 0.0037772762589156628, 0.009170077741146088, 0.005480073392391205, 0.007993326522409916, 0.011676126159727573, 0.008243617601692677, 0.005012412555515766, 0.012542925775051117, 0.008882394060492516, 0.011217855848371983, 0.0084794070571661, 0.00712128821760416, 0.008625607006251812, 0.0051195695996284485, 0.01647058315575123, 0.007862098515033722, 0.010829818435013294, 0.008022007532417774, 0.008409465663135052, 0.01422907691448927, 0.0047786301001906395, 0.006721427198499441, 0.009670852683484554, 0.00871132593601942, 0.007623842917382717, 0.006060450337827206, 0.015266457572579384, 0.015112237073481083, 0.007119340822100639, 0.005703185684978962, 0.00894345436245203, 0.007371612824499607, 0.014872957020998001, 0.006411623675376177, 0.014186720363795757, 0.009428593330085278, 0.007604395039379597, 0.002661248901858926, 0.006866016890853643, 0.008301503956317902, 0.009199369698762894, 0.012868954800069332, 0.009676395915448666, 0.005829547066241503, 0.007506967522203922, 0.007053613197058439, 0.011364384554326534, 0.012209341861307621, 0.00428645359352231, 0.010239013470709324, 0.00929397065192461, 0.006216760724782944, 0.008482268080115318, 0.00720726465806365, 0.012475136667490005, 0.006880362518131733, 0.00875552836805582, 0.01374091487377882, 0.005746707785874605, 0.004363870248198509, 0.006682094186544418, 0.010493035428225994, 0.014240345917642117, 0.009775351732969284, 0.004731127060949802, 0.011312226764857769, 0.009856708347797394, 0.011027729138731956, 0.011360442265868187, 0.007123598828911781, 0.011633655987679958, 0.011028007604181767, 0.01474981289356947, 0.009380761533975601, 0.011598320677876472, 0.004994617309421301, 0.008086424320936203, 0.014322959817945957, 0.006829205434769392, 0.007000429090112448, 0.013301989994943142, 0.005026894621551037, 0.010501159355044365, 0.01293144840747118, 0.006027570925652981, 0.004878940060734749, 0.0130007928237319, 0.004407185595482588, 0.011941156350076199, 0.01241106167435646, 0.009520314633846283, 0.007341865450143814, 0.01124243251979351, 0.009999015368521214, 0.0037952610291540623, 0.0069882809184491634, 0.006582766305655241, 0.008566310629248619, 0.008821148425340652, 0.009520242922008038, 0.007367209065705538, 0.0021333799231797457, 0.011804199777543545, 0.005792504642158747, 0.01026562787592411, 0.010626595467329025, 0.005410938058048487, 0.0038180635310709476, 0.013240315020084381]
model.20.cv3.conv.weight_zero_point[0, 0, 0, 0, 0, 0, 0, 0, 0, 0, 0, 0, 0, 0, 0, 0, 0, 0, 0, 0, 0, 0, 0, 0, 0, 0, 0, 0, 0, 0, 0, 0, 0, 0, 0, 0, 0, 0, 0, 0, 0, 0, 0, 0, 0, 0, 0, 0, 0, 0, 0, 0, 0, 0, 0, 0, 0, 0, 0, 0, 0, 0, 0, 0, 0, 0, 0, 0, 0, 0, 0, 0, 0, 0, 0, 0, 0, 0, 0, 0, 0, 0, 0, 0, 0, 0, 0, 0, 0, 0, 0, 0, 0, 0, 0, 0, 0, 0, 0, 0, 0, 0, 0, 0, 0, 0, 0, 0, 0, 0, 0, 0, 0, 0, 0, 0, 0, 0, 0, 0, 0, 0, 0, 0, 0, 0, 0, 0]
model.20.cv3.conv.weight_quantized 查看对应txt文件
/model.20/cv3/act/Sigmoid_output_0_zero_point[-128]
/model.20/cv3/act/Sigmoid_output_0_scale[0.003921568859368563]
/model.20/cv3/act/Mul_output_0_zero_point[-125]
/model.20/cv3/act/Mul_output_0_scale[0.09589779376983643]
/model.21/conv/Conv_output_0_zero_point[-7]
/model.21/conv/Conv_output_0_scale[0.0771893560886383]
model.21.conv.weight_scale[0.0008036486688069999, 0.00019697776588145643, 0.0012142271734774113, 0.0001729804353090003, 0.002446996048092842, 0.0002186400961363688, 0.001977904699742794, 0.0008376503246836364, 0.0016571993473917246, 0.0005957329412922263, 0.0010582486866042018, 0.0008391346782445908, 0.000897422491107136, 0.0006458006100729108, 0.0015368075110018253, 0.0009132709237746894, 0.0008140301215462387, 0.0005580438300967216, 0.00033249036641791463, 0.00022498714679386467, 0.0006472606328316033, 0.00025351776275783777, 0.00027300274814479053, 0.000899162725545466, 0.0006198959890753031, 0.00019768708443734795, 0.00022330092906486243, 0.0007932523149065673, 0.0011250694515183568, 0.0005279636825434864, 0.0014802085934206843, 0.0003067573416046798, 0.0008591925725340843, 0.0005665086791850626, 0.00036613785778172314, 0.0019911497365683317, 0.0012370548211038113, 0.0008294681902043521, 0.001286275452002883, 0.0019932009745389223, 0.0006461029406636953, 0.0002215291024185717, 0.0012217311887070537, 0.0009040130535140634, 0.0007958836504258215, 0.00034466999932192266, 0.00018183801148552448, 0.0004604359273798764, 0.00048137333942577243, 0.00034879351733252406, 0.0010244594886898994, 0.0005569520872086287, 0.0011619736906141043, 0.0005336745525710285, 0.00017322576604783535, 0.00040663708932697773, 0.0006517348228953779, 0.00027590690297074616, 0.000932455703150481, 0.0008082595886662602, 0.0002771856670733541, 0.0022338214330375195, 0.00011548109614523128, 0.00032382627250626683, 0.0007583664846606553, 0.00022235351207200438, 0.0006637038313783705, 0.0015451887156814337, 0.001030512386932969, 0.00022114401508588344, 0.00023727123334538192, 0.0016562226228415966, 0.0014551019994542003, 0.0005992210935801268, 0.0014882410177960992, 0.00026442244416102767, 0.0005914117791689932, 0.0004965130356140435, 0.0014401294756680727, 0.0007205051369965076, 0.00017497430962976068, 0.0013653767528012395, 0.00023244354815687984, 0.00018643235671333969, 0.0014170861104503274, 0.000756232300773263, 0.0011624378385022283, 0.0007601939723826945, 0.001471550203859806, 0.0007726543117314577, 0.00012068545038346201, 0.0010819490998983383, 0.0005208476795814931, 0.0023704615887254477, 0.00016273809887934476, 0.000300581130431965, 0.0002817305794451386, 0.0005953344516456127, 0.00017959349497687072, 0.0016769709764048457, 0.00026123024872504175, 0.0010594233172014356, 0.0010601220419630408, 0.0013331952504813671, 0.0004591492470353842, 0.00124221364967525, 0.00030313251772895455, 0.00018458138220012188, 0.00043761395500041544, 0.0006699601653963327, 0.0005523961735889316, 0.000593548349570483, 0.0004658843972720206, 0.0014505936997011304, 0.0007421934860758483, 0.0018517012940719724, 0.0002618570579215884, 0.0006685373955406249, 0.00028402847237885, 0.0021245016250759363, 0.001417861320078373, 0.0007722299196757376, 0.00018995515711139888, 0.00023968078312464058, 0.0005800519720651209, 0.00017040704551618546, 0.00022157693456392735, 0.0015356329968199134]
model.21.conv.weight_zero_point[0, 0, 0, 0, 0, 0, 0, 0, 0, 0, 0, 0, 0, 0, 0, 0, 0, 0, 0, 0, 0, 0, 0, 0, 0, 0, 0, 0, 0, 0, 0, 0, 0, 0, 0, 0, 0, 0, 0, 0, 0, 0, 0, 0, 0, 0, 0, 0, 0, 0, 0, 0, 0, 0, 0, 0, 0, 0, 0, 0, 0, 0, 0, 0, 0, 0, 0, 0, 0, 0, 0, 0, 0, 0, 0, 0, 0, 0, 0, 0, 0, 0, 0, 0, 0, 0, 0, 0, 0, 0, 0, 0, 0, 0, 0, 0, 0, 0, 0, 0, 0, 0, 0, 0, 0, 0, 0, 0, 0, 0, 0, 0, 0, 0, 0, 0, 0, 0, 0, 0, 0, 0, 0, 0, 0, 0, 0, 0]
model.21.conv.weight_quantized 查看对应txt文件
/model.21/act/Sigmoid_output_0_zero_point[-128]
/model.21/act/Sigmoid_output_0_scale[0.00392144313082099]
/model.21/act/Mul_output_0_zero_point[-121]
/model.21/act/Mul_output_0_scale[0.04167800024151802]
/model.22/Concat_output_0_zero_point[-121]
/model.22/Concat_output_0_scale[0.04167800024151802]
/model.23/cv1/conv/Conv_output_0_zero_point[4]
/model.23/cv1/conv/Conv_output_0_scale[0.0911160334944725]
model.23.cv1.conv.weight_scale[0.0037816681433469057, 0.002586203161627054, 0.004679215606302023, 0.0024087727069854736, 0.003192119300365448, 0.0041021378710865974, 0.0033932169899344444, 0.003774599637836218, 0.002446620026603341, 0.00305520324036479, 0.00368880364112556, 0.0030926193576306105, 0.005858993157744408, 0.0022476036101579666, 0.007141436915844679, 0.0034395859111100435, 0.003805232932791114, 0.0037893408443778753, 0.0036458000540733337, 0.002446727594360709, 0.004329780116677284, 0.006010216660797596, 0.0029048495925962925, 0.004057320766150951, 0.0032860892824828625, 0.0028296823147684336, 0.0047236159443855286, 0.003801718121394515, 0.0034619811922311783, 0.004956163465976715, 0.0022978258784860373, 0.002881683176383376, 0.006488678976893425, 0.004288617987185717, 0.005040101241320372, 0.0037082345224916935, 0.003680624533444643, 0.003043582895770669, 0.0032008755952119827, 0.0036181004252284765, 0.004312162287533283, 0.003667292185127735, 0.0021749308798462152, 0.002953101648017764, 0.004322965629398823, 0.0034033528063446283, 0.006981749553233385, 0.0038122383411973715, 0.004865449387580156, 0.0025324185844510794, 0.005385354161262512, 0.003189550247043371, 0.006932590622454882, 0.0028022844344377518, 0.008429060690104961, 0.0033834530040621758, 0.0033155069686472416, 0.003990188241004944, 0.002504955744370818, 0.0024086551275104284, 0.004398615565150976, 0.0022031718399375677, 0.007070817053318024, 0.003808098379522562, 0.003475945210084319, 0.0036774827167391777, 0.0039435154758393764, 0.003031827975064516, 0.002180863404646516, 0.0035424295347183943, 0.0034938231110572815, 0.003968391567468643, 0.0050278315320611, 0.003839694894850254, 0.0060030799359083176, 0.002186588477343321, 0.0034111838322132826, 0.003854702692478895, 0.0029608914628624916, 0.004684159066528082, 0.0032681685406714678, 0.009473351761698723, 0.004532346967607737, 0.0030537466518580914, 0.0035935973282903433, 0.00539191672578454, 0.008283543400466442, 0.004950711037963629, 0.002172954613342881, 0.002539948560297489, 0.0036970695946365595, 0.002821000525727868, 0.0025994880124926567, 0.005947395693510771, 0.004043349530547857, 0.003766127396374941, 0.0037655506748706102, 0.0028389845974743366, 0.0027148553635925055, 0.003039581933990121, 0.0028044614009559155, 0.006758313626050949, 0.004280858673155308, 0.006029048003256321, 0.0038775107823312283, 0.003545596031472087, 0.0037843212485313416, 0.003090196056291461, 0.0032751818653196096, 0.004294350277632475, 0.004884882364422083, 0.004552825354039669, 0.0034447722136974335, 0.00861764419823885, 0.004876377061009407, 0.0034931933041661978, 0.004809551872313023, 0.0035485050175338984, 0.0032932208850979805, 0.004559498745948076, 0.0054128412157297134, 0.0022762631997466087, 0.006613525561988354, 0.004636087920516729, 0.005258901044726372, 0.005063668359071016, 0.0028301416896283627, 0.0031343840528279543]
model.23.cv1.conv.weight_zero_point[0, 0, 0, 0, 0, 0, 0, 0, 0, 0, 0, 0, 0, 0, 0, 0, 0, 0, 0, 0, 0, 0, 0, 0, 0, 0, 0, 0, 0, 0, 0, 0, 0, 0, 0, 0, 0, 0, 0, 0, 0, 0, 0, 0, 0, 0, 0, 0, 0, 0, 0, 0, 0, 0, 0, 0, 0, 0, 0, 0, 0, 0, 0, 0, 0, 0, 0, 0, 0, 0, 0, 0, 0, 0, 0, 0, 0, 0, 0, 0, 0, 0, 0, 0, 0, 0, 0, 0, 0, 0, 0, 0, 0, 0, 0, 0, 0, 0, 0, 0, 0, 0, 0, 0, 0, 0, 0, 0, 0, 0, 0, 0, 0, 0, 0, 0, 0, 0, 0, 0, 0, 0, 0, 0, 0, 0, 0, 0]
model.23.cv1.conv.weight_quantized 查看对应txt文件
/model.23/cv1/act/Sigmoid_output_0_zero_point[-128]
/model.23/cv1/act/Sigmoid_output_0_scale[0.003921516705304384]
/model.23/cv1/act/Mul_output_0_zero_point[-122]
/model.23/cv1/act/Mul_output_0_scale[0.04515732824802399]
/model.23/m/m.0/cv1/conv/Conv_output_0_zero_point[11]
/model.23/m/m.0/cv1/conv/Conv_output_0_scale[0.07465831935405731]
model.23.m.0.cv1.conv.weight_scale[0.006214838474988937, 0.0032435148023068905, 0.007294297218322754, 0.003000133205205202, 0.004953191615641117, 0.0076238010078668594, 0.0028649084270000458, 0.005503959022462368, 0.006885224487632513, 0.004268390126526356, 0.0029417492914944887, 0.005790309049189091, 0.004150673281401396, 0.006204073783010244, 0.002643116284161806, 0.005140015855431557, 0.007516863755881786, 0.0038060941733419895, 0.003671627026051283, 0.003181332489475608, 0.004134780261665583, 0.004518640227615833, 0.010064016096293926, 0.004229899495840073, 0.004193486180156469, 0.0037985118106007576, 0.003501293482258916, 0.004957008641213179, 0.0038178344257175922, 0.005304720252752304, 0.003444894216954708, 0.0048592896200716496, 0.003383033676072955, 0.0031966976821422577, 0.0040782722644507885, 0.004766994621604681, 0.004304609727114439, 0.008771403692662716, 0.008065574802458286, 0.003331009764224291, 0.004375722259283066, 0.004419798031449318, 0.005263101309537888, 0.0064393822103738785, 0.003316872986033559, 0.005097950808703899, 0.003501404542475939, 0.00389156024903059, 0.003998540807515383, 0.003895321860909462, 0.003979597240686417, 0.00703995069488883, 0.003203537780791521, 0.005086770746856928, 0.004963293205946684, 0.0041538747027516365, 0.004194147419184446, 0.006241170223802328, 0.004806129727512598, 0.005823121406137943, 0.005541111342608929, 0.004345034249126911, 0.003418038599193096, 0.0024837630335241556, 0.005692875944077969, 0.004612788092344999, 0.005192533601075411, 0.006263405550271273, 0.004671195521950722, 0.003230097470805049, 0.002767079509794712, 0.005266562104225159, 0.003827698528766632, 0.004276155959814787, 0.003520104568451643, 0.0049628219567239285, 0.003209491027519107, 0.00973499659448862, 0.004110036883503199, 0.0034770825877785683, 0.002923959866166115, 0.0036073364317417145, 0.005088359583169222, 0.004848067183047533, 0.004209527745842934, 0.003726518014445901, 0.005718669854104519, 0.005011367611587048, 0.008344529196619987, 0.004652261268347502, 0.0032234613317996264, 0.0052853054367005825, 0.006516285706311464, 0.003658274421468377, 0.004154597874730825, 0.008379599079489708, 0.0046823411248624325, 0.002232320373877883, 0.004960290621966124, 0.0033223030623048544, 0.004142347257584333, 0.003421102650463581, 0.00320044020190835, 0.004181090276688337, 0.0033590614330023527, 0.004592970013618469, 0.004119523800909519, 0.003161810804158449, 0.005223503801971674, 0.005587361752986908, 0.004763315431773663, 0.0026085348799824715, 0.005436284001916647, 0.006477394141256809, 0.004387583117932081, 0.006393222138285637, 0.004192947875708342, 0.006292213220149279, 0.004338911268860102, 0.005377831868827343, 0.007782597094774246, 0.00457326415926218, 0.003816451644524932, 0.003943073563277721, 0.006932375952601433, 0.005891636945307255, 0.0038121917750686407, 0.003493962809443474]
model.23.m.0.cv1.conv.weight_zero_point[0, 0, 0, 0, 0, 0, 0, 0, 0, 0, 0, 0, 0, 0, 0, 0, 0, 0, 0, 0, 0, 0, 0, 0, 0, 0, 0, 0, 0, 0, 0, 0, 0, 0, 0, 0, 0, 0, 0, 0, 0, 0, 0, 0, 0, 0, 0, 0, 0, 0, 0, 0, 0, 0, 0, 0, 0, 0, 0, 0, 0, 0, 0, 0, 0, 0, 0, 0, 0, 0, 0, 0, 0, 0, 0, 0, 0, 0, 0, 0, 0, 0, 0, 0, 0, 0, 0, 0, 0, 0, 0, 0, 0, 0, 0, 0, 0, 0, 0, 0, 0, 0, 0, 0, 0, 0, 0, 0, 0, 0, 0, 0, 0, 0, 0, 0, 0, 0, 0, 0, 0, 0, 0, 0, 0, 0, 0, 0]
model.23.m.0.cv1.conv.weight_quantized 查看对应txt文件
/model.23/m/m.0/cv1/act/Sigmoid_output_0_zero_point[-128]
/model.23/m/m.0/cv1/act/Sigmoid_output_0_scale[0.003920888062566519]
/model.23/m/m.0/cv1/act/Mul_output_0_zero_point[-120]
/model.23/m/m.0/cv1/act/Mul_output_0_scale[0.03504098951816559]
/model.23/m/m.0/cv2/conv/Conv_output_0_zero_point[31]
/model.23/m/m.0/cv2/conv/Conv_output_0_scale[0.10144427418708801]
model.23.m.0.cv2.conv.weight_scale[0.0030890312045812607, 0.0036366707645356655, 0.001996188424527645, 0.0018242652295157313, 0.00406055711209774, 0.0018603680655360222, 0.0023835895117372274, 0.0018945664633065462, 0.0025433157570660114, 0.000561188964638859, 0.0033403891138732433, 0.003270023502409458, 0.003695954103022814, 0.0037558285985141993, 0.0023629225324839354, 0.0018160080071538687, 0.002188390353694558, 0.006001186557114124, 0.0017050557071343064, 0.003757747821509838, 0.0032099750824272633, 0.0012312952894717455, 0.002649745438247919, 0.0017971681663766503, 0.0018386481096968055, 0.0014984719455242157, 0.005691384430974722, 0.0010914804879575968, 0.00201510195620358, 0.0020418192725628614, 0.0012123214546591043, 0.002049071714282036, 0.002284723101183772, 0.002660925267264247, 0.0026770192198455334, 0.001765687484294176, 0.002312084659934044, 0.0021823677234351635, 0.002384612802416086, 0.00235593575052917, 0.002650601789355278, 0.0009205804672092199, 0.002073313808068633, 0.0026735246647149324, 0.001497815828770399, 0.0008857389912009239, 0.0009057529969140887, 0.0029308812227100134, 0.0027637765742838383, 0.003292678389698267, 0.003777261357754469, 0.002226445125415921, 0.0022066819947212934, 0.0032561426050961018, 0.002309356816112995, 0.0026040286757051945, 0.0018068491481244564, 0.004366095177829266, 0.003964703064411879, 0.0021228212863206863, 0.0029381378553807735, 0.0023059872910380363, 0.004045254550874233, 0.0023520460817962885, 0.001636240165680647, 0.0021969315130263567, 0.0015030570793896914, 0.0017029213486239314, 0.002216765657067299, 0.004771559499204159, 0.002733142115175724, 0.002171538770198822, 0.002264943905174732, 0.003084785770624876, 0.0033433830831199884, 0.001498273923061788, 0.0042869956232607365, 0.0039038355462253094, 0.0030336931813508272, 0.00187469192314893, 0.0029228334315121174, 0.001163474633358419, 0.005293808411806822, 0.0018395154038444161, 0.003561444813385606, 0.0019327864283695817, 0.0038061211816966534, 0.0037993849255144596, 0.0019957709591835737, 0.003070657839998603, 0.0011560803977772593, 0.0022077150642871857, 0.002321123145520687, 0.0030380405951291323, 0.0017045109998434782, 0.0022413928527384996, 0.0032857342157512903, 0.0034462849143892527, 0.0035295377019792795, 0.0035037207417190075, 0.0020205986220389605, 0.0025575808249413967, 0.0022387292701750994, 0.0032502892427146435, 0.0035654513631016016, 0.002754622371867299, 0.0026152327191084623, 0.003044426441192627, 0.0024397375527769327, 0.0015188739635050297, 0.0031012301333248615, 0.0014942119596526027, 0.002571557182818651, 0.001706731622107327, 0.0024962571915239096, 0.0015239838976413012, 0.003367392113432288, 0.002846537623554468, 0.002446176251396537, 0.002768037375062704, 0.002726980485022068, 0.0033920856658369303, 0.0022408764343708754, 0.0016456632874906063, 0.0019688555039465427, 0.003109405282884836, 0.0011756771709769964, 0.0037374976091086864]
model.23.m.0.cv2.conv.weight_zero_point[0, 0, 0, 0, 0, 0, 0, 0, 0, 0, 0, 0, 0, 0, 0, 0, 0, 0, 0, 0, 0, 0, 0, 0, 0, 0, 0, 0, 0, 0, 0, 0, 0, 0, 0, 0, 0, 0, 0, 0, 0, 0, 0, 0, 0, 0, 0, 0, 0, 0, 0, 0, 0, 0, 0, 0, 0, 0, 0, 0, 0, 0, 0, 0, 0, 0, 0, 0, 0, 0, 0, 0, 0, 0, 0, 0, 0, 0, 0, 0, 0, 0, 0, 0, 0, 0, 0, 0, 0, 0, 0, 0, 0, 0, 0, 0, 0, 0, 0, 0, 0, 0, 0, 0, 0, 0, 0, 0, 0, 0, 0, 0, 0, 0, 0, 0, 0, 0, 0, 0, 0, 0, 0, 0, 0, 0, 0, 0]
model.23.m.0.cv2.conv.weight_quantized 查看对应txt文件
/model.23/m/m.0/cv2/act/Sigmoid_output_0_zero_point[-128]
/model.23/m/m.0/cv2/act/Sigmoid_output_0_scale[0.003921343944966793]
/model.23/m/m.0/cv2/act/Mul_output_0_zero_point[-121]
/model.23/m/m.0/cv2/act/Mul_output_0_scale[0.03939078003168106]
/model.23/cv2/conv/Conv_output_0_zero_point[25]
/model.23/cv2/conv/Conv_output_0_scale[0.07886986434459686]
model.23.cv2.conv.weight_scale[0.0030780339147895575, 0.0022486052475869656, 0.0029042193200439215, 0.0034526444505900145, 0.0035402921494096518, 0.006891522090882063, 0.0026021096855401993, 0.004324827343225479, 0.0026981779374182224, 0.002944509033113718, 0.0025878369342535734, 0.0033464389853179455, 0.002179570961743593, 0.0025273903738707304, 0.003288387320935726, 0.0022260858677327633, 0.0038508742582052946, 0.0038305583875626326, 0.0034363167360424995, 0.0016382933827117085, 0.002724909922108054, 0.0047033182345330715, 0.0030721542425453663, 0.0022670787293463945, 0.003232009010389447, 0.0026392419822514057, 0.002462447388097644, 0.005070480052381754, 0.005439089145511389, 0.00240881834179163, 0.002206608885899186, 0.0031754609663039446, 0.0025495446752756834, 0.0033096156548708677, 0.0026722114998847246, 0.002933492185547948, 0.003130777506157756, 0.0027179215103387833, 0.004903456196188927, 0.004033492412418127, 0.0023251587990671396, 0.0030058431439101696, 0.002271643839776516, 0.003989023622125387, 0.002904210239648819, 0.002876803744584322, 0.0016248745378106833, 0.0029185430612415075, 0.002155883936211467, 0.0022834765259176493, 0.0024954448454082012, 0.0030294249299913645, 0.005267579574137926, 0.0046013109385967255, 0.003523776074871421, 0.004676582291722298, 0.0020730760879814625, 0.0027929109055548906, 0.0020189746282994747, 0.002508963691070676, 0.002738604787737131, 0.0024275435134768486, 0.0033714082092046738, 0.002640124876052141, 0.003618636867031455, 0.0020644832402467728, 0.004367672372609377, 0.0018955649575218558, 0.0023388268891721964, 0.006480556912720203, 0.004703024867922068, 0.0032024288084357977, 0.0034185415133833885, 0.0027881970163434744, 0.0029335361905395985, 0.002023853361606598, 0.0023927355650812387, 0.0029838578775525093, 0.0030794262420386076, 0.002756416564807296, 0.003047654405236244, 0.0030506681650877, 0.002602297579869628, 0.002095065778121352, 0.0027466972824186087, 0.0020908473525196314, 0.0029515186324715614, 0.002160676522180438, 0.003025108017027378, 0.003057224443182349, 0.00278223748318851, 0.002749027917161584, 0.0028818815480917692, 0.0016123830573633313, 0.005594679154455662, 0.0030696899630129337, 0.002369969617575407, 0.002442902885377407, 0.0018089928198605776, 0.004261860623955727, 0.004419521428644657, 0.0022166846320033073, 0.002684507519006729, 0.0028750277124345303, 0.0032285465858876705, 0.0024992041289806366, 0.003869361011311412, 0.0027358345687389374, 0.0026753514539450407, 0.002932069357484579, 0.0034559424966573715, 0.004340117331594229, 0.002961964113637805, 0.003949903417378664, 0.0032693648245185614, 0.002986131003126502, 0.002379764337092638, 0.0029518543742597103, 0.002466104691848159, 0.0031755154486745596, 0.0025393320247530937, 0.0035235213581472635, 0.0029262809548527002, 0.0035054991021752357, 0.003760898020118475, 0.0025955415330827236, 0.0020117680542171, 0.0021892536897212267]
model.23.cv2.conv.weight_zero_point[0, 0, 0, 0, 0, 0, 0, 0, 0, 0, 0, 0, 0, 0, 0, 0, 0, 0, 0, 0, 0, 0, 0, 0, 0, 0, 0, 0, 0, 0, 0, 0, 0, 0, 0, 0, 0, 0, 0, 0, 0, 0, 0, 0, 0, 0, 0, 0, 0, 0, 0, 0, 0, 0, 0, 0, 0, 0, 0, 0, 0, 0, 0, 0, 0, 0, 0, 0, 0, 0, 0, 0, 0, 0, 0, 0, 0, 0, 0, 0, 0, 0, 0, 0, 0, 0, 0, 0, 0, 0, 0, 0, 0, 0, 0, 0, 0, 0, 0, 0, 0, 0, 0, 0, 0, 0, 0, 0, 0, 0, 0, 0, 0, 0, 0, 0, 0, 0, 0, 0, 0, 0, 0, 0, 0, 0, 0, 0]
model.23.cv2.conv.weight_quantized 查看对应txt文件
/model.23/cv2/act/Sigmoid_output_0_zero_point[-128]
/model.23/cv2/act/Sigmoid_output_0_scale[0.00392033951357007]
/model.23/cv2/act/Mul_output_0_zero_point[-119]
/model.23/cv2/act/Mul_output_0_scale[0.03271960839629173]
/model.23/Concat_output_0_zero_point[-121]
/model.23/Concat_output_0_scale[0.03939078003168106]
/model.23/cv3/conv/Conv_output_0_zero_point[5]
/model.23/cv3/conv/Conv_output_0_scale[0.11471038311719894]
model.23.cv3.conv.weight_scale[0.003809593850746751, 0.0022781339939683676, 0.005008326843380928, 0.00269823195412755, 0.003665302414447069, 0.007864599116146564, 0.0008146539912559092, 0.002665044041350484, 0.0029666842892766, 0.002777030225843191, 0.0024544214829802513, 0.0032657866831868887, 0.003452263306826353, 0.0035726886708289385, 0.00659044599160552, 0.002847243333235383, 0.0018928024219349027, 0.001382061978802085, 0.0028711450286209583, 0.007329893764108419, 0.00534746702760458, 0.007252510171383619, 0.0012650314019992948, 0.006216810084879398, 0.008827876299619675, 0.0025186839047819376, 0.003604172496125102, 0.0017499038949608803, 0.0024435126688331366, 0.0067162904888391495, 0.007554448209702969, 0.005710978526622057, 0.003450896590948105, 0.004716641269624233, 0.008108753710985184, 0.003355163149535656, 0.0023442795500159264, 0.002804340096190572, 0.0011554548982530832, 0.0064706155098974705, 0.0040811412036418915, 0.004272763151675463, 0.0019230152247473598, 0.0031471061520278454, 0.004861354827880859, 0.005102685187011957, 0.003557011252269149, 0.0031530738342553377, 0.00672869523987174, 0.006518349051475525, 0.006487724371254444, 0.0029833109583705664, 0.0021714873146265745, 0.0029024856630712748, 0.002794872969388962, 0.006694548763334751, 0.005746299400925636, 0.0017367693362757564, 0.005440334789454937, 0.004669712390750647, 0.0022081711795181036, 0.003010132582858205, 0.005865233018994331, 0.00897151418030262, 0.004695720970630646, 0.002299151150509715, 0.0021264704409986734, 0.0034397710114717484, 0.0042434982024133205, 0.0052908337675035, 0.0029357043094933033, 0.005431183148175478, 0.002424543024972081, 0.006449312902987003, 0.0020004764664918184, 0.001374157378450036, 0.006293594371527433, 0.0036687329411506653, 0.0023282708134502172, 0.0032384691294282675, 0.0014857318019494414, 0.00574724143370986, 0.006526176352053881, 0.003514589974656701, 0.00540062366053462, 0.004271253012120724, 0.00390766654163599, 0.002305747242644429, 0.004513007588684559, 0.002571885474026203, 0.003762364387512207, 0.004781641531735659, 0.002175071043893695, 0.008240380324423313, 0.0032631773501634598, 0.001722940942272544, 0.004560909699648619, 0.003796161152422428, 0.006165709346532822, 0.003167970571666956, 0.002442449564114213, 0.0020338522735983133, 0.001245831255801022, 0.006148384418338537, 0.00264184083789587, 0.005333486944437027, 0.003031684085726738, 0.002548439661040902, 0.0034531925339251757, 0.006910018157213926, 0.0040139090269804, 0.002291765296831727, 0.0019723002333194017, 0.0028592615853995085, 0.00284037203527987, 0.0025652318727225065, 0.0050609661266207695, 0.003914406523108482, 0.0022558756172657013, 0.0023324068170040846, 0.001928240992128849, 0.007801518775522709, 0.0036167192738503218, 0.00538810808211565, 0.004842247348278761, 0.006741819437593222, 0.0014023116091266274, 0.005308213178068399, 0.005183224566280842, 0.004881607834249735, 0.003724731970578432, 0.0011626147897914052, 0.001431807642802596, 0.0048085767775774, 0.0044638365507125854, 0.006201744079589844, 0.004481079522520304, 0.003010912798345089, 0.005789803806692362, 0.0031956336461007595, 0.0028804847970604897, 0.0027391796465963125, 0.003993084188550711, 0.0073837414383888245, 0.005948519799858332, 0.003744217101484537, 0.005801794584840536, 0.0021346532739698887, 0.004285645205527544, 0.002073015086352825, 0.0037142736837267876, 0.004827295895665884, 0.008246301673352718, 0.0030753016471862793, 0.006048400886356831, 0.00425257533788681, 0.004534553270787001, 0.006795902736485004, 0.004598318133503199, 0.0037602719385176897, 0.0022298877593129873, 0.007115067448467016, 0.0018120633903890848, 0.0028981429059058428, 0.001920921728014946, 0.0036597326397895813, 0.011573730036616325, 0.00673633674159646, 0.008226784877479076, 0.003268617670983076, 0.003921625204384327, 0.004542648326605558, 0.004535398446023464, 0.004786310251802206, 0.002454474102705717, 0.0028542063664644957, 0.0034672243054956198, 0.004207154270261526, 0.0038352764677256346, 0.0037656547501683235, 0.00204117177054286, 0.0011865469859912992, 0.0036731543950736523, 0.006994917057454586, 0.006511589977890253, 0.004712865687906742, 0.0072641801089048386, 0.001529238885268569, 0.0031054294668138027, 0.0065398504957556725, 0.0018302849493920803, 0.0016705787274986506, 0.003123511327430606, 0.0036041908897459507, 0.0053567891009151936, 0.004026464652270079, 0.003115762723609805, 0.003720648121088743, 0.002308725146576762, 0.0022736331447958946, 0.0047091469168663025, 0.0017285801004618406, 0.0021974584087729454, 0.009029148146510124, 0.004248033277690411, 0.00288157700560987, 0.005409582983702421, 0.0017776546301320195, 0.002954122144728899, 0.004854452330619097, 0.003940441180020571, 0.003267675871029496, 0.003003421938046813, 0.005304228980094194, 0.0019308587070554495, 0.008496737107634544, 0.004908416420221329, 0.005998432636260986, 0.006852671504020691, 0.0019015268189832568, 0.0020953891798853874, 0.004817295353859663, 0.004696258809417486, 0.004037006292492151, 0.0010644006542861462, 0.009911353699862957, 0.0034131756983697414, 0.0030101013835519552, 0.0018369507743045688, 0.0014985417947173119, 0.003992478828877211, 0.004270761273801327, 0.00822613574564457, 0.001489644288085401, 0.00797722302377224, 0.004933600779622793, 0.004208778031170368, 0.002879735082387924, 0.006497131660580635, 0.0027965987101197243, 0.004569327924400568, 0.0017425949918106198, 0.001689980155788362, 0.002172740176320076, 0.0028281384147703648, 0.006805148907005787, 0.003279221011325717, 0.004421681631356478, 0.007914957590401173, 0.00426172511652112, 0.00178449263330549, 0.004216275177896023, 0.005140390712767839, 0.0019005475332960486, 0.004113867878913879, 0.00845601037144661]
model.23.cv3.conv.weight_zero_point[0, 0, 0, 0, 0, 0, 0, 0, 0, 0, 0, 0, 0, 0, 0, 0, 0, 0, 0, 0, 0, 0, 0, 0, 0, 0, 0, 0, 0, 0, 0, 0, 0, 0, 0, 0, 0, 0, 0, 0, 0, 0, 0, 0, 0, 0, 0, 0, 0, 0, 0, 0, 0, 0, 0, 0, 0, 0, 0, 0, 0, 0, 0, 0, 0, 0, 0, 0, 0, 0, 0, 0, 0, 0, 0, 0, 0, 0, 0, 0, 0, 0, 0, 0, 0, 0, 0, 0, 0, 0, 0, 0, 0, 0, 0, 0, 0, 0, 0, 0, 0, 0, 0, 0, 0, 0, 0, 0, 0, 0, 0, 0, 0, 0, 0, 0, 0, 0, 0, 0, 0, 0, 0, 0, 0, 0, 0, 0, 0, 0, 0, 0, 0, 0, 0, 0, 0, 0, 0, 0, 0, 0, 0, 0, 0, 0, 0, 0, 0, 0, 0, 0, 0, 0, 0, 0, 0, 0, 0, 0, 0, 0, 0, 0, 0, 0, 0, 0, 0, 0, 0, 0, 0, 0, 0, 0, 0, 0, 0, 0, 0, 0, 0, 0, 0, 0, 0, 0, 0, 0, 0, 0, 0, 0, 0, 0, 0, 0, 0, 0, 0, 0, 0, 0, 0, 0, 0, 0, 0, 0, 0, 0, 0, 0, 0, 0, 0, 0, 0, 0, 0, 0, 0, 0, 0, 0, 0, 0, 0, 0, 0, 0, 0, 0, 0, 0, 0, 0, 0, 0, 0, 0, 0, 0, 0, 0, 0, 0, 0, 0, 0, 0, 0, 0, 0, 0]
model.23.cv3.conv.weight_quantized 查看对应txt文件
/model.23/cv3/act/Sigmoid_output_0_zero_point[-128]
/model.23/cv3/act/Sigmoid_output_0_scale[0.003921565134078264]
/model.23/cv3/act/Mul_output_0_zero_point[-123]
/model.23/cv3/act/Mul_output_0_scale[0.05619271099567413]
/model.24/m.0/Conv_output_0_zero_point[72]
/model.24/m.0/Conv_output_0_scale[0.16884161531925201]
model.24.m.0.weight_scale[0.0022607038263231516, 0.002497154986485839, 0.002797044115141034, 0.004986620508134365, 0.003542922670021653, 0.0037582276854664087, 0.002983513753861189, 0.003125768853351474, 0.004002368543297052, 0.004632904659956694, 0.003062330884858966, 0.0032795583829283714, 0.001798374461941421, 0.0037466934882104397, 0.0038466565310955048, 0.0014561930438503623, 0.0020626999903470278, 0.002185731427744031, 0.0020280973985791206, 0.004167691804468632, 0.0033891331404447556, 0.0028777834959328175, 0.0019598533399403095, 0.0022914616856724024, 0.0034890964161604643, 0.0022549366112798452, 0.002775898203253746, 0.003508320078253746, 0.0016955278115347028, 0.0032488005235791206, 0.004267654847353697, 0.0034141240175813437, 0.0034371924120932817, 0.004167691804468632, 0.004448357503861189, 0.003471795003861189, 0.003383366158232093, 0.0023587443865835667, 0.0042753443121910095, 0.004952017683535814, 0.0020992248319089413, 0.002552903490141034, 0.002708615269511938, 0.0025144561659544706, 0.004183070734143257, 0.004044660367071629, 0.00366018689237535, 0.002064622240141034, 0.0035140870604664087, 0.0036832555197179317, 0.00239719171077013, 0.0028700940310955048, 0.002131905173882842, 0.0031238466035574675, 0.003631351515650749, 0.004636749625205994, 0.0034583385568112135, 0.003892793320119381, 0.00459830230101943, 0.004129244480282068, 0.003127691335976124, 0.003452571341767907, 0.0022549366112798452, 0.0037985974922776222, 0.004732867702841759, 0.0023895022459328175, 0.002429872052744031, 0.002806656062602997, 0.0030123493634164333, 0.004071573726832867, 0.0038139764219522476, 0.0038120539393275976, 0.002416415372863412, 0.00430994713678956, 0.0039446973241865635]
model.24.m.0.weight_zero_point[0, 0, 0, 0, 0, 0, 0, 0, 0, 0, 0, 0, 0, 0, 0, 0, 0, 0, 0, 0, 0, 0, 0, 0, 0, 0, 0, 0, 0, 0, 0, 0, 0, 0, 0, 0, 0, 0, 0, 0, 0, 0, 0, 0, 0, 0, 0, 0, 0, 0, 0, 0, 0, 0, 0, 0, 0, 0, 0, 0, 0, 0, 0, 0, 0, 0, 0, 0, 0, 0, 0, 0, 0, 0, 0]
model.24.m.0.weight_quantized 查看对应txt文件
/model.24/Transpose_output_0_zero_point[72]
/model.24/Transpose_output_0_scale[0.16884161531925201]
/model.24/Sigmoid_output_0_zero_point[-128]
/model.24/Sigmoid_output_0_scale[0.003921189345419407]
/model.24/Constant_1_output_0_scale[0.015748031437397003]
/model.24/Constant_1_output_0_zero_point[0]
/model.24/Constant_1_output_0_quantized[]
/model.24/Mul_output_0_zero_point[-128]
/model.24/Mul_output_0_scale[0.007685855962336063]
/model.24/Constant_2_output_0_scale[0.6181102395057678]
/model.24/Constant_2_output_0_zero_point[0]
/model.24/Constant_2_output_0_quantized[]
/model.24/Add_output_0_zero_point[-127]
/model.24/Add_output_0_scale[0.31389421224594116]
/model.24/Constant_3_output_0_scale[0.06299212574958801]
/model.24/Constant_3_output_0_zero_point[0]
/model.24/Constant_3_output_0_quantized[]
/model.24/Mul_1_output_0_zero_point[-127]
/model.24/Mul_1_output_0_scale[2.5111536979675293]
/model.24/Mul_2_output_0_zero_point[-128]
/model.24/Mul_2_output_0_scale[0.007807706017047167]
/model.24/Pow_output_0_zero_point[-128]
/model.24/Pow_output_0_scale[0.015544869005680084]
/model.24/Constant_6_output_0_scale[0.25984251499176025]
/model.24/Constant_6_output_0_zero_point[0]
/model.24/Constant_6_output_0_quantized[]
/model.24/Mul_3_output_0_zero_point[-128]
/model.24/Mul_3_output_0_scale[0.4974341094493866]
/model.24/m.1/Conv_output_0_zero_point[53]
/model.24/m.1/Conv_output_0_scale[0.14618638157844543]
model.24.m.1.weight_scale[0.0020242526661604643, 0.0026105744764208794, 0.0033660647459328175, 0.002233790699392557, 0.003629429033026099, 0.0033429963514208794, 0.002262626076117158, 0.003750538220629096, 0.004382996819913387, 0.0029469889122992754, 0.003908172249794006, 0.004444513004273176, 0.002660555997863412, 0.0030565636698156595, 0.002739373128861189, 0.0029988926835358143, 0.002722071949392557, 0.003369909478351474, 0.002841258654370904, 0.00430610217154026, 0.004644439090043306, 0.0035467674024403095, 0.0019627369474619627, 0.002897007158026099, 0.004336860030889511, 0.0020703894551843405, 0.0026278758887201548, 0.0022011103574186563, 0.0033891331404447556, 0.0034794844686985016, 0.0030027374159544706, 0.0021242157090455294, 0.003508320078253746, 0.004525252152234316, 0.0023914247285574675, 0.00390625, 0.004790538921952248, 0.0031546044629067183, 0.003008504630997777, 0.0025682824198156595, 0.002710537752136588, 0.0026048074942082167, 0.0032334215939044952, 0.002804733579978347, 0.004171536769717932, 0.004521407652646303, 0.003431425429880619, 0.0021780419629067183, 0.0034583385568112135, 0.004236896988004446, 0.002030019648373127, 0.0026451770681887865, 0.002452940447255969, 0.0018281710799783468, 0.003293014829978347, 0.0031949742697179317, 0.002041553845629096, 0.003327617421746254, 0.004440668039023876, 0.002775898203253746, 0.003998523578047752, 0.004725178238004446, 0.003029650542885065, 0.0029354547150433064, 0.002839336171746254, 0.0031834400724619627, 0.0021242157090455294, 0.003221887396648526, 0.0028585598338395357, 0.004067728761583567, 0.004755936097353697, 0.0032007412519305944, 0.0020569327753037214, 0.003394900355488062, 0.004144623409956694]
model.24.m.1.weight_zero_point[0, 0, 0, 0, 0, 0, 0, 0, 0, 0, 0, 0, 0, 0, 0, 0, 0, 0, 0, 0, 0, 0, 0, 0, 0, 0, 0, 0, 0, 0, 0, 0, 0, 0, 0, 0, 0, 0, 0, 0, 0, 0, 0, 0, 0, 0, 0, 0, 0, 0, 0, 0, 0, 0, 0, 0, 0, 0, 0, 0, 0, 0, 0, 0, 0, 0, 0, 0, 0, 0, 0, 0, 0, 0, 0]
model.24.m.1.weight_quantized 查看对应txt文件
/model.24/Transpose_1_output_0_zero_point[53]
/model.24/Transpose_1_output_0_scale[0.14618638157844543]
/model.24/Sigmoid_1_output_0_zero_point[-128]
/model.24/Sigmoid_1_output_0_scale[0.003921487368643284]
/model.24/Mul_4_output_0_zero_point[-128]
/model.24/Mul_4_output_0_scale[0.007722482085227966]
/model.24/Constant_10_output_0_scale[0.30314961075782776]
/model.24/Constant_10_output_0_zero_point[0]
/model.24/Constant_10_output_0_quantized[]
/model.24/Add_1_output_0_zero_point[-128]
/model.24/Add_1_output_0_scale[0.15564371645450592]
/model.24/Constant_11_output_0_scale[0.12598425149917603]
/model.24/Constant_11_output_0_zero_point[0]
/model.24/Constant_11_output_0_quantized[]
/model.24/Mul_5_output_0_zero_point[-128]
/model.24/Mul_5_output_0_scale[2.4902994632720947]
/model.24/Mul_6_output_0_zero_point[-128]
/model.24/Mul_6_output_0_scale[0.007827683351933956]
/model.24/Pow_1_output_0_zero_point[-128]
/model.24/Pow_1_output_0_scale[0.015624518506228924]
/model.24/Constant_14_output_0_scale[0.9370078444480896]
/model.24/Constant_14_output_0_zero_point[0]
/model.24/Constant_14_output_0_quantized[]
/model.24/Mul_7_output_0_zero_point[-128]
/model.24/Mul_7_output_0_scale[1.8074067831039429]
/model.24/m.2/Conv_output_0_zero_point[42]
/model.24/m.2/Conv_output_0_scale[0.11854671686887741]
model.24.m.2.weight_scale[0.002631720621138811, 0.0017772284336388111, 0.002952755894511938, 0.0028431809041649103, 0.0033987450879067183, 0.002197265625, 0.0017839566571637988, 0.002637487603351474, 0.0018589290557429194, 0.001964659197255969, 0.0022587813436985016, 0.0027931993827223778, 0.0028681717813014984, 0.002078078920021653, 0.0019598533399403095, 0.0034256582148373127, 0.0021799642127007246, 0.0021472841035574675, 0.0017368587432429194, 0.002095380099490285, 0.002977746771648526, 0.0028777834959328175, 0.0017608882626518607, 0.001664769952185452, 0.0024567851796746254, 0.0026048074942082167, 0.0016417015576735139, 0.002185731427744031, 0.0013408510712906718, 0.0029815915040671825, 0.002083845902234316, 0.0016714981757104397, 0.0024702418595552444, 0.0016839936142787337, 0.0017291692784056067, 0.0022126445546746254, 0.002897007158026099, 0.0028797059785574675, 0.0018627737881615758, 0.0023548996541649103, 0.003394900355488062, 0.002404881175607443, 0.002474086591973901, 0.0018916092813014984, 0.0023126075975596905, 0.002954678377136588, 0.0027566745411604643, 0.0019627369474619627, 0.0017282080370932817, 0.002385657513514161, 0.0020992248319089413, 0.0014340858906507492, 0.0012687622802332044, 0.0009621447534300387, 0.004140778910368681, 0.0018608514219522476, 0.0017618495039641857, 0.0022895392030477524, 0.0016359344590455294, 0.0019175611669197679, 0.001741664600558579, 0.0028489481192082167, 0.002862404566258192, 0.001709945616312325, 0.002076156437397003, 0.0035217765253037214, 0.002497154986485839, 0.0022607038263231516, 0.0018233652226626873, 0.0026682454627007246, 0.0028662492986768484, 0.002310685347765684, 0.0018022191943600774, 0.0018358606612309813, 0.002228023484349251]
model.24.m.2.weight_zero_point[0, 0, 0, 0, 0, 0, 0, 0, 0, 0, 0, 0, 0, 0, 0, 0, 0, 0, 0, 0, 0, 0, 0, 0, 0, 0, 0, 0, 0, 0, 0, 0, 0, 0, 0, 0, 0, 0, 0, 0, 0, 0, 0, 0, 0, 0, 0, 0, 0, 0, 0, 0, 0, 0, 0, 0, 0, 0, 0, 0, 0, 0, 0, 0, 0, 0, 0, 0, 0, 0, 0, 0, 0, 0, 0]
model.24.m.2.weight_quantized 查看对应txt文件
/model.24/Transpose_2_output_0_zero_point[42]
/model.24/Transpose_2_output_0_scale[0.11854671686887741]
/model.24/Sigmoid_2_output_0_zero_point[-128]
/model.24/Sigmoid_2_output_0_scale[0.003921395633369684]
/model.24/Mul_8_output_0_zero_point[-128]
/model.24/Mul_8_output_0_scale[0.0077229454182088375]
/model.24/Constant_18_output_0_scale[0.14566929638385773]
/model.24/Constant_18_output_0_zero_point[0]
/model.24/Constant_18_output_0_quantized[]
/model.24/Add_2_output_0_zero_point[-126]
/model.24/Add_2_output_0_scale[0.07846786826848984]
/model.24/Constant_19_output_0_scale[0.25196850299835205]
/model.24/Constant_19_output_0_zero_point[0]
/model.24/Constant_19_output_0_quantized[]
/model.24/Mul_9_output_0_zero_point[-126]
/model.24/Mul_9_output_0_scale[2.510971784591675]
/model.24/Mul_10_output_0_zero_point[-128]
/model.24/Mul_10_output_0_scale[0.007809191010892391]
/model.24/Pow_2_output_0_zero_point[-128]
/model.24/Pow_2_output_0_scale[0.015550783835351467]
/model.24/Constant_22_output_0_scale[2.9370079040527344]
/model.24/Constant_22_output_0_zero_point[0]
/model.24/Constant_22_output_0_quantized[]
/model.24/Mul_11_output_0_zero_point[-128]
/model.24/Mul_11_output_0_scale[3.0297296047210693]
model.0.conv.bias_quantized[35658, 40078, 6242, 8123, 18472, 30770, 25205, 32351, 10660, 37843, 75210, 54084, 13691, 10497, 11288, 9193]
model.0.conv.bias_quantized_scale[7.800275488989428e-05, 4.315182741265744e-05, 0.00013047229731455445, 0.0002873798366636038, 5.527502435143106e-05, 5.433736077975482e-05, 6.283070979407057e-05, 5.0621849368326366e-05, 0.0003201247309334576, 5.2721738029504195e-05, 3.4402495657559484e-05, 3.9515678508905694e-05, 0.00023434330068994313, 0.0002755291643552482, 0.0002394060866208747, 0.00035236080293543637]
model.0.conv.bias_quantized_zero_point[0, 0, 0, 0, 0, 0, 0, 0, 0, 0, 0, 0, 0, 0, 0, 0]
model.1.conv.bias_quantized[563, 630, 244, 2333, 1371, -1634, 3996, 2772, 1288, 1269, 529, 889, 185, 776, 1700, -125, 622, 1446, 10188, 6116, -349, 1091, 846, 298, 13573, -15935, 128, 7587, -6811, 2018, 1514, -5957]
model.1.conv.bias_quantized_scale[0.0012756451033055782, 0.0022433039266616106, 0.000974865339230746, 0.0010381124448031187, 0.000984249054454267, 0.0005314091686159372, 0.0006118289893493056, 0.0019094226881861687, 0.0018607215024530888, 0.0011337311007082462, 0.002968800952658057, 0.001258533215150237, 0.0011767466785386205, 0.00245987088419497, 0.0006551777478307486, 0.000985428225249052, 0.001053260057233274, 0.0011332043213769794, 0.0007913927547633648, 0.0007584515260532498, 0.0004865252412855625, 0.0012425981694832444, 0.00043344058212824166, 0.001357554690912366, 0.000898572790902108, 0.0002282422938151285, 0.003081922885030508, 0.0005409480654634535, 0.00027985841734334826, 0.0017050987808033824, 0.001100811525247991, 0.0007140094530768692]
model.1.conv.bias_quantized_zero_point[0, 0, 0, 0, 0, 0, 0, 0, 0, 0, 0, 0, 0, 0, 0, 0, 0, 0, 0, 0, 0, 0, 0, 0, 0, 0, 0, 0, 0, 0, 0, 0]
model.2.cv1.conv.bias_quantized[940, 2581, 1797, 850, 2412, 3205, 2156, 872, 6493, 52, 434, 1514, 2743, 2000, 1788, 885]
model.2.cv1.conv.bias_quantized_scale[0.0011394156608730555, 0.0007572487229481339, 0.0010255781235173345, 0.0015617950120940804, 0.0009195151505991817, 0.0005996898980811238, 0.0008720443001948297, 0.003398922737687826, 0.00041350291576236486, 0.00305526633746922, 0.0030788425356149673, 0.000895109900739044, 0.0005830652662552893, 0.0008858148357830942, 0.0007184938294813037, 0.001661381684243679]
model.2.cv1.conv.bias_quantized_zero_point[0, 0, 0, 0, 0, 0, 0, 0, 0, 0, 0, 0, 0, 0, 0, 0]
model.2.m.0.cv1.conv.bias_quantized[1651, 2320, 733, 4572, 668, 2718, 681, 297, 628, 1974, 323, 1340, 1181, -1097, -3654, -45]
model.2.m.0.cv1.conv.bias_quantized_scale[0.000870334857609123, 0.0017332893330603838, 0.002274960745126009, 0.0018825335428118706, 0.001944315736182034, 0.0008661516476422548, 0.0023756965529173613, 0.002562180394306779, 0.0008222616161219776, 0.002454293891787529, 0.003085504751652479, 0.0025678747333586216, 0.0008486661245115101, 0.0005183065659366548, 0.000662095844745636, 0.002865840680897236]
model.2.m.0.cv1.conv.bias_quantized_zero_point[0, 0, 0, 0, 0, 0, 0, 0, 0, 0, 0, 0, 0, 0, 0, 0]
model.2.m.0.cv2.conv.bias_quantized[1712, 495, 2601, -105, 2094, 6231, 2017, 2364, 18528, 3635, 6482, 7612, -4006, -6708, 12750, 13309]
model.2.m.0.cv2.conv.bias_quantized_scale[0.0005513383075594902, 0.0003465239715296775, 0.00029310371610336006, 0.00037296212394721806, 0.0004072470765095204, 0.0006335587822832167, 0.000314926786813885, 0.00047023777733556926, 0.000258649728493765, 0.00036530604120343924, 0.00024473736993968487, 0.00020049007434863597, 0.0004170590254943818, 0.0004769290972035378, 0.00023379645426757634, 0.00021715906041208655]
model.2.m.0.cv2.conv.bias_quantized_zero_point[0, 0, 0, 0, 0, 0, 0, 0, 0, 0, 0, 0, 0, 0, 0, 0]
model.2.cv2.conv.bias_quantized[-394, 2801, 1095, 621, 3212, 99, 1633, 2183, -916, 643, 646, 659, 1584, 3379, 3055, -244]
model.2.cv2.conv.bias_quantized_scale[0.0025136261247098446, 0.0011143620358780026, 0.0021429925691336393, 0.003387126373127103, 0.000961553945671767, 0.005601665936410427, 0.001386595075018704, 0.0013914935989305377, 0.002243809401988983, 0.00360964797437191, 0.0029535151552408934, 0.0024043158628046513, 0.0015785683644935489, 0.0011041719699278474, 0.0006788410828448832, 0.001790878246538341]
model.2.cv2.conv.bias_quantized_zero_point[0, 0, 0, 0, 0, 0, 0, 0, 0, 0, 0, 0, 0, 0, 0, 0]
model.2.cv3.conv.bias_quantized[209, -210, 8744, -5261, 8185, 11548, 4023, -3534, 1337, 4877, 2416, 2560, 1208, -4310, 1422, -777, 6232, 1473, 2672, -1397, 3273, 4179, 5712, -461, 825, 5071, 6273, -1859, 6121, 3123, 2758, 1897]
model.2.cv3.conv.bias_quantized_scale[0.0006288671283982694, 0.0007903384976089001, 0.00045857581426389515, 0.0006221077055670321, 0.00037226174026727676, 0.0002940531703643501, 0.0004263854934833944, 0.0008360556093975902, 0.0007830205140635371, 0.000506215263158083, 0.0006344399298541248, 0.00044090396841056645, 0.0008680568425916135, 0.00040753159555606544, 0.001255269511602819, 0.00029444790561683476, 0.00038383458741009235, 0.0008164954488165677, 0.0006309305317699909, 0.000994776957668364, 0.0004195835208520293, 0.0006392828072421253, 0.00044345876085571945, 0.0005750599666498601, 0.0007234999211505055, 0.0004561141540762037, 0.0004338707076385617, 0.00030889175832271576, 0.000773823179770261, 0.0005535771488212049, 0.0007949654827825725, 0.0005951812490820885]
model.2.cv3.conv.bias_quantized_zero_point[0, 0, 0, 0, 0, 0, 0, 0, 0, 0, 0, 0, 0, 0, 0, 0, 0, 0, 0, 0, 0, 0, 0, 0, 0, 0, 0, 0, 0, 0, 0, 0]
model.3.conv.bias_quantized[2898, -2228, -1020, -2788, 27575, 12796, -7127, -460, -25708, 2398, 11137, -11031, 3888, -5569, 1342, 2398, 55655, -6656, 35880, 16206, 2548, 3228, 3768, 2639, 13, 9982, 1332, 51609, -6468, 4147, 16070, 10099, 28002, 2432, 10179, 3781, 1479, -8874, -536, -3466, 2010, 7399, 28850, 6017, 2180, 10050, 16902, 3787, 33422, -3109, 27966, 2567, 1476, -41193, 8859, 11648, -200, 12804, 5190, 17260, 33411, 1238, 788, -3094]
model.3.conv.bias_quantized_scale[0.0001599120005266741, 0.00020012632012367249, 0.00019254996732342988, 0.00015676592011004686, 0.0001000319971353747, 0.00019546585099305958, 0.0001428218965884298, 0.0001673907827353105, 0.00012974467244930565, 0.0001268357300432399, 0.00011728104436770082, 8.480289397994056e-05, 0.0001428963296348229, 0.00014667623327113688, 0.00010517261398490518, 0.00024067929189186543, 5.215341298026033e-05, 0.00021799343812745064, 7.628095045220107e-05, 8.7802363850642e-05, 0.00018094571714755148, 0.00017664919141680002, 0.00016579848306719214, 9.394674270879477e-05, 0.00012739296653307974, 0.00011266532965237275, 0.00011892541806446388, 4.1497303755022585e-05, 0.00012599624460563064, 0.00015167320088949054, 0.00014242762699723244, 9.611291898181662e-05, 9.444767056265846e-05, 0.00016581978707108647, 9.22092076507397e-05, 6.341212429106236e-05, 0.00011521139094838873, 7.54679276724346e-05, 0.00014890413149259984, 0.00016358833818230778, 0.00015887703921180218, 0.00013453933934215456, 6.49115172564052e-05, 0.00021280570945236832, 0.0002021671098191291, 0.00010687379108276218, 7.330667722271755e-05, 0.00018064361938741058, 5.3395033319247887e-05, 0.00012296262138988823, 6.295564526226372e-05, 0.00012585691001731902, 0.0002616328711155802, 9.130872786045074e-05, 0.0001406380906701088, 0.00013661093544214964, 0.00012480471923481673, 0.0001649452606216073, 0.00010930155985988677, 9.488099021837115e-05, 6.851732905488461e-05, 0.00014150286733638495, 0.00016040077025536448, 0.0001744747714838013]
model.3.conv.bias_quantized_zero_point[0, 0, 0, 0, 0, 0, 0, 0, 0, 0, 0, 0, 0, 0, 0, 0, 0, 0, 0, 0, 0, 0, 0, 0, 0, 0, 0, 0, 0, 0, 0, 0, 0, 0, 0, 0, 0, 0, 0, 0, 0, 0, 0, 0, 0, 0, 0, 0, 0, 0, 0, 0, 0, 0, 0, 0, 0, 0, 0, 0, 0, 0, 0, 0]
model.4.cv1.conv.bias_quantized[4532, 11374, 4182, 5554, 1280, 7341, -5228, -11232, 12529, 19674, 17501, 10748, 7575, 813, 9273, 3377, 10858, 4004, -6577, -5753, -968, -12504, 21964, -2972, 6814, 12425, 4324, -10694, 13681, 10333, -1746, 39972]
model.4.cv1.conv.bias_quantized_scale[4.535118569037877e-05, 5.5673190217930824e-05, 7.582424586871639e-05, 0.00010095616016769782, 0.000105438353784848, 9.049762593349442e-05, 7.284690218511969e-05, 0.0001442635548301041, 6.867880438221619e-05, 5.1953298680018634e-05, 0.00011713644926203415, 0.00011503751738928258, 5.41085573786404e-05, 8.893970516510308e-05, 5.23637754668016e-05, 8.184191392501816e-05, 7.154430204536766e-05, 7.925509271444753e-05, 0.0001293756067752838, 0.00016645957657601684, 0.00013911326823290437, 0.00012752377369906753, 4.017664468847215e-05, 0.00012123597116442397, 5.90925665164832e-05, 5.877949661226012e-05, 6.752368062734604e-05, 7.715715764788911e-05, 6.157140887808055e-05, 5.968779441900551e-05, 5.7813955208985135e-05, 3.857426781905815e-05]
model.4.cv1.conv.bias_quantized_zero_point[0, 0, 0, 0, 0, 0, 0, 0, 0, 0, 0, 0, 0, 0, 0, 0, 0, 0, 0, 0, 0, 0, 0, 0, 0, 0, 0, 0, 0, 0, 0, 0]
model.4.m.0.cv1.conv.bias_quantized[-7774, -3327, 7353, 16208, 12606, 10106, 1882, 1701, -689, -266, 8674, 7918, -1811, -3607, 41126, 13539, 6814, 2491, 120, 9021, -1606, -12574, 6140, 8926, 3807, 9588, 11018, 15455, 9028, -10124, 13106, 9046]
model.4.m.0.cv1.conv.bias_quantized_scale[0.0001230435591423884, 0.00015640947094652802, 0.00014508665481116623, 0.00011662653560051695, 0.00018052090308628976, 0.00011380856449250132, 0.0001716344995656982, 0.00013832037802785635, 0.00021571289107669145, 0.00016884681826923043, 0.0001444449444534257, 0.00014679586456622928, 0.00024732985184527934, 9.960391616914421e-05, 0.00010408088564872742, 0.0001455151941627264, 0.00022211075702216476, 0.00020843253878410906, 0.0002672573318704963, 0.0002718715404625982, 0.0001887715479824692, 0.0001441378117306158, 0.00014964510046411306, 0.0002298039908055216, 0.0001415661972714588, 0.0002260222245240584, 0.00021623133216053247, 0.00010036342428065836, 0.00022605634876526892, 0.00013811656390316784, 0.0001728759380057454, 0.0001518478529760614]
model.4.m.0.cv1.conv.bias_quantized_zero_point[0, 0, 0, 0, 0, 0, 0, 0, 0, 0, 0, 0, 0, 0, 0, 0, 0, 0, 0, 0, 0, 0, 0, 0, 0, 0, 0, 0, 0, 0, 0, 0]
model.4.m.0.cv2.conv.bias_quantized[35493, -5526, 3380, 5799, 2055, -6965, 33193, -24074, -5391, 5424, -18028, -1270, 2889, 11822, 1339, -5301, -10849, 11816, -4761, -5509, -4699, 1340, -14317, 3601, -7282, -15367, -1006, 26044, 3151, 21533, 9088, 19574]
model.4.m.0.cv2.conv.bias_quantized_scale[7.09263767930679e-05, 0.00015131077088881284, 8.839838119456545e-05, 7.108012505341321e-05, 9.038088319357485e-05, 9.264230902772397e-05, 4.073632590007037e-05, 9.795893856789917e-05, 0.0001248209155164659, 8.14536542748101e-05, 0.00012936019629705697, 0.00016750500071793795, 0.0001520982914371416, 5.2663719543488696e-05, 9.556968143442646e-05, 5.82205320824869e-05, 5.7358276535524055e-05, 4.736178379971534e-05, 0.00010237305832561105, 9.440266876481473e-05, 8.823195094009861e-05, 0.0001468792906962335, 6.0575268435059115e-05, 9.469801443628967e-05, 9.455086546950042e-05, 8.85251720319502e-05, 0.00010584736446617171, 8.216196874855086e-05, 0.00010388890950707719, 3.870462023769505e-05, 0.0001397000451106578, 4.6424789616139606e-05]
model.4.m.0.cv2.conv.bias_quantized_zero_point[0, 0, 0, 0, 0, 0, 0, 0, 0, 0, 0, 0, 0, 0, 0, 0, 0, 0, 0, 0, 0, 0, 0, 0, 0, 0, 0, 0, 0, 0, 0, 0]
model.4.m.1.cv1.conv.bias_quantized[3844, 2264, 6510, 4778, 16370, 1104, 5617, -12710, 12796, 703, -789, 10577, 5239, -8780, 13372, -7042, 8911, 2270, 2235, -7304, 14439, 217, 14700, 7182, -3363, 2430, 14939, -984, -7035, 26267, 19983, 16506]
model.4.m.1.cv1.conv.bias_quantized_scale[0.00017207427299581468, 0.0001655341184232384, 0.0001457637845305726, 0.00021182910131756216, 0.0001813472481444478, 0.0003329837345518172, 0.00011414301116019487, 0.00017178409325424582, 0.00011363355588400736, 0.00014892408216837794, 0.00015345256542786956, 0.00016701543063391, 0.00018424737208988518, 0.0003411181678529829, 0.00014068212476558983, 0.0001722353044897318, 0.00011776763858506456, 0.00020952124032191932, 0.0001622243144083768, 0.00016560663061682135, 8.758202602621168e-05, 0.0001615796791156754, 0.00013456266606226563, 0.00026541712577454746, 0.00015684666868764907, 0.00024228956317529082, 0.00014541549899149686, 0.00013733821106143296, 0.00015685208200011402, 0.00010740642755990848, 0.00011091471969848499, 0.00017083421698771417]
model.4.m.1.cv1.conv.bias_quantized_zero_point[0, 0, 0, 0, 0, 0, 0, 0, 0, 0, 0, 0, 0, 0, 0, 0, 0, 0, 0, 0, 0, 0, 0, 0, 0, 0, 0, 0, 0, 0, 0, 0]
model.4.m.1.cv2.conv.bias_quantized[19902, -13122, 13319, 17327, 3313, 17484, 27899, 10254, -4967, 10204, -5750, 19033, -379, -1408, 32130, -6467, 21574, 2049, -5574, 18877, -1902, 8325, 9383, 13371, -6360, -57, 7162, 29699, 1926, 5691, 4763, 20526]
model.4.m.1.cv2.conv.bias_quantized_scale[0.00012518813309725374, 0.00010734818351920694, 9.463562309974805e-05, 8.514477667631581e-05, 8.938234532251954e-05, 0.0001050062564900145, 6.660095823463053e-05, 9.037929703481495e-05, 0.00016671992489136755, 0.00012119283201172948, 0.0001340613089269027, 6.617261533392593e-05, 0.00012849800987169147, 0.00015841770800761878, 9.152532584266737e-05, 7.107658893801272e-05, 7.150573219405487e-05, 8.798168710200116e-05, 0.00012854677333962172, 0.00010664889123290777, 0.0001444760855520144, 9.865039464784786e-05, 7.194926729425788e-05, 6.663220847258344e-05, 0.0001447659160476178, 0.00016130725271068513, 0.0001947566488524899, 0.0001027728067128919, 0.00013657973613590002, 8.949422044679523e-05, 8.808854181552306e-05, 8.324359805556014e-05]
model.4.m.1.cv2.conv.bias_quantized_zero_point[0, 0, 0, 0, 0, 0, 0, 0, 0, 0, 0, 0, 0, 0, 0, 0, 0, 0, 0, 0, 0, 0, 0, 0, 0, 0, 0, 0, 0, 0, 0, 0]
model.4.cv2.conv.bias_quantized[1024, -7804, 2855, 18481, 15937, 7182, 1284, 6459, -4391, 5348, -9444, 7240, 2060, -6965, 1382, 5927, 5300, 1526, -4481, 4994, 1211, 24634, -13947, 16732, -4350, -4212, 637, -12150, 2897, 7687, 7573, 1640]
model.4.cv2.conv.bias_quantized_scale[0.00024014872906263918, 0.0003805239393841475, 0.0001264919264940545, 0.0001684806775301695, 0.00021387552260421216, 0.00023815453459974378, 0.00019599385268520564, 0.00018005582387559116, 0.00024398230016231537, 0.0004000919288955629, 0.0002263008354930207, 0.0002876979124266654, 0.00048549281200394034, 0.0005216717254370451, 0.0004288769268896431, 0.0004767518548760563, 0.00016017277084756643, 0.0001963564136531204, 0.0004555250343400985, 0.00018573523266240954, 0.0003277719079051167, 0.00013651663903146982, 0.00017168412159662694, 0.00018693749734666198, 0.0003441730223130435, 0.00034983662771992385, 0.000266101211309433, 0.00020063426927663386, 0.0003625763929449022, 0.00022249165340326726, 0.0002090417401632294, 0.00023916829377412796]
model.4.cv2.conv.bias_quantized_zero_point[0, 0, 0, 0, 0, 0, 0, 0, 0, 0, 0, 0, 0, 0, 0, 0, 0, 0, 0, 0, 0, 0, 0, 0, 0, 0, 0, 0, 0, 0, 0, 0]
model.4.cv3.conv.bias_quantized[-13335, -3029, 13500, 5970, -9188, 8364, -4273, -669, 13159, -14006, 216, -13051, 2416, -1318, 3090, 16343, 3666, 10831, 7929, 13434, -1074, 942, -179, 17782, -8120, 15323, 5038, 8188, -4760, 3288, -4704, 7944, 6159, 570, 1889, 6444, -10158, 6754, 7310, 4084, -3264, 15989, -830, 9851, -8029, 3805, -8450, 3613, -21635, 13170, 10256, -191, 8578, 14811, -8301, 9285, 1731, 13548, 6084, 11250, 8253, 5150, 1571, -45]
model.4.cv3.conv.bias_quantized_scale[0.00019116789917461574, 0.0001704142487142235, 8.624201291240752e-05, 0.00013248423056211323, 0.00027864251751452684, 0.00010455009032739326, 0.00012818317918572575, 0.00020104958093725145, 0.0001622057316126302, 0.0001156466532847844, 0.00016329262871295214, 0.00022311093925964087, 0.00021910606301389635, 0.00020853729802183807, 0.00023090728791430593, 9.975140710594133e-05, 0.00015848365728743374, 0.00010317125270375982, 0.0001567047875141725, 0.00011009658919647336, 0.00022884462669026107, 0.00010237044625682756, 0.000138768955366686, 0.00010712343646446243, 0.0002485186269041151, 0.00013211987970862538, 0.00017956244118977338, 0.00014054747589398175, 0.0001516434276709333, 0.00014023362018633634, 0.00013525232498068362, 0.00015552251716144383, 0.00010943597590085119, 0.0001381973852403462, 0.00017349451081827283, 8.646753849461675e-05, 0.00023470130690839142, 0.00011910194007214159, 0.00016209179011639208, 0.00022882845951244235, 0.0002030077885137871, 0.0001027791658998467, 0.00015479745343327522, 0.00019639855599962175, 0.00017204857431352139, 0.0002182773023378104, 0.00016009125101845711, 7.820905011612922e-05, 0.00019427642109803855, 8.94282347871922e-05, 0.0001562303223181516, 0.0001025589881464839, 9.266357665183023e-05, 0.000167148289619945, 0.00020707301155198365, 6.386062159435824e-05, 0.00013904357911087573, 0.00016426311049144715, 0.00014328266843222082, 0.00012314734340179712, 0.00016891025006771088, 0.00013604332343675196, 0.00023125439474824816, 8.961633284343407e-05]
model.4.cv3.conv.bias_quantized_zero_point[0, 0, 0, 0, 0, 0, 0, 0, 0, 0, 0, 0, 0, 0, 0, 0, 0, 0, 0, 0, 0, 0, 0, 0, 0, 0, 0, 0, 0, 0, 0, 0, 0, 0, 0, 0, 0, 0, 0, 0, 0, 0, 0, 0, 0, 0, 0, 0, 0, 0, 0, 0, 0, 0, 0, 0, 0, 0, 0, 0, 0, 0, 0, 0]
model.5.conv.bias_quantized[-3696, 34143, -2863, -347, 25126, -15475, -2049, -7879, 11103, -271, -5431, 1292, 8672, -15218, -13671, -13755, -18902, -12171, -5034, -379, -2316, 1124, 19578, -4556, 6087, -10204, -5887, -12378, 15638, -8852, 2463, -5546, -12979, -7369, -6682, -2004, 33298, -5309, -14530, -12875, 10927, 863, 18390, -11987, -5377, -14191, -3918, 18971, 8708, -5948, 33945, -4017, 919, -6104, -5450, 28499, -2751, -9228, -957, 4467, -2461, 36671, -19528, 1079, 2784, -1050, -14019, 5011, -28294, -8823, -12052, 1685, 9493, -3674, 5871, 8426, -8039, -4572, -4823, -3776, 2200, -10027, -2773, -2214, -6704, -24687, 11267, -1993, -1551, 844, 530, 334, -29769, 671, -12447, -7402, -8060, 2893, -40891, -13084, -6285, 26523, -24477, -2266, -8969, -5459, 2501, -2283, 22629, -2620, -6530, 10058, 6489, -797, 10726, 10595, -902, -514, -9906, 23467, 5264, 14002, -12486, 39902, -209, 0, -10507, 5627]
model.5.conv.bias_quantized_scale[5.008085281588137e-05, 3.834857125184499e-05, 9.475819388171658e-05, 0.00010454405128257349, 3.932861000066623e-05, 8.04806622909382e-05, 8.795035682851449e-05, 7.325223123189062e-05, 7.116164488252252e-05, 9.679044160293415e-05, 7.946729601826519e-05, 7.686219032621011e-05, 8.292791608255357e-05, 6.726770516252145e-05, 7.685225864406675e-05, 7.720381108811125e-05, 8.053949568420649e-05, 9.888267959468067e-05, 0.00011144246673211455, 0.00010027355892816558, 8.412019087700173e-05, 0.00012890186917502433, 4.971435555489734e-05, 7.898676267359406e-05, 6.0266986110946164e-05, 0.00010919097258010879, 0.00014571010251529515, 7.753670797683299e-05, 4.9686175771057606e-05, 8.438533404842019e-05, 6.374694930855185e-05, 0.00011084620200563222, 0.00013017794117331505, 7.530524453613907e-05, 0.00025321030989289284, 0.00011140306014567614, 3.6740690120495856e-05, 4.711305155069567e-05, 7.759014988550916e-05, 8.260183676611632e-05, 7.230359187815338e-05, 0.00010346214548917487, 5.4802647355245426e-05, 0.00011394128523534164, 0.00012322404654696584, 9.213172597810626e-05, 9.094898996409029e-05, 6.425064930226654e-05, 5.410944504546933e-05, 8.955320663517341e-05, 3.6573994293576106e-05, 0.00010218164243269712, 9.698703797766939e-05, 4.817089575226419e-05, 0.00024195360310841352, 4.130747038288973e-05, 7.926910620881245e-05, 8.339596388395876e-05, 8.905346476240084e-05, 7.875517621869221e-05, 9.210049756802619e-05, 4.466448808670975e-05, 5.0240501877851784e-05, 5.850266825291328e-05, 0.00015566661022603512, 6.938286242075264e-05, 9.803234570426866e-05, 4.0944494685390964e-05, 6.668427522527054e-05, 7.757610728731379e-05, 7.907149847596884e-05, 5.835843694512732e-05, 6.770774052711204e-05, 6.594425940420479e-05, 8.037126826820895e-05, 5.427948053693399e-05, 0.0001945801923284307, 5.5161843192763627e-05, 0.00011319231271045282, 9.483993198955432e-05, 6.700698577333242e-05, 0.00010289256897522137, 4.3318341340636835e-05, 5.865332423127256e-05, 0.0001507274282630533, 9.090415551327169e-05, 8.289616380352527e-05, 0.00014092410856392235, 5.261054320726544e-05, 0.00010838991147466004, 6.951472460059449e-05, 6.440076685976237e-05, 6.711391324643046e-05, 7.535146869486198e-05, 7.11797911208123e-05, 7.408663077512756e-05, 0.00014329342229757458, 3.703813854372129e-05, 7.261702558025718e-05, 7.127459684852511e-05, 7.019606709945947e-05, 5.1023616833845153e-05, 5.708975368179381e-05, 0.00030418497044593096, 7.858327444409952e-05, 0.00016777364362496883, 8.691922994330525e-05, 7.045696838758886e-05, 5.0953975005541e-05, 0.00011085336154792458, 0.00011327081301715225, 4.156356953899376e-05, 0.00011789625568781048, 5.2691739256260917e-05, 7.300464494619519e-05, 6.303972622845322e-05, 5.770353527623229e-05, 5.4419822845375165e-05, 9.837694960879162e-05, 4.3216517951805145e-05, 4.925308167003095e-05, 4.654481017496437e-05, 0.00012025787145830691, 3.186738467775285e-05, 6.61078083794564e-05, 9.816120291361585e-05, 4.810513200936839e-05, 8.09978082543239e-05]
model.5.conv.bias_quantized_zero_point[0, 0, 0, 0, 0, 0, 0, 0, 0, 0, 0, 0, 0, 0, 0, 0, 0, 0, 0, 0, 0, 0, 0, 0, 0, 0, 0, 0, 0, 0, 0, 0, 0, 0, 0, 0, 0, 0, 0, 0, 0, 0, 0, 0, 0, 0, 0, 0, 0, 0, 0, 0, 0, 0, 0, 0, 0, 0, 0, 0, 0, 0, 0, 0, 0, 0, 0, 0, 0, 0, 0, 0, 0, 0, 0, 0, 0, 0, 0, 0, 0, 0, 0, 0, 0, 0, 0, 0, 0, 0, 0, 0, 0, 0, 0, 0, 0, 0, 0, 0, 0, 0, 0, 0, 0, 0, 0, 0, 0, 0, 0, 0, 0, 0, 0, 0, 0, 0, 0, 0, 0, 0, 0, 0, 0, 0, 0, 0]
model.6.cv1.conv.bias_quantized[-5246, 4776, 1643, -12293, -1886, -6674, 2141, 1559, 11004, 556, -16573, 4659, -4660, 2276, 3841, -2154, 7913, -6065, -12151, -3107, -9418, -16697, -3177, 851, -12304, 21048, -229, 4034, 11445, 5380, -7835, 3874, -1532, -5626, -3778, -818, 1479, 5815, 5089, -23988, -12937, 3751, -5419, -20366, -9863, -2767, 3644, 2473, -4456, 11336, 13264, 3177, -6032, 6168, -13181, 12477, 980, -8261, -7205, 634, -12827, -9384, 29003, 1268]
model.6.cv1.conv.bias_quantized_scale[0.00013226215378381312, 5.998830602038652e-05, 3.986062802141532e-05, 4.361490209703334e-05, 3.956839645979926e-05, 9.91610431810841e-05, 3.34004289470613e-05, 5.501428677234799e-05, 3.2404244848294184e-05, 7.220053521450609e-05, 0.00011682619515340775, 4.3617004848783836e-05, 0.00013267098984215409, 4.428600368555635e-05, 9.029063949128613e-05, 4.003227149951272e-05, 6.355688674375415e-05, 4.143399928580038e-05, 4.195154906483367e-05, 5.4462492698803544e-05, 6.100713289924897e-05, 6.705844862153754e-05, 3.317432492622174e-05, 0.00013724956079386175, 9.578404569765553e-05, 3.095432839472778e-05, 6.39242134639062e-05, 4.9432768719270825e-05, 4.5150336518418044e-05, 4.0113583963830024e-05, 5.9452599089127034e-05, 4.840585825149901e-05, 0.00010730068606790155, 8.317096944665536e-05, 7.483849913114682e-05, 8.047166920732707e-05, 5.2623767260229215e-05, 3.680377994896844e-05, 8.356564649147913e-05, 5.8010395150631666e-05, 4.4466218241723254e-05, 3.580071643227711e-05, 4.9820861022453755e-05, 0.00013394512643571943, 4.878290928900242e-05, 3.145271330140531e-05, 3.3264026569668204e-05, 4.056765465065837e-05, 7.348001236096025e-05, 3.162251232424751e-05, 4.891473145107739e-05, 4.5862459955969825e-05, 6.243135430850089e-05, 6.153808499220759e-05, 9.284842963097617e-05, 4.0874041587812826e-05, 6.971450784476474e-05, 9.78771859081462e-05, 6.037096318323165e-05, 4.7577381337760016e-05, 6.1026043113088235e-05, 0.00010750720684882253, 2.746101927186828e-05, 8.897447696654126e-05]
model.6.cv1.conv.bias_quantized_zero_point[0, 0, 0, 0, 0, 0, 0, 0, 0, 0, 0, 0, 0, 0, 0, 0, 0, 0, 0, 0, 0, 0, 0, 0, 0, 0, 0, 0, 0, 0, 0, 0, 0, 0, 0, 0, 0, 0, 0, 0, 0, 0, 0, 0, 0, 0, 0, 0, 0, 0, 0, 0, 0, 0, 0, 0, 0, 0, 0, 0, 0, 0, 0, 0]
model.6.m.0.cv1.conv.bias_quantized[2027, -6142, 5778, -7064, 31480, -5617, 689, 10765, -4475, 1118, -7215, 7149, 588, -733, 5244, 3767, 4517, -4149, -13747, 5297, 2018, 2591, 2729, 105, -5070, 1386, 12669, 4149, 446, -1763, 2868, 343, -24, 4801, -5739, -2707, -4732, 1866, 2947, -4446, 1286, -4253, 1755, -8294, -676, -5584, -5288, 751, -8490, 432, -2529, -3701, -6070, -2532, -3439, -4957, -342, -2720, -233, 1020, 5965, -2633, -4127, 534]
model.6.m.0.cv1.conv.bias_quantized_scale[0.00017882301472127438, 0.00016837676230352372, 0.0002387482818448916, 0.00031316879903897643, 9.984106873162091e-05, 0.0002901902189478278, 0.00024184645735658705, 0.00012732058530673385, 0.0003060396120417863, 0.00031010195380076766, 0.00020464604313019663, 0.00014943588757887483, 0.00022138358326628804, 0.00016682765271980315, 0.00019872999109793454, 0.00019287929171696305, 0.00023865036200731993, 0.00018142745830118656, 0.00023863175010774285, 0.00018321968673262745, 0.00022107317636255175, 0.0002551470824982971, 0.0002831894380506128, 0.00042396585922688246, 0.00032276290585286915, 0.00025027873925864697, 0.00015344429994001985, 0.00024974902044050395, 0.0003134391154162586, 0.0002593347162473947, 0.00016508146654814482, 0.0001978849759325385, 0.00019403315673116595, 0.00014074570208322257, 0.0001650524791330099, 0.00018846977036446333, 0.00020681422029156238, 0.0002032083721132949, 0.0002611223899293691, 0.00019644177518785, 0.00023522705305367708, 0.00018603916396386921, 0.00025221917894668877, 0.0003746606525965035, 0.0002829226723406464, 0.0002329857525182888, 0.00028504026704467833, 0.00025743397418409586, 0.00018049812933895737, 0.00020875457266811281, 0.0003027071652468294, 0.000166173413163051, 0.0001941302907653153, 0.00030947153572924435, 0.0002533036458771676, 0.0003753109776880592, 0.00022960382921155542, 0.00019152408640366048, 0.000339040212566033, 0.0001384719944326207, 0.00022924567747395486, 0.00026623232406564057, 0.00022654667554888874, 0.00020267759100534022]
model.6.m.0.cv1.conv.bias_quantized_zero_point[0, 0, 0, 0, 0, 0, 0, 0, 0, 0, 0, 0, 0, 0, 0, 0, 0, 0, 0, 0, 0, 0, 0, 0, 0, 0, 0, 0, 0, 0, 0, 0, 0, 0, 0, 0, 0, 0, 0, 0, 0, 0, 0, 0, 0, 0, 0, 0, 0, 0, 0, 0, 0, 0, 0, 0, 0, 0, 0, 0, 0, 0, 0, 0]
model.6.m.0.cv2.conv.bias_quantized[1991, 8394, -14391, -3497, -9874, -304, 2801, -14562, -11561, -6060, -11456, -13932, -1146, -19354, -2241, -11908, 21460, -440, -6339, -2461, 1339, 14990, -12230, -14826, 3402, -15896, 922, 33065, 9018, -11287, 9104, 2074, -2709, 13115, 334, -12535, 7722, -6791, -20499, -6212, -5609, -13702, -5257, -8398, 9653, -10343, -401, -6760, -8138, 9931, -10966, -18016, -234, -7829, -7031, 1223, -766, 9782, -6812, -10439, -36521, -3703, -10678, 10909]
model.6.m.0.cv2.conv.bias_quantized_scale[0.00016355399566236883, 3.136525992886163e-05, 0.00010850319813471287, 6.448072235798463e-05, 4.6401422878261656e-05, 9.365145524498075e-05, 3.59333680535201e-05, 5.942363350186497e-05, 7.460275082848966e-05, 7.876058225519955e-05, 6.167990068206564e-05, 6.991533882683143e-05, 9.998135647037998e-05, 7.934490713523701e-05, 7.110939623089507e-05, 5.341471478459425e-05, 4.103685569134541e-05, 4.969049768988043e-05, 7.788268703734502e-05, 7.060843199724331e-05, 8.392157906200737e-05, 6.62695529172197e-05, 6.645415851380676e-05, 7.174199708970264e-05, 7.462247594958171e-05, 8.095948578557e-05, 4.652399366023019e-05, 3.072570325457491e-05, 3.240921432734467e-05, 6.649205170106143e-05, 4.72403880849015e-05, 4.8768433771329e-05, 5.506392699317075e-05, 6.327185838017613e-05, 4.1598188545322046e-05, 7.371320680249482e-05, 3.786858360399492e-05, 3.570451372070238e-05, 7.870533590903506e-05, 4.3659023504005745e-05, 6.803758151363581e-05, 0.00010917596227955073, 6.330438191071153e-05, 9.256194607587531e-05, 7.965909753693268e-05, 7.249560439959168e-05, 6.744556594640017e-05, 9.288249566452578e-05, 5.995434912620112e-05, 3.47284076269716e-05, 7.612566696479917e-05, 5.1916009397245944e-05, 6.261806265683845e-05, 6.397804099833593e-05, 0.00011014377378160134, 5.062898344476707e-05, 9.896489791572094e-05, 4.814157000510022e-05, 7.60108741815202e-05, 6.954147102078423e-05, 4.530155274551362e-05, 5.9523386880755424e-05, 2.9147255190764554e-05, 5.2527146181091666e-05]
model.6.m.0.cv2.conv.bias_quantized_zero_point[0, 0, 0, 0, 0, 0, 0, 0, 0, 0, 0, 0, 0, 0, 0, 0, 0, 0, 0, 0, 0, 0, 0, 0, 0, 0, 0, 0, 0, 0, 0, 0, 0, 0, 0, 0, 0, 0, 0, 0, 0, 0, 0, 0, 0, 0, 0, 0, 0, 0, 0, 0, 0, 0, 0, 0, 0, 0, 0, 0, 0, 0, 0, 0]
model.6.m.1.cv1.conv.bias_quantized[-2750, 1898, -5956, -8106, -7279, -1108, 8292, -295, -7433, -9988, 1254, -6190, -119, 379, -52, -6848, 13595, -2045, -4361, -722, -6726, -1814, 3620, 1852, -8141, -661, -177, -4414, 1628, -6173, -4649, 746, -1050, 3959, -1230, 5584, 1740, -8168, -4930, -8102, -5037, -5600, -2901, -11374, -6541, 4056, -411, -5564, 2073, -3646, -4681, -2698, -5086, -1984, -8933, 1307, 2844, -7363, -3412, 2729, -6151, 2465, -8138, -5128]
model.6.m.1.cv1.conv.bias_quantized_scale[0.00020696605497505516, 0.00020382234652061015, 0.00019752810476347804, 0.00020979692635592073, 0.00019663591228891164, 0.00031080865301191807, 0.00010183348786085844, 0.00024991139071062207, 0.00018413181533105671, 0.00024170990218408406, 0.0001426025846740231, 0.0001852589048212394, 0.0002599174331407994, 0.00017755708540789783, 0.00040350796189159155, 0.00017301092157140374, 0.00016724747547414154, 0.0003259276272729039, 0.00021774947526864707, 0.00022910491679795086, 0.000271349010290578, 0.0002288333635078743, 0.00027944231987930834, 0.00020358023175504059, 0.00031829398358240724, 0.0001971999736269936, 0.0003326606238260865, 0.00023941781546454877, 0.00017873584874905646, 0.00015501139569096267, 0.0003429970529396087, 0.00038314968696795404, 0.00019798954599536955, 0.0001567136205267161, 0.00043587430263869464, 0.0001924087991937995, 0.000197344328626059, 0.0002299004845554009, 0.00027301436057314277, 0.00020675678388215601, 0.00035309704253450036, 0.0002216219436377287, 0.00020910822786390781, 0.00025144926621578634, 0.0002559635613579303, 0.000152449996676296, 0.00022382203314919025, 0.0002175372646888718, 0.00015869250637479126, 0.00020533842325676233, 0.0003079526068177074, 0.00019618052465375513, 0.0002709397813305259, 0.00037769661867059767, 0.00019097565382253379, 0.00017734478751663119, 0.00012999183672945946, 0.00022355062537826598, 0.0002059986290987581, 0.00018427902250550687, 0.0002579127612989396, 0.0002036874066106975, 0.000164722980116494, 0.00025656408979557455]
model.6.m.1.cv1.conv.bias_quantized_zero_point[0, 0, 0, 0, 0, 0, 0, 0, 0, 0, 0, 0, 0, 0, 0, 0, 0, 0, 0, 0, 0, 0, 0, 0, 0, 0, 0, 0, 0, 0, 0, 0, 0, 0, 0, 0, 0, 0, 0, 0, 0, 0, 0, 0, 0, 0, 0, 0, 0, 0, 0, 0, 0, 0, 0, 0, 0, 0, 0, 0, 0, 0, 0, 0]
model.6.m.1.cv2.conv.bias_quantized[-9589, 433, -6489, 11839, -916, -5035, 16191, -1007, -4981, -8327, -10378, 4387, 13678, 12907, -378, -10697, 18664, -17, 7654, -4151, -3847, 47676, 10703, -6407, -10040, 5978, 492, 20689, -14780, -805, 2512, 14735, 3282, 949, 44678, 6502, -6917, 4953, -10928, -20481, -5318, 10591, 30177, -27284, 17543, -2330, 3037, -13013, 2605, -2714, -5710, -11163, 14965, -24438, 3029, -3040, -14671, -4117, -8247, 4611, 6706, -1788, 5043, -282]
model.6.m.1.cv2.conv.bias_quantized_scale[0.00017961814592126757, 6.145285442471504e-05, 8.051823533605784e-05, 5.324294761521742e-05, 5.4839299991726875e-05, 9.253614553017542e-05, 6.124160427134484e-05, 0.00010925397509709, 7.798652950441465e-05, 8.970563794719055e-05, 7.114250183803961e-05, 5.932613566983491e-05, 5.027086444897577e-05, 7.514034950872883e-05, 6.403685983968899e-05, 7.54101638449356e-05, 5.976407919661142e-05, 5.8567686210153624e-05, 4.345287743490189e-05, 5.8170400734525174e-05, 7.700340211158618e-05, 4.395344149088487e-05, 4.9827616749098524e-05, 4.868642281508073e-05, 7.74623840698041e-05, 8.162770245689899e-05, 4.730998261948116e-05, 5.2629820856964216e-05, 9.83232312137261e-05, 5.599434007308446e-05, 6.28876659902744e-05, 5.736523598898202e-05, 6.048483555787243e-05, 5.914556822972372e-05, 4.210562474327162e-05, 8.198458090191707e-05, 6.129273970145732e-05, 5.488022725330666e-05, 8.687382069183514e-05, 8.480202086502686e-05, 7.903351070126519e-05, 0.00014775272575207055, 4.017532410216518e-05, 6.217048940015957e-05, 0.00011885369895026088, 7.410239049931988e-05, 5.693175262422301e-05, 5.6920398492366076e-05, 6.135805597295985e-05, 6.871301593491808e-05, 8.815951878204942e-05, 9.074520494323224e-05, 5.5120064644142985e-05, 6.44889660179615e-05, 5.8571738918544725e-05, 6.208825652720407e-05, 6.810469494666904e-05, 8.311985584441572e-05, 0.00017337528697680682, 6.207929254742339e-05, 3.0912429792806506e-05, 8.348609117092565e-05, 8.237998554250225e-05, 6.756919174222276e-05]
model.6.m.1.cv2.conv.bias_quantized_zero_point[0, 0, 0, 0, 0, 0, 0, 0, 0, 0, 0, 0, 0, 0, 0, 0, 0, 0, 0, 0, 0, 0, 0, 0, 0, 0, 0, 0, 0, 0, 0, 0, 0, 0, 0, 0, 0, 0, 0, 0, 0, 0, 0, 0, 0, 0, 0, 0, 0, 0, 0, 0, 0, 0, 0, 0, 0, 0, 0, 0, 0, 0, 0, 0]
model.6.m.2.cv1.conv.bias_quantized[-2526, 1643, 8537, -3305, -198, -347, 111, -7021, -480, 10192, 4764, 2031, -515, -4093, -2601, -2019, 592, -4469, 1744, 665, 993, -131, 750, -1245, -4123, 2139, -2465, -915, -3045, -2950, -796, 3336, -101, 900, -3426, -6024, -2654, -1010, -2352, -1213, -8247, 2747, -7751, -5671, 77, 2803, 2768, 7870, -1819, 1605, -974, -6612, -2073, -4504, -1985, -1278, -2678, -8, 581, -1637, -321, -3319, 1745, -2968]
model.6.m.2.cv1.conv.bias_quantized_scale[0.0002422419493086636, 0.00018435211677569896, 0.0001355802669422701, 0.0002942554419860244, 0.00022702601563651115, 0.0002637982543092221, 0.00016150501323863864, 0.00026815792080014944, 0.00036365771666169167, 9.787856106413528e-05, 0.0001645285083213821, 0.0002979577402584255, 0.0001914467429742217, 0.00024959546863101423, 0.00019562103261705488, 0.00026211398653686047, 0.00021688245760742575, 0.00033308882848359644, 0.0002883519046008587, 0.0004346101195551455, 0.00034891607356257737, 0.00022341760632116348, 0.0003042879980057478, 0.0002921737905126065, 0.0002545688475947827, 0.0002373370371060446, 0.0002918620593845844, 0.00024386218865402043, 0.00024947471683844924, 0.0002095715026371181, 0.0002958659897558391, 0.0001699724089121446, 0.00018791983893606812, 0.0002477221132721752, 0.00019709698972292244, 0.00024348367878701538, 0.00024140437017194927, 0.00025109443231485784, 0.0002659786259755492, 0.0002586356713436544, 0.00028527810354717076, 0.00021505740005522966, 0.00023288416559807956, 0.0002425711281830445, 0.00021396411466412246, 0.00021226452372502536, 0.00021573416597675532, 0.00019341679580975324, 0.00041260491707362235, 0.0001601961557753384, 0.0003834060626104474, 0.0002626393106766045, 0.00030014055664651096, 0.00022826949134469032, 0.00036937728873454034, 0.00018741672101896256, 0.0003255777119193226, 0.00021385065338108689, 0.00025864035706035793, 0.0002272287820233032, 0.00024363464035559446, 0.00022414930572267622, 0.00021097708668094128, 0.00023894030891824514]
model.6.m.2.cv1.conv.bias_quantized_zero_point[0, 0, 0, 0, 0, 0, 0, 0, 0, 0, 0, 0, 0, 0, 0, 0, 0, 0, 0, 0, 0, 0, 0, 0, 0, 0, 0, 0, 0, 0, 0, 0, 0, 0, 0, 0, 0, 0, 0, 0, 0, 0, 0, 0, 0, 0, 0, 0, 0, 0, 0, 0, 0, 0, 0, 0, 0, 0, 0, 0, 0, 0, 0, 0]
model.6.m.2.cv2.conv.bias_quantized[129, -11717, -6975, -661, 17018, -289, 4288, -196, 12074, -4012, 9534, -3495, -4471, -2952, -5306, -10856, 16771, 11113, 4416, 1643, -8330, 10770, 2882, -1540, 6239, -4817, 75, 21154, 10308, 1279, 2066, 10957, 5202, 16467, 20107, -5855, 11295, 9885, 1436, -6775, -4363, -3262, -2089, -4354, 10867, -1583, -1316, -10450, -561, 3409, -8103, 1509, 4122, -5401, -692, -1770, 8487, -10275, -1388, -6635, -6190, 4939, 1519, 1276]
model.6.m.2.cv2.conv.bias_quantized_scale[0.00015157280722633004, 0.00012560041795950383, 0.00013937705080024898, 6.620452768402174e-05, 7.472938159480691e-05, 0.0001347848738078028, 0.00016251896158792078, 9.278312063543126e-05, 0.00013704955927096307, 0.00022281144629232585, 6.111062975833192e-05, 0.00013650793698616326, 0.00010199609096162021, 0.00012101901666028425, 0.0001539624499855563, 9.757602674653754e-05, 0.0001279826246900484, 0.00010999613732565194, 0.00012404531298670918, 0.00012873663217760623, 0.00012217837502248585, 0.00013126498379278928, 0.00013527710689231753, 0.00012402489664964378, 0.00010325329640181735, 0.00012828772014472634, 0.00011264558997936547, 7.123979594325647e-05, 8.064462599577382e-05, 0.0001270494976779446, 0.0001685348543105647, 8.40290667838417e-05, 0.00033396578510291874, 8.316733146784827e-05, 7.924325473140925e-05, 0.00013549670984502882, 8.726211672183126e-05, 0.00010684664448490366, 0.00014095894584897906, 8.789866842562333e-05, 0.00011836741759907454, 0.0001512273884145543, 0.00011212995741516352, 0.00013360304001253098, 0.00011029487359337509, 0.00019281594722997397, 9.96226881397888e-05, 0.00014644533803220838, 0.00012044325558235869, 7.450695557054132e-05, 0.00014236054266802967, 0.00012820132542401552, 0.00012928323121741414, 0.0001611820625839755, 0.0001561829703859985, 0.00012822369171772152, 0.00016500160563737154, 0.00011991763312835246, 0.00019464321667328477, 0.00010921848297584802, 9.5121402409859e-05, 0.0001449176634196192, 0.00013400762691162527, 0.00011299389007035643]
model.6.m.2.cv2.conv.bias_quantized_zero_point[0, 0, 0, 0, 0, 0, 0, 0, 0, 0, 0, 0, 0, 0, 0, 0, 0, 0, 0, 0, 0, 0, 0, 0, 0, 0, 0, 0, 0, 0, 0, 0, 0, 0, 0, 0, 0, 0, 0, 0, 0, 0, 0, 0, 0, 0, 0, 0, 0, 0, 0, 0, 0, 0, 0, 0, 0, 0, 0, 0, 0, 0, 0, 0]
model.6.cv2.conv.bias_quantized[17470, 3950, 4941, 11394, 1658, -10515, -998, -1854, -1413, 1509, 9172, 1413, -1198, -392, 7143, -7993, 943, 1273, 15187, 4791, 3643, -1508, 1292, 104, 771, 1092, -996, 1676, -5807, 6247, 6259, 3284, 4648, 6565, -811, 4382, 3763, 5254, 387, 2244, -3436, 2026, 3178, 233, 4587, 7173, 419, -4313, -10581, 7505, 4672, -3847, 4705, -682, 5436, -5041, -4074, 1761, 3987, 2263, 3434, -5228, 11825, -6629]
model.6.cv2.conv.bias_quantized_scale[0.0001545101113151759, 0.00026369362603873014, 0.00013610416499432176, 0.00020149738702457398, 0.00018343247938901186, 0.00016098828928079456, 0.00025633827317506075, 0.00015055587573442608, 0.00012797495583072305, 0.0002653216361068189, 0.0001974046608665958, 0.0001738456339808181, 0.00014523409481626004, 0.0001304903271375224, 0.00016817772120703012, 0.00032146190642379224, 0.00021122506586834788, 0.0001669037592364475, 0.00015105953207239509, 0.00012089132360415533, 0.00014614651445299387, 0.00018257125339005142, 0.0001899198250612244, 0.00024607067462056875, 0.00015606805391144007, 0.00018600496696308255, 0.00032136208028532565, 0.00014895382628310472, 0.00025944761000573635, 0.00014703909982927144, 0.00016869563842192292, 0.0002698923635762185, 0.0002519836707506329, 0.00018463893502485007, 0.00022300062119029462, 0.00015986949438229203, 0.00023620264255441725, 0.0001392826234223321, 0.0001795456773834303, 0.0002322266373084858, 0.00020853847672697157, 0.00018832510977517813, 0.0002106662723235786, 0.00020139626576565206, 0.0002200752351200208, 0.00012390736083034426, 0.00015104001795407385, 0.0001438890612917021, 0.00014957554230932146, 0.0002489635953679681, 0.00012625152885448188, 0.0002632535470183939, 0.0001766692439559847, 0.00020360847702249885, 0.00038297995342873037, 0.0001870277337729931, 0.00017514079809188843, 0.0001582953700562939, 0.00021895529062021524, 0.00019308501214254647, 0.00021702126832678914, 0.00029063329566270113, 0.00015750087914057076, 0.00013782730093225837]
model.6.cv2.conv.bias_quantized_zero_point[0, 0, 0, 0, 0, 0, 0, 0, 0, 0, 0, 0, 0, 0, 0, 0, 0, 0, 0, 0, 0, 0, 0, 0, 0, 0, 0, 0, 0, 0, 0, 0, 0, 0, 0, 0, 0, 0, 0, 0, 0, 0, 0, 0, 0, 0, 0, 0, 0, 0, 0, 0, 0, 0, 0, 0, 0, 0, 0, 0, 0, 0, 0, 0]
model.6.cv3.conv.bias_quantized[3401, -4203, 1166, 7867, -4156, 8926, -7776, 4051, -4035, 9439, -4751, -3391, -7729, -1535, 15276, -358, 127, 4884, 3757, 13974, 8775, -13380, 4541, -4034, 11342, -2377, 4675, -8900, -4988, -18, 4025, 11796, 8853, 2250, -10011, 1608, 10180, 14996, -2952, -7366, -2769, 1524, -2656, -3819, 5721, -3042, 4095, -4562, -3724, 10476, 8510, -7072, 9330, -11974, 781, -7014, -14251, 3932, -2466, -1515, -12078, -3643, -8196, 10182, -5239, 5839, 6110, -3603, 1100, -3030, 2427, 234, -4909, 9036, 2620, 15039, 906, 8164, 2441, 6733, 2113, -13945, 6641, -4517, -1740, 17022, 5195, 5480, 9444, -6328, 2509, 1092, 214, 980, 8410, 10589, -2537, 5029, 4906, -3531, 1118, -6970, -9613, -11358, -6538, -5471, 11026, 14720, 4987, 1366, 8854, 8905, 935, 5524, 8312, 4609, -5756, -5831, 3110, 969, 2523, -2707, -6309, -5464, 5890, -8514, 2673, -5233]
model.6.cv3.conv.bias_quantized_scale[0.0001561274693813175, 0.00023247304488904774, 8.898556552594528e-05, 0.00013649083848576993, 0.0002777969930320978, 0.00011384025128791109, 0.00029875824111513793, 7.582209218526259e-05, 0.00013034517178311944, 0.000103248399682343, 0.00014756621385458857, 0.0002026673755608499, 0.0001849302207119763, 0.00012607479584403336, 6.966881483094767e-05, 0.00017615298565942794, 0.00018274475587531924, 0.00014325430674944073, 0.0001192750278278254, 9.933538967743516e-05, 0.00013398562441579998, 0.00016799541481304914, 0.0001424355577910319, 0.00023951829643920064, 0.00010959702194668353, 0.00018620847549755126, 0.00012006548058707267, 0.00015077510033734143, 0.00026325893122702837, 0.0001502096129115671, 0.00013033718278165907, 7.184701826190576e-05, 0.0001033677690429613, 0.00016860681353136897, 9.897423296933994e-05, 0.00020686654897872359, 0.00011051907495129853, 8.879394590621814e-05, 0.00015695695765316486, 0.00018347280274610966, 0.0001325541961705312, 0.00014834229659754783, 0.00013294197560753673, 0.00013516811304725707, 0.00011826745321741328, 0.00016152288299053907, 0.0002202689938712865, 0.0001997688232222572, 0.00013212104386184365, 9.90262342384085e-05, 9.953859989764169e-05, 0.00014516853843815625, 7.820451719453558e-05, 0.00013853654672857374, 0.00017989857587963343, 0.00011112178617622703, 0.00015728471043985337, 0.00021137439762242138, 0.00017840880900621414, 0.00011883358092745766, 0.00015168011304922402, 0.00020729271636810154, 0.00018321009702049196, 9.141951886704192e-05, 0.00020018299983348697, 0.000123879115562886, 0.0002547813346609473, 0.000153203378431499, 0.00017462899268139154, 0.0002604974724818021, 0.00011133374937344342, 0.000160225186846219, 0.00016584080003667623, 9.591344132786617e-05, 9.470185614190996e-05, 8.162207086570561e-05, 0.00013564058463089168, 9.886045154416934e-05, 0.00017596404359210283, 0.00013385039346758276, 0.00016631845210213214, 0.0001587343285791576, 0.00016754590615164489, 0.00017408374696969986, 0.00013308311463333666, 7.581293175462633e-05, 0.00015112564142327756, 9.044283797265962e-05, 0.00011175998952239752, 0.00023552394122816622, 0.00013383582700043917, 0.0001451494754292071, 0.00011715946311596781, 0.0003289701126050204, 0.00014516247028950602, 0.00010344931797590107, 0.0001806213113013655, 0.00010903352085733786, 0.00012218979827594012, 0.00020091381156817079, 0.0001506290427641943, 0.00011898809316335246, 0.00017857569037005305, 0.0002577237319201231, 0.0002223271585535258, 0.00016835116548463702, 9.507600771030411e-05, 9.069366933545098e-05, 0.00018130727403331548, 9.571162809152156e-05, 0.00011149088823003694, 0.00013732905790675431, 0.00026998910470865667, 9.851496724877506e-05, 0.00012943765614181757, 8.589666686020792e-05, 0.0001582932600285858, 0.00018768776499200612, 0.00013153589679859579, 0.00017227370699401945, 0.0001363864867016673, 0.00016797496937215328, 0.0001271589717362076, 0.00020413738093338907, 0.00012454473471734673, 0.000178372923983261, 0.00013857583689969033, 0.00013625677092932165]
model.6.cv3.conv.bias_quantized_zero_point[0, 0, 0, 0, 0, 0, 0, 0, 0, 0, 0, 0, 0, 0, 0, 0, 0, 0, 0, 0, 0, 0, 0, 0, 0, 0, 0, 0, 0, 0, 0, 0, 0, 0, 0, 0, 0, 0, 0, 0, 0, 0, 0, 0, 0, 0, 0, 0, 0, 0, 0, 0, 0, 0, 0, 0, 0, 0, 0, 0, 0, 0, 0, 0, 0, 0, 0, 0, 0, 0, 0, 0, 0, 0, 0, 0, 0, 0, 0, 0, 0, 0, 0, 0, 0, 0, 0, 0, 0, 0, 0, 0, 0, 0, 0, 0, 0, 0, 0, 0, 0, 0, 0, 0, 0, 0, 0, 0, 0, 0, 0, 0, 0, 0, 0, 0, 0, 0, 0, 0, 0, 0, 0, 0, 0, 0, 0, 0]
model.7.conv.bias_quantized[-2006, -26029, -17180, -11163, -6475, -22819, 11722, -3709, 3790, -31078, -13531, -18741, 20335, -12758, -9322, 3949, -13652, -14769, 3980, -18335, -13664, -6360, -15152, 2506, 424, -32685, -19268, -16747, 13054, -12091, -3391, -19749, -36137, -28936, -219, -16683, -11471, 11078, -7816, -14532, -17233, 5336, -28429, -5102, -3306, -14187, -17194, -1776, -12472, 3338, -20613, -25522, -44321, -4346, -4859, 4833, -2117, 1484, -1525, -28698, 3585, -19198, -1135, -23157, -9380, -15239, -5553, -22869, -11567, -2417, -2808, 2422, -8963, 6154, 5787, 2140, -6478, -15260, -17325, -22682, -22950, -818, -28636, 6044, -16638, -15334, -10985, -3040, -2988, -12818, -10630, -5402, -14083, -11552, -5721, -28664, -12286, -15272, -14992, -6655, -32265, -14695, -9645, -3444, -2051, -1740, -13756, 14, 2131, -4170, 1631, -4450, -11026, 1141, -9201, 6627, -1855, -33106, -20977, -22164, -7653, -26357, -6757, -35891, -19385, -5955, -6472, -11689, -20065, -4853, -8258, -25338, -1512, -2575, -5178, -25287, -5967, 12156, -9298, 1648, 10238, 4749, -21059, -15736, 1740, -11677, -33852, -16440, -15578, -24809, -15473, -16463, -6104, -40919, 10622, 4853, -13178, -14420, -11208, -17848, -23423, 8028, -6089, 12984, -20247, -5701, -7998, -19239, -14349, -5422, -15343, -5023, -11388, -4484, -4438, 3609, -13973, 10667, -3173, -3503, -11714, -5637, -10765, -4260, -21682, -7454, -17201, -10006, -16486, -9160, -23966, -13250, -23611, 850, -5192, -17622, -16609, -15053, -14475, 1136, -12094, -13062, -29511, -15555, -21805, -11574, -17541, -27270, -14103, -1132, -14862, -2150, -12403, -13036, -51431, 4575, -12588, -1243, -1200, -14785, 934, -19990, -15402, -10817, -2761, -14738, -25762, 4198, -20064, -14725, -14271, -7296, -29514, 2070, -18516, -5600, -3340, -3690, -30311, -6655, -19508, -27444, -1344, -12809, -23435, -14593, -25093, -15830, -25128, -8834, -22766, -10017, -19405, -11822, -7650, -2233]
model.7.conv.bias_quantized_scale[7.874433504184708e-05, 6.279535591602325e-05, 6.341582047753036e-05, 6.505620694952086e-05, 6.516474968520924e-05, 5.2938634325983e-05, 5.040395990363322e-05, 0.00010290584032190964, 6.234207103261724e-05, 6.194760499056429e-05, 5.546726970351301e-05, 4.082273517269641e-05, 4.0997470932779834e-05, 5.2886192861478776e-05, 5.459081512526609e-05, 4.8385576519649476e-05, 6.055150515749119e-05, 6.127919186837971e-05, 4.999655720894225e-05, 4.319353320170194e-05, 8.328593685291708e-05, 4.947104025632143e-05, 5.022308323532343e-05, 4.275215542293154e-05, 5.441316170617938e-05, 5.088197940494865e-05, 4.4654902012553066e-05, 5.002713805879466e-05, 5.3463620133697987e-05, 6.962756015127525e-05, 0.00011440151138231158, 5.0735532568069175e-05, 6.307673174887896e-05, 3.962754271924496e-05, 4.6548440877813846e-05, 3.769808972720057e-05, 6.405807653209195e-05, 4.5387518184725195e-05, 6.0073343775002286e-05, 6.209584535099566e-05, 3.5545632272260264e-05, 4.5115422835806385e-05, 7.917657785583287e-05, 4.170238389633596e-05, 4.805403295904398e-05, 4.4413955038180575e-05, 5.317234172252938e-05, 6.305281567620113e-05, 4.7840025217738e-05, 6.537076114909723e-05, 5.216248973738402e-05, 6.303851114353165e-05, 4.0971124690258875e-05, 3.367854151292704e-05, 5.164399408386089e-05, 7.11252650944516e-05, 4.833493221667595e-05, 4.663830259232782e-05, 6.428486813092604e-05, 4.088897185283713e-05, 5.864702688995749e-05, 6.794573710067198e-05, 4.425534280017018e-05, 5.601047450909391e-05, 4.339187580626458e-05, 4.8908990720519796e-05, 4.611626354744658e-05, 5.708989920094609e-05, 5.3195817599771544e-05, 5.079075708636083e-05, 4.458965122466907e-05, 5.171907469048165e-05, 3.93755835830234e-05, 6.868877244414762e-05, 5.81729291297961e-05, 4.4913576857652515e-05, 4.991346941096708e-05, 5.9987156419083476e-05, 5.996625259285793e-05, 6.507814396172762e-05, 5.1480732508935034e-05, 3.9775954064680263e-05, 4.821873881155625e-05, 6.0861639212816954e-05, 5.656611028825864e-05, 5.170355143491179e-05, 6.85614431858994e-05, 0.0001406337833032012, 4.641994382836856e-05, 5.7295819715363905e-05, 4.811664985027164e-05, 4.443180296220817e-05, 5.287101157591678e-05, 6.0761740314774215e-05, 5.3520150686381385e-05, 5.713293649023399e-05, 4.758726936415769e-05, 8.821925439406186e-05, 0.0001139016603701748, 4.494311360758729e-05, 5.9634527133312076e-05, 3.36647717631422e-05, 4.647411697078496e-05, 4.417452873894945e-05, 6.107441731728613e-05, 5.823636820423417e-05, 6.887895870022476e-05, 6.228435086086392e-05, 8.100437844404951e-05, 8.41915825731121e-05, 5.902948760194704e-05, 5.619708463200368e-05, 4.1158084059134126e-05, 4.51220985269174e-05, 5.322110519045964e-05, 4.1096242057392374e-05, 8.608775533502921e-05, 7.716926484135911e-05, 4.781677125720307e-05, 5.347708429326303e-05, 5.738528852816671e-05, 5.5583197536179796e-05, 3.481419844320044e-05, 6.287151336437091e-05, 4.8042882554000244e-05, 6.886881601531059e-05, 4.406649895827286e-05, 5.00242858834099e-05, 5.003614569432102e-05, 5.982733273413032e-05, 3.435075996094383e-05, 4.8532245273236185e-05, 5.5920641898410395e-05, 4.164809070061892e-05, 5.9143163525732234e-05, 4.3541040213312954e-05, 0.00012406760652083904, 7.028869003988802e-05, 4.2765728721860796e-05, 4.020608321297914e-05, 5.094625157653354e-05, 5.926033918512985e-05, 4.295247344998643e-05, 6.813766231061891e-05, 4.816533692064695e-05, 5.7126399042317644e-05, 7.734755490673706e-05, 4.7551289753755555e-05, 4.6875728003215045e-05, 5.438978405436501e-05, 5.1406914280960336e-05, 8.94579934538342e-05, 5.668866288033314e-05, 4.7412628191523254e-05, 5.89154296903871e-05, 4.486096804612316e-05, 4.436697417986579e-05, 7.425982767017558e-05, 4.3797499529318884e-05, 4.5526132453233004e-05, 4.064377935719676e-05, 3.465663030510768e-05, 4.878934123553336e-05, 4.122438622289337e-05, 4.4138079829281196e-05, 6.420033605536446e-05, 5.3764615586260334e-05, 6.315641803666949e-05, 4.232715582475066e-05, 4.372289913590066e-05, 4.611167241819203e-05, 5.225534550845623e-05, 4.481290670810267e-05, 5.982647053315304e-05, 4.859038017457351e-05, 4.3524676584638655e-05, 3.971966725657694e-05, 3.9473572542192414e-05, 5.9995112678734586e-05, 5.968150799162686e-05, 7.108218414941803e-05, 5.275488365441561e-05, 6.737421790603548e-05, 6.959980237297714e-05, 4.973691829945892e-05, 6.981511251069605e-05, 5.4486783483298495e-05, 4.160312164458446e-05, 4.38012539234478e-05, 3.82130965590477e-05, 3.782965359278023e-05, 6.733740883646533e-05, 4.90132842969615e-05, 5.340428833733313e-05, 6.701955135213211e-05, 7.05186539562419e-05, 5.160876753507182e-05, 8.027034346014261e-05, 4.305935726733878e-05, 6.837904948042706e-05, 5.1727885875152424e-05, 8.177547715604305e-05, 4.3905161874135956e-05, 5.698700624634512e-05, 4.956244447384961e-05, 6.052401658962481e-05, 7.727121555944905e-05, 4.936922050546855e-05, 7.80793561716564e-05, 4.6987897803774104e-05, 4.604370042216033e-05, 4.3710660975193605e-05, 5.2370898629305884e-05, 5.9047379181720316e-05, 4.465607707970776e-05, 0.00011500973050715402, 7.241504499688745e-05, 4.523720781435259e-05, 5.8507717767497525e-05, 5.3773408581037074e-05, 4.8955225793179125e-05, 4.721296136267483e-05, 6.274811312323436e-05, 5.936880552326329e-05, 6.916514394106343e-05, 7.120054215192795e-05, 7.127844583010301e-05, 4.9232912715524435e-05, 4.537673157756217e-05, 3.9801532693672925e-05, 6.478709110524505e-05, 6.232113810256124e-05, 6.574868893949315e-05, 5.063562639406882e-05, 4.6903296606615186e-05, 0.00010980085789924487, 5.16509244334884e-05, 0.0001380696048727259, 3.374468724359758e-05, 4.644942964660004e-05, 7.015102892182767e-05, 4.427974999998696e-05, 3.906061465386301e-05, 6.806079181842506e-05, 4.3397310946602374e-05, 4.436303788679652e-05, 4.779453593073413e-05, 3.9260867197299376e-05, 6.0209480579942465e-05, 6.439458229579031e-05, 6.047709393897094e-05, 4.596292637870647e-05, 4.830569014302455e-05, 4.7646208258811384e-05, 6.03503649472259e-05, 5.708013486582786e-05]
model.7.conv.bias_quantized_zero_point[0, 0, 0, 0, 0, 0, 0, 0, 0, 0, 0, 0, 0, 0, 0, 0, 0, 0, 0, 0, 0, 0, 0, 0, 0, 0, 0, 0, 0, 0, 0, 0, 0, 0, 0, 0, 0, 0, 0, 0, 0, 0, 0, 0, 0, 0, 0, 0, 0, 0, 0, 0, 0, 0, 0, 0, 0, 0, 0, 0, 0, 0, 0, 0, 0, 0, 0, 0, 0, 0, 0, 0, 0, 0, 0, 0, 0, 0, 0, 0, 0, 0, 0, 0, 0, 0, 0, 0, 0, 0, 0, 0, 0, 0, 0, 0, 0, 0, 0, 0, 0, 0, 0, 0, 0, 0, 0, 0, 0, 0, 0, 0, 0, 0, 0, 0, 0, 0, 0, 0, 0, 0, 0, 0, 0, 0, 0, 0, 0, 0, 0, 0, 0, 0, 0, 0, 0, 0, 0, 0, 0, 0, 0, 0, 0, 0, 0, 0, 0, 0, 0, 0, 0, 0, 0, 0, 0, 0, 0, 0, 0, 0, 0, 0, 0, 0, 0, 0, 0, 0, 0, 0, 0, 0, 0, 0, 0, 0, 0, 0, 0, 0, 0, 0, 0, 0, 0, 0, 0, 0, 0, 0, 0, 0, 0, 0, 0, 0, 0, 0, 0, 0, 0, 0, 0, 0, 0, 0, 0, 0, 0, 0, 0, 0, 0, 0, 0, 0, 0, 0, 0, 0, 0, 0, 0, 0, 0, 0, 0, 0, 0, 0, 0, 0, 0, 0, 0, 0, 0, 0, 0, 0, 0, 0, 0, 0, 0, 0, 0, 0, 0, 0, 0, 0, 0, 0]
model.8.cv1.conv.bias_quantized[-2908, -15236, -13075, -14318, -668, 2284, 2051, -16270, -17102, -16083, -11488, -16367, -15246, 750, -17051, -18320, -15143, -10509, -6715, -9117, -20356, -10044, -12898, -21355, -17594, -3716, -19810, -25878, -8959, -15994, 71, -19107, 2487, -15473, -15918, -11407, -18437, -10409, -14138, -11407, -10061, -21827, -88, -7432, -13198, -14907, -19771, -16136, -14064, -16845, -23334, -16571, -11996, -19139, -20858, -952, -12498, -13400, -19218, -15241, -16062, -839, -10594, -3053, -14222, -19898, -15055, -13666, -10704, -2482, -15975, -13341, -12019, -12805, -14090, -16291, -19285, -1782, -22908, -12254, -4442, -16788, -13328, -18495, -17925, -2416, -13192, -14389, -13105, 1271, 2630, -16893, -15686, -19789, -13601, -11303, -14257, -19541, -14185, -11872, -14891, -16009, -18136, -14948, -14414, -13779, -14178, -9645, -15221, 1474, -17361, -18123, -12594, -20133, -15479, 6444, -13821, -15371, -18100, -17856, -12391, -18269, -8753, -17169, -2806, -19486, -13696, -16121]
model.8.cv1.conv.bias_quantized_scale[7.330137304961681e-05, 6.644950190093368e-05, 4.97458349855151e-05, 7.42584015824832e-05, 3.1700212275609374e-05, 4.0498958696844056e-05, 4.3983531213598326e-05, 7.998653018148616e-05, 6.129891698947176e-05, 5.563540253206156e-05, 4.265759707777761e-05, 5.301097553456202e-05, 3.9295056922128424e-05, 6.584529910469428e-05, 7.795460260240361e-05, 6.624310481129214e-05, 7.578789518447593e-05, 4.5037315430818126e-05, 3.5124401620123535e-05, 4.7244830057024956e-05, 7.135658233892173e-05, 5.706007141270675e-05, 7.811538671376184e-05, 8.385300316149369e-05, 5.207174035604112e-05, 6.545777432620525e-05, 7.342352910200134e-05, 8.117871766444296e-05, 4.028510375064798e-05, 6.99413285474293e-05, 0.00011145266762468964, 6.240208313101903e-05, 5.999936183798127e-05, 4.749342042487115e-05, 4.97902074130252e-05, 7.104620453901589e-05, 8.932460332289338e-05, 4.776908826897852e-05, 8.914216596167535e-05, 5.355840767151676e-05, 8.866073767421767e-05, 6.972216942813247e-05, 4.364352207630873e-05, 4.1663010051706806e-05, 6.47168344585225e-05, 0.0001284353929804638, 6.681786180706695e-05, 8.293698192574084e-05, 8.003714901860803e-05, 0.00010839525202754885, 6.0691203543683514e-05, 7.363226904999465e-05, 6.15995450061746e-05, 9.101986506721005e-05, 7.154030754463747e-05, 6.17670375504531e-05, 4.664122388930991e-05, 6.976431177463382e-05, 0.00012838983093388379, 9.165427036350593e-05, 5.071397026767954e-05, 6.756830407539383e-05, 5.38457024958916e-05, 8.119932317640632e-05, 5.561516809393652e-05, 7.971486047608778e-05, 7.163936243159696e-05, 7.609171734657139e-05, 6.786751328036189e-05, 5.541020436794497e-05, 8.474766946164891e-05, 7.578176882816479e-05, 4.1555482312105596e-05, 0.00011530375923030078, 3.495645069051534e-05, 9.41218386287801e-05, 5.6192751799244434e-05, 7.019728218438104e-05, 5.890721149626188e-05, 5.0878010370070115e-05, 7.164450653363019e-05, 6.456498522311449e-05, 8.888715092325583e-05, 5.636600326397456e-05, 6.36689001112245e-05, 7.692021608818322e-05, 7.776929123792797e-05, 7.859484321670607e-05, 6.165248487377539e-05, 6.44055035081692e-05, 4.441968849278055e-05, 6.402369763236493e-05, 8.247813821071759e-05, 8.064791472861543e-05, 8.085129229584709e-05, 4.014680962427519e-05, 5.204089393373579e-05, 7.296636613318697e-05, 6.595034210477024e-05, 6.228349229786545e-05, 8.210679516196251e-05, 8.717102173250169e-05, 7.137819920899346e-05, 3.8164154830155894e-05, 8.48438503453508e-05, 6.026497794664465e-05, 5.822354432893917e-05, 4.8898335080593824e-05, 7.360159361269325e-05, 5.8548535889713094e-05, 8.039473323151469e-05, 5.984351446386427e-05, 5.649390004691668e-05, 6.406175089068711e-05, 8.633173274574801e-05, 5.243890700512566e-05, 6.147028034320101e-05, 7.295082468772307e-05, 8.100493141682819e-05, 8.107895700959489e-05, 7.253255898831412e-05, 6.971241236897185e-05, 5.550456990022212e-05, 6.450555520132184e-05, 5.723901267629117e-05, 7.78458925196901e-05, 0.0001063408053596504, 7.896764145698398e-05]
model.8.cv1.conv.bias_quantized_zero_point[0, 0, 0, 0, 0, 0, 0, 0, 0, 0, 0, 0, 0, 0, 0, 0, 0, 0, 0, 0, 0, 0, 0, 0, 0, 0, 0, 0, 0, 0, 0, 0, 0, 0, 0, 0, 0, 0, 0, 0, 0, 0, 0, 0, 0, 0, 0, 0, 0, 0, 0, 0, 0, 0, 0, 0, 0, 0, 0, 0, 0, 0, 0, 0, 0, 0, 0, 0, 0, 0, 0, 0, 0, 0, 0, 0, 0, 0, 0, 0, 0, 0, 0, 0, 0, 0, 0, 0, 0, 0, 0, 0, 0, 0, 0, 0, 0, 0, 0, 0, 0, 0, 0, 0, 0, 0, 0, 0, 0, 0, 0, 0, 0, 0, 0, 0, 0, 0, 0, 0, 0, 0, 0, 0, 0, 0, 0, 0]
model.8.m.0.cv1.conv.bias_quantized[-3572, -8142, -3074, -8834, -9563, -7131, -1110, -5145, -11899, -10525, -11058, -9199, -15849, -2552, -4148, -2431, -4342, -10787, -11125, -4659, -9293, -866, -12529, -5276, -1173, -1899, -5731, 29210, -7370, -9731, -3482, -1229, -5833, -5126, -6093, -9524, -6062, -11013, -8834, -9364, -11543, 1258, -4306, -17786, -8320, -3397, -12306, -4888, -9705, -15823, -10973, -11521, -9313, -11855, -12194, 2526, -2059, -5452, -8142, -7927, -6954, -8495, -4168, -4637, -16294, -10357, -10273, -9350, -9531, -9245, -9697, -16563, -4086, -5221, -6834, -2339, -6728, -7749, -4695, -9596, -9196, -5355, -2468, -949, -2307, -12866, -10781, -6661, -13572, -899, -12666, -3120, -6174, 3040, -2505, -4518, -12583, -9204, -16085, -9182, -1363, -4340, -9500, -5144, -4779, -12661, -1622, -13727, -13755, -10184, -9568, -7155, -10702, -3056, -7128, -13135, -12813, -7651, -2193, -16863, -3853, -11518, -5100, -1045, -13724, -5481, -3143, -6314]
model.8.m.0.cv1.conv.bias_quantized_scale[0.0003740057582035661, 0.00037015657289884984, 0.0006637608748860657, 0.00037791411159560084, 0.0003463776083663106, 0.00040844158502295613, 0.0005363538512028754, 0.00035664974711835384, 0.00034371079527772963, 0.00039674562867730856, 0.0002916028315667063, 0.00035300879972055554, 0.00043117880704812706, 0.0009557956946082413, 0.00033852591877803206, 0.0004228406469337642, 0.0003327304730191827, 0.00042710377601906657, 0.0004097829223610461, 0.0003004614554811269, 0.0004029701231047511, 0.0003217717749066651, 0.00045069484622217715, 0.00023279708693735301, 0.0006630683783441782, 0.0002466713194735348, 0.0004816394648514688, 0.0001468796981498599, 0.0003486736095510423, 0.0002757129550445825, 0.0005035562207922339, 0.000514244195073843, 0.000538323656655848, 0.0004785928758792579, 0.00035952465259470046, 0.00040003235335461795, 0.0005460677784867585, 0.00041600686381570995, 0.0003048342769034207, 0.0003362395509611815, 0.0004289782082196325, 0.00025062679196707904, 0.00047030250425450504, 0.00031865100027062, 0.0003480730811133981, 0.0005675999564118683, 0.00035789923276752234, 0.00045913091162219644, 0.00046933162957429886, 0.000246210751356557, 0.00033338009961880744, 0.0003191103751305491, 0.0003266395360697061, 0.00034300051629543304, 0.00033137458376586437, 0.00045304925879463553, 0.00047233086661435664, 0.00034213223261758685, 0.00044451211579144, 0.00048002542462199926, 0.0003228778368793428, 0.00038573352503590286, 0.00037489485112018883, 0.0005407791468314826, 0.00033469864865764976, 0.0003956435830332339, 0.0003565634833648801, 0.0006243826937861741, 0.0003831703506875783, 0.0003836100222542882, 0.0005342127988114953, 0.0003664703690446913, 0.00041774637065827847, 0.0004295381368137896, 0.0004900746280327439, 0.0003167491522617638, 0.0003100578614976257, 0.00048774993047118187, 0.00034924002829939127, 0.000420061347540468, 0.00032023031963035464, 0.0007093403255566955, 0.0005404148250818253, 0.0005226573557592928, 0.00045599989243783057, 0.0003142329805996269, 0.00040370706119574606, 0.0006777516682632267, 0.00034697132650762796, 0.0006142026977613568, 0.0002759113849606365, 0.0004302878805901855, 0.000320181978167966, 0.00048681258340366185, 0.0004642880812752992, 0.000649699883069843, 0.0003202824154868722, 0.0003892317763529718, 0.0003134686849080026, 0.0005376588669605553, 0.00043205710244365036, 0.00026971675106324255, 0.00026934692868962884, 0.0002912258787546307, 0.0005181486485525966, 0.0003231228911317885, 0.0005494343349710107, 0.0004855770675931126, 0.0003155552549287677, 0.0003925823839381337, 0.00046323996502906084, 0.0005298770847730339, 0.00034200921072624624, 0.0005650531966239214, 0.00038561425753869116, 0.00040825328323990107, 0.00034142046933993697, 0.00036102955345995724, 0.00041861331555992365, 0.0003585262456908822, 0.0005507367313839495, 0.0004383360792417079, 0.0003365320444572717, 0.00046361162094399333, 0.00041373935528099537, 0.00029060462838970125, 0.0002580762666184455, 0.00041577249066904187]
model.8.m.0.cv1.conv.bias_quantized_zero_point[0, 0, 0, 0, 0, 0, 0, 0, 0, 0, 0, 0, 0, 0, 0, 0, 0, 0, 0, 0, 0, 0, 0, 0, 0, 0, 0, 0, 0, 0, 0, 0, 0, 0, 0, 0, 0, 0, 0, 0, 0, 0, 0, 0, 0, 0, 0, 0, 0, 0, 0, 0, 0, 0, 0, 0, 0, 0, 0, 0, 0, 0, 0, 0, 0, 0, 0, 0, 0, 0, 0, 0, 0, 0, 0, 0, 0, 0, 0, 0, 0, 0, 0, 0, 0, 0, 0, 0, 0, 0, 0, 0, 0, 0, 0, 0, 0, 0, 0, 0, 0, 0, 0, 0, 0, 0, 0, 0, 0, 0, 0, 0, 0, 0, 0, 0, 0, 0, 0, 0, 0, 0, 0, 0, 0, 0, 0, 0]
model.8.m.0.cv2.conv.bias_quantized[-8525, -9881, -7451, -7833, -6073, -357, 5667, -4879, 8974, 6908, -92, 8972, 7167, 7168, -2127, 4767, -503, -6825, -7680, 15304, -3474, -2636, -523, 165, -6574, -4768, 13780, 9541, 2927, -5009, 8304, -7250, -2092, 6944, -4859, -10019, 2288, 5200, -1028, -5553, 231, 2123, -5609, 10962, -6606, 4934, 5672, 1526, -12389, -5693, 2785, -1511, -4675, 1098, 9163, 34404, 6717, 4781, -6388, 9982, 1389, -13601, -2772, -1314, -8332, 2063, 3887, -4568, 4861, -4571, -3380, -6368, -5250, 1462, -11812, 2805, 7341, 5563, 9277, -221, 3171, 19032, 6683, -4278, 10330, 5154, -9514, 11696, 11463, 5268, 5671, -2001, -843, -8744, -1539, 16328, 491, -2921, -4159, 12462, -4879, 10486, -16701, 6649, 2372, -6606, 930, -2680, 5536, -418, 3643, 3866, -2229, 3301, 4328, 10373, -6442, -3453, -199, 2267, 8303, 2991, 4936, 4328, -1433, -2086, -5314, 5914]
model.8.m.0.cv2.conv.bias_quantized_scale[0.00015813139907550067, 8.669740782352164e-05, 0.00013188492448534817, 0.00010462816135259345, 0.00011481865658424795, 0.00019051553681492805, 9.559302998241037e-05, 0.00010578735964372754, 8.177245763363317e-05, 0.00013212280464358628, 0.00011901106336154044, 0.0002034808276221156, 8.370113937417045e-05, 0.00012815445370506495, 9.685193799668923e-05, 0.00012015186075586826, 0.000131168810185045, 0.00010501266660867259, 0.0001117562860599719, 0.00011929791799047962, 0.00011364272359060124, 0.00014515529619529843, 8.852738392306492e-05, 0.0001338251167908311, 8.702931518200785e-05, 0.00010573449253570288, 7.640611147508025e-05, 0.00011118008842458948, 9.054013207787648e-05, 9.578612662153319e-05, 0.0001600855466676876, 0.00014058758097235113, 8.380809595109895e-05, 0.00020745969959534705, 8.597692794864997e-05, 7.806145731592551e-05, 8.152437658281997e-05, 9.372115891892463e-05, 9.770883480086923e-05, 0.0001006066013360396, 0.00011845599510706961, 9.332974877906963e-05, 0.0001455892634112388, 0.0001611125044291839, 0.00017361757636535913, 0.0001005149824777618, 8.569940109737217e-05, 0.00012004960444755852, 0.00011552884097909555, 0.00012178088945802301, 9.965561184799299e-05, 8.99773949640803e-05, 7.730506331427023e-05, 0.00017189171921927482, 0.00011964854638790712, 0.0001390658289892599, 0.0001278952113352716, 7.156789069995284e-05, 0.00013139322982169688, 0.0001030770581564866, 9.210877033183351e-05, 0.0001228151231771335, 0.0001173009950434789, 0.00016287327161990106, 0.00012347314623184502, 9.64937498793006e-05, 0.00011586491746129468, 9.831016359385103e-05, 0.00011992060171905905, 0.00012742211401928216, 0.00013541162479668856, 0.00013685168232768774, 0.00012315387721173465, 6.817348912591115e-05, 0.00013266621681395918, 6.90230299369432e-05, 8.145987521857023e-05, 0.00012441848230082542, 7.835747965145856e-05, 7.3213544965256e-05, 6.932366522960365e-05, 7.867354725021869e-05, 8.681567123858258e-05, 0.00017737227608449757, 8.302485366584733e-05, 0.00012814259389415383, 8.82124513736926e-05, 7.071111758705229e-05, 0.00010237329115625471, 8.217326103476807e-05, 0.00011241648462601006, 0.00012022777082165703, 0.0001206704619107768, 0.00011200139852007851, 0.000151631364133209, 9.213241719407961e-05, 0.00010093238961417228, 0.0002439237287035212, 0.0001016739770420827, 8.103137952275574e-05, 0.00011677911243168637, 7.356426795013249e-05, 0.0001221941492985934, 9.540155588183552e-05, 9.593205322744325e-05, 9.104961645789444e-05, 7.888917025411502e-05, 8.849009464029223e-05, 0.00012960353342350572, 0.00010617680527502671, 9.942401811713353e-05, 8.930941112339497e-05, 9.720678644953296e-05, 9.442224109079689e-05, 8.294945291709155e-05, 9.085581405088305e-05, 0.0001034910383168608, 7.827820809325203e-05, 0.00010784834012156352, 9.755378414411098e-05, 0.00023346119269263, 0.00012614457227755338, 0.00010007574746850878, 9.360206604469568e-05, 7.890332926763222e-05, 0.00012885256728623062, 0.00013382146426010877, 0.000264098314801231]
model.8.m.0.cv2.conv.bias_quantized_zero_point[0, 0, 0, 0, 0, 0, 0, 0, 0, 0, 0, 0, 0, 0, 0, 0, 0, 0, 0, 0, 0, 0, 0, 0, 0, 0, 0, 0, 0, 0, 0, 0, 0, 0, 0, 0, 0, 0, 0, 0, 0, 0, 0, 0, 0, 0, 0, 0, 0, 0, 0, 0, 0, 0, 0, 0, 0, 0, 0, 0, 0, 0, 0, 0, 0, 0, 0, 0, 0, 0, 0, 0, 0, 0, 0, 0, 0, 0, 0, 0, 0, 0, 0, 0, 0, 0, 0, 0, 0, 0, 0, 0, 0, 0, 0, 0, 0, 0, 0, 0, 0, 0, 0, 0, 0, 0, 0, 0, 0, 0, 0, 0, 0, 0, 0, 0, 0, 0, 0, 0, 0, 0, 0, 0, 0, 0, 0, 0]
model.8.cv2.conv.bias_quantized[-4067, -1349, -4512, -1101, -6434, -2330, -8391, -3034, -2854, -6628, -3541, -2643, 598, -2728, -2738, -5291, -7422, -4052, -7810, -7511, -10051, -4479, -6437, -6217, -2914, -2059, -740, -6276, -170, -6213, -1683, -3576, -5026, -6516, -1033, -1357, -2123, -5756, -1261, -6339, -1397, -6692, -5002, -5756, -4260, -3928, -2380, -3677, -6868, -4067, -8053, -2206, -4426, -2676, -4843, -3608, -3346, -3139, -2703, -5281, -4248, -4503, -5993, -2774, -3370, -2234, -5056, -6857, -4547, -6633, -4921, -6432, -2508, -3689, -1361, -3815, -7358, -1587, -4156, -1815, -2881, -352, -2291, -3955, -1177, 518, -4640, -4855, -6580, -3761, -7235, -3165, -5030, -2129, -3009, -566, -7688, -2718, -2504, -9084, -4602, -2056, -1366, -76, -3798, -3856, -6223, -6209, -285, -5440, -5438, -244, -5106, -4156, -6008, -5802, -3687, -3965, -3750, -3056, -4000, -4887, -5230, -5233, -7888, -4999, -6157, -5293]
model.8.cv2.conv.bias_quantized_scale[0.00015101143799256533, 0.00014675963029731065, 0.0001312098029302433, 0.00017934462812263519, 0.0001277746050618589, 0.00012639141641557217, 0.00016739520651753992, 0.000163457021699287, 0.00019464775687083602, 0.00018771122267935425, 0.00012118162703700364, 0.00014577001275029033, 0.0001996495557250455, 0.00012867151235695928, 0.0001524467224953696, 0.00013413892884273082, 0.0001342265313724056, 0.00019254723156336695, 0.0001396712032146752, 0.00015136513684410602, 0.00014867589925415814, 0.000188837613677606, 0.0001537357602501288, 0.00014643686881754547, 0.00017351580027025193, 0.00016127595154102892, 0.0001544115657452494, 0.00014697868027724326, 0.00018998408631887287, 0.00017071206821128726, 0.00016239711840171367, 0.00015270640142261982, 0.00016521249199286103, 0.00014875223860144615, 0.0001528518187114969, 0.00017230378580279648, 0.00012242399679962546, 0.0001359192974632606, 0.00019081024220213294, 0.0001584801502758637, 0.00021207364625297487, 0.0001263393642148003, 0.00019624824926722795, 0.00015196041204035282, 0.00011553539661690593, 0.0001977236388484016, 0.00016195958596654236, 0.00012460880680009723, 0.00015302909014280885, 0.00014464693958871067, 0.00012376731319818646, 0.00015390368935186416, 0.0001418430038029328, 0.00015991668624337763, 0.00021218156325630844, 0.00013218748790677637, 0.00015672606241423637, 0.00014984399604145437, 0.00012163455539848655, 0.00023941745166666806, 0.0001202710991492495, 0.00020329725521150976, 0.0001637410605326295, 0.00016527182015124708, 0.00014236519928090274, 0.00012098018487449735, 0.00020200347353238612, 0.00022574786271434277, 0.00017788991681300104, 0.00017790566198527813, 0.00015430894563905895, 0.0001507666747784242, 0.00018499426369089633, 0.00012315587082412094, 0.00013729656348004937, 0.00011961323616560549, 0.00015077884017955512, 0.00013377878349274397, 0.00012767284351866692, 0.00012263732787687331, 0.00014994789671618491, 0.0001338369766017422, 0.00012673188757617027, 0.00015368546883109957, 0.0001245033199666068, 0.0001274632231798023, 0.0001399432949256152, 0.0001465269160689786, 0.00014039358939044178, 0.00015866057947278023, 0.0001421885099261999, 0.00019008353410754353, 0.0001855134905781597, 0.0001649281766731292, 0.00016738128033466637, 0.00011578981502680108, 0.000173781460034661, 0.0001847250241553411, 0.00018397768144495785, 0.00014451288734562695, 0.00014691257092636079, 0.00020117207895964384, 0.00016323979070875794, 0.00017226443742401898, 0.00011305231600999832, 0.00016888324171304703, 0.00013967682025395334, 0.00012736696226056665, 0.00012318327208049595, 0.00016145511472132057, 0.0001796330325305462, 0.00016510261048097163, 0.00012788396270480007, 0.00013561682135332376, 0.00012260365474503487, 0.0001452009892091155, 0.00013755360851064324, 0.00013607667642645538, 0.00012987398076802492, 0.00012181106285424903, 0.0002157411799998954, 0.00018585234647616744, 0.0001704158348729834, 0.0001563633413752541, 0.00016724414308555424, 0.0001484082022216171, 0.000182258925633505, 0.0001409386604791507]
model.8.cv2.conv.bias_quantized_zero_point[0, 0, 0, 0, 0, 0, 0, 0, 0, 0, 0, 0, 0, 0, 0, 0, 0, 0, 0, 0, 0, 0, 0, 0, 0, 0, 0, 0, 0, 0, 0, 0, 0, 0, 0, 0, 0, 0, 0, 0, 0, 0, 0, 0, 0, 0, 0, 0, 0, 0, 0, 0, 0, 0, 0, 0, 0, 0, 0, 0, 0, 0, 0, 0, 0, 0, 0, 0, 0, 0, 0, 0, 0, 0, 0, 0, 0, 0, 0, 0, 0, 0, 0, 0, 0, 0, 0, 0, 0, 0, 0, 0, 0, 0, 0, 0, 0, 0, 0, 0, 0, 0, 0, 0, 0, 0, 0, 0, 0, 0, 0, 0, 0, 0, 0, 0, 0, 0, 0, 0, 0, 0, 0, 0, 0, 0, 0, 0]
model.8.cv3.conv.bias_quantized[-4109, -2755, 1402, -2692, 3967, -627, -1133, -6534, -2295, -6789, 2791, -392, -3651, -8599, 3753, -4573, -1694, -3061, 1011, -5687, -8103, -2062, -4260, -10, 2617, 2356, -2421, 2943, 1474, -48, -2869, -4228, -2675, -4629, 1800, 2468, 732, -126, -3978, -1349, -5712, 2259, -4653, 1739, -2876, -321, -2174, -1984, -2841, -4429, -746, -722, 1526, 3575, -3328, -6093, -861, 1848, -3137, 419, -1434, -1233, -5716, -2304, -667, -814, -5793, -8111, -7445, -5562, -2848, 4399, 2217, -2263, -2920, 314, 260, 722, -5997, 3129, -537, 1900, -3324, 4939, -1361, -4583, -6470, 1258, 639, -5663, -384, 558, -4467, -1886, 14, -4473, -2286, -3174, 1258, -6962, -987, -4041, 234, 817, 1428, -2512, -6471, -2129, -3650, -3524, -2087, -5027, -9352, -341, -3949, -3086, -1615, -568, -3110, 4225, -621, -1398, -1391, -3564, -245, -71, -4517, -4692, 1548, -4853, -6514, -4213, -10680, -6998, 12103, 189, -2358, 318, 2710, -2615, 1936, -587, -2541, 4431, -2219, 3292, 349, -5057, -2657, -52, -3457, -1759, -4650, -4020, -3035, 1306, -5062, -4924, 1671, -3159, -3308, -2315, -3013, 2943, 783, 5987, -2687, -5337, 3361, -6213, -1249, 5658, -9765, -2774, -1266, -2569, -1252, 2990, -2950, -4919, -3221, -4802, -2847, -3007, -8858, 401, -3343, 1569, 2180, -3514, 255, -2731, 822, -4101, 522, -7851, -9402, -829, -4536, -6734, -554, -4517, -6733, 3408, -3970, 2589, -10468, -6827, -3972, -1632, -795, 8565, -3432, 998, 628, 256, -1423, -7943, -5236, -98, -3314, 3344, -5749, -6588, -3603, -1815, -3368, -8673, -6125, -89, 6074, -3979, 333, -5265, 2142, -2339, -4881, 1468, 940, -5641, -1491, 59, 2186, -3292, -2463, -4948, -1584, -2468, 2092, -4290, 5333, -1153, -1567, 262, -1963, -3217]
model.8.cv3.conv.bias_quantized_scale[9.209961717715487e-05, 8.6781001300551e-05, 9.605850937077776e-05, 0.00012887018965557218, 0.00012366771989036351, 0.0001084387258742936, 0.000102836565929465, 9.455440886085853e-05, 0.00011142752919113263, 0.00010803170880535617, 0.00013716275861952454, 0.00013014998694416136, 0.00010846029908861965, 0.00010172552720177919, 9.071942622540519e-05, 0.00010153223411180079, 0.00011653375986497849, 0.00012184079241706058, 0.00020240699814166874, 0.00010116585326613858, 0.00011947428720304742, 8.236104622483253e-05, 0.00011324892693664879, 0.00011212725075893104, 0.00012804458674509078, 0.00019562258967198431, 0.00011222340981476009, 0.00011762422218453139, 8.524494478479028e-05, 9.38263037824072e-05, 9.232878073817119e-05, 0.0001468724658479914, 7.954274042276666e-05, 0.0001491658913437277, 0.00010844058124348521, 8.406837150687352e-05, 0.0001106220661313273, 9.605419472791255e-05, 0.00010516495967749506, 0.00013726719771511853, 0.00010522631782805547, 0.00011178330896655098, 0.00012705152039416134, 8.99634396773763e-05, 9.395853703608736e-05, 0.00010421207844046876, 8.226050704251975e-05, 0.00014497690426651388, 8.306034578708932e-05, 0.0001159772727987729, 9.272596798837185e-05, 9.763806156115606e-05, 0.0001166727815871127, 0.00014772368012927473, 8.750374399824068e-05, 9.782179404282942e-05, 0.00011014191113645211, 0.00011616645497269928, 0.00013478177424985915, 0.000178007161593996, 7.919644849607721e-05, 7.515378820244223e-05, 9.421155846212059e-05, 8.669532689964399e-05, 0.0001184334687422961, 9.055766713572666e-05, 9.239633072866127e-05, 0.0001146199501818046, 0.00010494219895917922, 0.00010855699656531215, 0.000146518912515603, 0.00014682662731502205, 0.00010817528527695686, 0.0001060130016412586, 0.00010888129327213392, 0.00011376132897567004, 9.681050869403407e-05, 0.0001461710053263232, 0.00014599204587284476, 9.597899043001235e-05, 0.000239134969888255, 8.568188786739483e-05, 0.00010587278666207567, 8.398010686505586e-05, 0.00012492088717408478, 0.00011435295164119452, 0.00011995877866866067, 0.00011188509233761579, 9.882701851893216e-05, 0.0001116227576858364, 0.00011344416270731017, 0.00018095780978910625, 0.00016849901294335723, 0.00013638220843859017, 0.00010448107059346512, 0.00013740034773945808, 0.0002566917974036187, 0.00013130927982274443, 0.0001242799626197666, 9.878788841888309e-05, 9.288853470934555e-05, 0.00011289462418062612, 9.786954615265131e-05, 0.0001551207242300734, 0.00016767425404395908, 9.490957017987967e-05, 0.00010945750545943156, 0.00013066308747511357, 0.0001353542902506888, 0.00010231360647594556, 0.00011220447049709037, 0.00013498221233021468, 8.468683518003672e-05, 0.00011987891048192978, 0.00010280875721946359, 8.766903192736208e-05, 0.00012940455053467304, 8.479146345052868e-05, 0.0001510274305474013, 0.000147169892443344, 8.326919487444684e-05, 9.660906653152779e-05, 9.969560051104054e-05, 0.00013032580318395048, 0.00012174426228739321, 0.00012217251060064882, 0.00014211973757483065, 0.00021109597582835704, 0.00010344577458454296, 0.00010248180478811264, 0.00013492129801306874, 0.0001013527435134165, 9.721728565637022e-05, 9.68778258538805e-05, 7.739732973277569e-05, 8.733397407922894e-05, 0.00014975112571846694, 8.387166599277407e-05, 0.00012164514191681519, 0.00010932695295196027, 0.00010337288404116407, 8.404988329857588e-05, 9.3735710834153e-05, 0.00010141434177057818, 0.00013820726599078625, 0.0003154129080940038, 9.537426376482472e-05, 9.503556793788448e-05, 0.000166284415172413, 0.00010880364425247535, 0.00012415139644872397, 0.00015263365639839321, 7.01198005117476e-05, 9.71962945186533e-05, 0.00013995508197695017, 9.661017975304276e-05, 0.00011580531281651929, 0.00014321415801532567, 0.0001055596731021069, 9.078601578949019e-05, 0.00015295115008484572, 0.0001051112194545567, 8.370386058231816e-05, 8.545984019292518e-05, 0.00012136765144532546, 0.00015856577374506742, 9.448124910704792e-05, 0.00021035967802163213, 0.00011171111691510305, 8.58916828292422e-05, 0.00010034206206910312, 0.00014043691044207662, 8.885617717169225e-05, 0.00010608344746287912, 0.00012420013081282377, 0.00010133809701073915, 9.455065446672961e-05, 0.00018431142962072045, 0.00010627225128700957, 0.00011795687169069424, 0.00018869771156460047, 0.0001763067557476461, 0.00012224756937939674, 0.00012226784019730985, 0.0001329014776274562, 0.00010551169543759897, 7.492535223718733e-05, 9.820915147429332e-05, 0.00010589090379653499, 0.00012485521438065916, 0.0001146787908510305, 9.612141730030999e-05, 0.00012326597061473876, 0.00012160142068751156, 0.0001756459241732955, 7.49193859519437e-05, 0.00010404094791738316, 0.0001292569941142574, 0.00014789261331316084, 9.890543879009783e-05, 9.138679160969332e-05, 0.00010215584188699722, 0.00015709275612607598, 0.00012698967475444078, 6.337576633086428e-05, 9.447201591683552e-05, 0.00010406201181467623, 0.00011679700401145965, 0.00011261863255640492, 0.00019925566448364407, 7.593308691866696e-05, 9.177663014270365e-05, 9.539104212308303e-05, 0.00012533448170870543, 0.0001282134762732312, 6.99750889907591e-05, 0.00010857650340767577, 0.0001235582894878462, 0.00012474851973820478, 9.913258691085503e-05, 0.00013952894369140267, 8.513465581927449e-05, 8.808323764242232e-05, 0.00010289421334164217, 0.0001000827833195217, 0.00015848535986151546, 0.00010721036233007908, 0.00011442886898294091, 0.00013644879800267518, 9.819932893151417e-05, 0.000145854995935224, 0.0001181861080112867, 0.00016830636013764888, 0.00011777506006183103, 0.00013943834346719086, 0.00011744518269551918, 0.00010684083827072755, 0.00018333373009227216, 7.690033089602366e-05, 0.00013874990690965205, 9.546050569042563e-05, 0.00011930882465094328, 0.00010779999865917489, 8.993798110168427e-05, 9.326343570137396e-05, 0.00014154103701002896, 0.00012739056546706706, 0.00013636038056574762, 0.00014836575428489596, 8.245801291195676e-05, 9.628335101297125e-05, 0.00010168826702283695, 9.930603846441954e-05, 0.00012097700528101996, 0.00011629053187789395, 0.0001273712405236438]
model.8.cv3.conv.bias_quantized_zero_point[0, 0, 0, 0, 0, 0, 0, 0, 0, 0, 0, 0, 0, 0, 0, 0, 0, 0, 0, 0, 0, 0, 0, 0, 0, 0, 0, 0, 0, 0, 0, 0, 0, 0, 0, 0, 0, 0, 0, 0, 0, 0, 0, 0, 0, 0, 0, 0, 0, 0, 0, 0, 0, 0, 0, 0, 0, 0, 0, 0, 0, 0, 0, 0, 0, 0, 0, 0, 0, 0, 0, 0, 0, 0, 0, 0, 0, 0, 0, 0, 0, 0, 0, 0, 0, 0, 0, 0, 0, 0, 0, 0, 0, 0, 0, 0, 0, 0, 0, 0, 0, 0, 0, 0, 0, 0, 0, 0, 0, 0, 0, 0, 0, 0, 0, 0, 0, 0, 0, 0, 0, 0, 0, 0, 0, 0, 0, 0, 0, 0, 0, 0, 0, 0, 0, 0, 0, 0, 0, 0, 0, 0, 0, 0, 0, 0, 0, 0, 0, 0, 0, 0, 0, 0, 0, 0, 0, 0, 0, 0, 0, 0, 0, 0, 0, 0, 0, 0, 0, 0, 0, 0, 0, 0, 0, 0, 0, 0, 0, 0, 0, 0, 0, 0, 0, 0, 0, 0, 0, 0, 0, 0, 0, 0, 0, 0, 0, 0, 0, 0, 0, 0, 0, 0, 0, 0, 0, 0, 0, 0, 0, 0, 0, 0, 0, 0, 0, 0, 0, 0, 0, 0, 0, 0, 0, 0, 0, 0, 0, 0, 0, 0, 0, 0, 0, 0, 0, 0, 0, 0, 0, 0, 0, 0, 0, 0, 0, 0, 0, 0, 0, 0, 0, 0, 0, 0]
model.9.cv1.conv.bias_quantized[30040, 33829, 18416, 29336, 17402, 32016, 16711, 23145, 14509, 35465, 11432, 24935, 31969, 23856, 15808, 19900, 28917, 22065, 15098, 20094, 22716, 22142, 6472, 25095, 17141, 16857, 28865, 26582, 19256, 19201, 24847, 18815, 17260, 24273, 17587, 23981, 21665, 35070, 19697, 26196, 29803, 29385, 37938, 14522, 19914, 27368, 29449, 28103, 18036, 23222, 32890, 28493, 36034, 18540, 18437, 36476, 24087, 20552, 22974, 6314, 25174, 31024, 36824, 12780, 15762, 26839, 12656, 28969, 26659, 14850, 28520, 27198, 14398, 22123, 19815, 23096, 36889, 26850, 22300, 16401, 15618, 24497, 19388, 26767, 5468, 26640, 26951, 12534, 27086, 4481, 16005, 35459, 17485, 14520, 23059, 27032, 14247, 26983, 28941, 17164, 25494, 30976, 31426, 27285, 19228, 17004, 24079, 20215, 21749, 19961, 26150, 17331, 19170, 19022, 18732, 19920, 4701, 28517, 17040, 34723, 21736, 25302, 28422, 21586, 22637, 37473, 22546, 20903]
model.9.cv1.conv.bias_quantized_scale[7.569111767224967e-05, 4.9203452363144606e-05, 6.183026562212035e-05, 6.077620491851121e-05, 0.00010634500358719379, 5.475315992953256e-05, 0.00014639385335613042, 5.329480700311251e-05, 0.00018225362873636186, 6.799773109378293e-05, 0.00012849718041252345, 5.562738442677073e-05, 6.350651528919116e-05, 6.36805416434072e-05, 0.00012780212273355573, 5.7375928008696064e-05, 6.422991282306612e-05, 5.487983435159549e-05, 0.000129241612739861, 5.6980530644068494e-05, 7.4784315074794e-05, 7.255940727191046e-05, 0.0001684279995970428, 4.752538734464906e-05, 0.00012509513180702925, 4.872522549703717e-05, 8.061411790549755e-05, 5.712835263693705e-05, 9.881409641820937e-05, 6.29358328296803e-05, 6.168217805679888e-05, 8.598741260357201e-05, 7.740478031337261e-05, 6.521173054352403e-05, 0.00014578491391148418, 7.62722993385978e-05, 6.355669029289857e-05, 5.950846025370993e-05, 0.0001316915004281327, 7.493914745282382e-05, 5.341921132639982e-05, 5.4508338507730514e-05, 5.4548891057493165e-05, 7.79693218646571e-05, 6.700874655507505e-05, 7.543164247181267e-05, 6.285925337579101e-05, 5.121299545862712e-05, 0.00013462398783303797, 7.120694499462843e-05, 5.357930058380589e-05, 7.124843978090212e-05, 5.450327444123104e-05, 6.173107249196619e-05, 6.859759014332667e-05, 5.954498556093313e-05, 4.835217623622157e-05, 5.7616500271251425e-05, 8.955593511927873e-05, 0.0001701585279079154, 6.0375648899935186e-05, 5.638432048726827e-05, 5.139117638464086e-05, 9.032608068082482e-05, 6.446526094805449e-05, 6.008563650539145e-05, 0.0002041101106442511, 6.373654468916357e-05, 5.241621329332702e-05, 8.250786049757153e-05, 5.4567342886002734e-05, 6.831587961642072e-05, 6.694038165733218e-05, 5.525559390662238e-05, 7.709100464126095e-05, 0.00010312047379557043, 5.6459517509210855e-05, 6.409197521861643e-05, 6.580891204066575e-05, 5.3826683142688125e-05, 0.00011024226841982454, 5.448802767205052e-05, 0.00010152722097700462, 6.548308010678738e-05, 0.00012728053843602538, 5.32621743332129e-05, 6.093077172408812e-05, 7.735595863778144e-05, 5.6567394494777545e-05, 0.00017976942763198167, 7.224828004837036e-05, 4.5497195969801396e-05, 8.21184876258485e-05, 0.00014029163867235184, 5.704140858142637e-05, 7.287103653652593e-05, 4.7651050408603624e-05, 7.483615627279505e-05, 5.136702748131938e-05, 7.797263242537156e-05, 7.92296850704588e-05, 6.707163265673444e-05, 6.071219831937924e-05, 6.850538920843974e-05, 7.436086161760613e-05, 0.00013360363664105535, 5.3701467550126836e-05, 5.886001235921867e-05, 7.817957521183416e-05, 7.369160448433831e-05, 5.779460116173141e-05, 0.0001463426015106961, 8.10373603599146e-05, 7.389041275018826e-05, 6.851334183011204e-05, 6.897673301864415e-05, 0.000197806948563084, 5.5844910093583167e-05, 6.446179031627253e-05, 5.831279850099236e-05, 5.877944568055682e-05, 8.520906703779474e-05, 7.614793867105618e-05, 7.267574983416125e-05, 9.127822704613209e-05, 5.767995389760472e-05, 5.789515489595942e-05, 5.578802665695548e-05]
model.9.cv1.conv.bias_quantized_zero_point[0, 0, 0, 0, 0, 0, 0, 0, 0, 0, 0, 0, 0, 0, 0, 0, 0, 0, 0, 0, 0, 0, 0, 0, 0, 0, 0, 0, 0, 0, 0, 0, 0, 0, 0, 0, 0, 0, 0, 0, 0, 0, 0, 0, 0, 0, 0, 0, 0, 0, 0, 0, 0, 0, 0, 0, 0, 0, 0, 0, 0, 0, 0, 0, 0, 0, 0, 0, 0, 0, 0, 0, 0, 0, 0, 0, 0, 0, 0, 0, 0, 0, 0, 0, 0, 0, 0, 0, 0, 0, 0, 0, 0, 0, 0, 0, 0, 0, 0, 0, 0, 0, 0, 0, 0, 0, 0, 0, 0, 0, 0, 0, 0, 0, 0, 0, 0, 0, 0, 0, 0, 0, 0, 0, 0, 0, 0, 0]
model.9.cv2.conv.bias_quantized[12538, -60348, -31612, -110196, -3706, -62082, 23172, 31167, 31142, 55577, -228041, -51763, -18796, -26498, -136541, -6183, -14334, -66530, -42920, -86631, -106965, -31063, -25756, -90937, -34080, -18845, -68025, 22795, -24606, 26192, 8839, -26685, -74127, -96822, 76855, -54654, -36686, -2117, -88158, -70874, -52641, -8373, -14592, 38514, -30992, -640, -27317, -73235, 31008, -54274, -78205, -104121, -66270, 12985, -100156, 37222, -187418, -25573, -31750, -117771, -6471, 7476, -3150, -61532, 57709, -10701, -109234, 82502, -10952, 21932, -120006, 14629, -80767, 13325, -13029, -24271, -124397, 96134, 9446, -85137, -8835, -23116, 52272, -74997, -125609, -82030, 61672, -30404, -42908, 11813, -25350, -78931, 33135, -49155, -54990, -3153, 15612, 15119, -76061, -23524, 27889, -36532, -53423, -25600, -168207, -19111, 15828, -141144, 91372, -44426, -27365, -156616, -77750, -1411, 21735, -53601, -174557, 190703, -73583, -27201, -22099, -40458, -48253, 11982, -20442, -132960, 62791, -50170, -51743, -50186, -37569, -99952, -130820, 36745, 11296, -43611, -3672, 63557, 64761, -3810, 28127, -46329, -60731, -152830, -8187, -129045, 10583, -8456, 17403, -18525, -19081, -132005, 86126, -138161, -138896, -16649, 34079, -58218, -30748, -95406, -12740, -36829, 91032, -39803, -53267, -2863, 166245, -74848, -95585, 28274, -16864, 21346, -55601, -31882, -90983, 63472, -104466, -21068, -19942, -73365, -21096, -75605, 150789, -59987, 42739, 4628, -21751, 54449, -43969, -20346, -130382, -85285, -10540, 137878, -22542, -64945, 6220, -24705, -46395, -69807, -16634, 21280, -53217, -52680, -54080, 18499, 63174, 30226, -22388, 35678, -23157, -139121, -6120, 5221, -16320, 44482, 19304, -40219, -51606, -86738, -80472, 24445, -109470, -38708, 19789, 36498, -161315, 38457, -65177, 151, -27115, 15904, -45219, 3544, 87265, -66130, -27191, -110484, -102226, 2039, 46950, -96633, 31863, -19388, -39572, -41921, 10283, -11866, -38715, 11296, 58570, -129514, -100669, -24750, 45642, 23703]
model.9.cv2.conv.bias_quantized_scale[2.9196155082900077e-05, 3.493583790259436e-05, 3.16872974508442e-05, 5.0432940042810515e-05, 3.6623918276745826e-05, 0.00012782162229996175, 6.653588934568688e-05, 3.893933171639219e-05, 4.46455815108493e-05, 1.7905829736264423e-05, 2.855615093722008e-05, 4.419407923705876e-05, 4.190751496935263e-05, 4.819631067221053e-05, 2.8993827072554268e-05, 5.656022040056996e-05, 5.680532194674015e-05, 3.824271334451623e-05, 3.2297743018716574e-05, 3.683575414470397e-05, 5.2872910600854084e-05, 6.464995385613292e-05, 4.686260217567906e-05, 4.9544123612577096e-05, 5.422282629297115e-05, 2.993135422002524e-05, 5.6949244026327506e-05, 6.220669456524774e-05, 6.0953792853979394e-05, 3.186575850122608e-05, 4.803259071195498e-05, 4.2721210775198415e-05, 6.294000922935084e-05, 2.985430182889104e-05, 3.6612324038287625e-05, 2.316038080607541e-05, 3.460188236203976e-05, 4.149058077018708e-05, 4.354105476522818e-05, 5.341908763512038e-05, 4.888044350082055e-05, 5.451406104839407e-05, 2.4918032067944296e-05, 4.023229848826304e-05, 4.927066038362682e-05, 7.759641448501498e-05, 4.882669963990338e-05, 3.724165435414761e-05, 3.989768083556555e-05, 3.872353772749193e-05, 3.5037450288655236e-05, 4.600778265739791e-05, 3.6181652831146494e-05, 4.207184611004777e-05, 2.98458689940162e-05, 3.20556755468715e-05, 3.628012927947566e-05, 3.8863068766659126e-05, 3.235386247979477e-05, 2.8298185497988015e-05, 6.956651486689225e-05, 3.03709148283815e-05, 4.711768633569591e-05, 6.2711609643884e-05, 3.029589970537927e-05, 4.634265133063309e-05, 3.9597900467924774e-05, 2.9783333957311697e-05, 5.366099867387675e-05, 7.954744796734303e-05, 3.5774071875493973e-05, 5.946969395154156e-05, 5.3090239816810936e-05, 2.5443112463108264e-05, 6.014358950778842e-05, 6.669562571914867e-05, 2.6269002773915417e-05, 3.4667296858970076e-05, 3.6839486710960045e-05, 3.192935764673166e-05, 3.728043520823121e-05, 6.0664318880299106e-05, 3.6312634620117024e-05, 2.6193885787506588e-05, 3.487931098788977e-05, 1.8809221728588454e-05, 2.3846820113249123e-05, 5.796359255327843e-05, 0.00013618837692774832, 3.0510476790368557e-05, 3.9026963349897414e-05, 4.1413317376282066e-05, 2.0434668840607628e-05, 3.08131129713729e-05, 4.479636118048802e-05, 2.70376076514367e-05, 6.339852552628145e-05, 6.668031710432842e-05, 4.0849114157026634e-05, 9.354613575851545e-05, 7.201550033641979e-05, 5.215946293901652e-05, 0.00010544113320065662, 6.415243115043268e-05, 3.373862637090497e-05, 4.059192360728048e-05, 8.394587348448113e-05, 4.366949724499136e-05, 3.456068589002825e-05, 3.706721690832637e-05, 3.142427885904908e-05, 3.4512922866269946e-05, 3.1475672585656866e-05, 5.87154645472765e-05, 5.17358748766128e-05, 4.2001367546617985e-05, 3.1705101719126105e-05, 4.325814370531589e-05, 2.9220265787444077e-05, 9.568331734044477e-05, 5.8428198826732114e-05, 5.820955993840471e-05, 3.2387742976425216e-05, 4.201688352623023e-05, 2.9140208425815217e-05, 6.047017814125866e-05, 3.6808225559070706e-05, 7.629092579009011e-05, 2.773190863081254e-05, 4.165316931903362e-05, 3.33731877617538e-05, 4.146132050664164e-05, 2.5762776203919202e-05, 2.6550191250862554e-05, 9.712410246720538e-05, 3.474465847830288e-05, 3.649221616797149e-05, 8.24513117549941e-05, 2.9572864150395617e-05, 6.297510844888166e-05, 5.145400427863933e-05, 3.846874096780084e-05, 2.4175657017622143e-05, 3.2039617508416995e-05, 2.2894269932294264e-05, 3.882508462993428e-05, 4.678913319366984e-05, 8.408638677792624e-05, 0.00010214604117209092, 3.1997500627767295e-05, 3.210971408407204e-05, 3.3633703424129635e-05, 2.9993914722581394e-05, 3.0551294912584126e-05, 6.292258331086487e-05, 3.8428031984949484e-05, 4.215134686091915e-05, 4.0899398300098255e-05, 5.324165249476209e-05, 2.4783366825431585e-05, 4.102640741621144e-05, 4.723344318335876e-05, 3.1133116863202304e-05, 4.4800683099310845e-05, 3.043765900656581e-05, 3.612007640185766e-05, 2.354309253860265e-05, 3.4028136724373326e-05, 4.459012416191399e-05, 8.710722613614053e-05, 2.6142621209146455e-05, 7.896209717728198e-05, 6.298877269728109e-05, 3.2051288144430146e-05, 4.084899046574719e-05, 3.9291477150982246e-05, 3.2469026336912066e-05, 2.9853446903871372e-05, 5.1185692427679896e-05, 5.046608202974312e-05, 0.00010211721382802352, 2.9880389774916694e-05, 3.1963940273271874e-05, 5.9881618653889745e-05, 2.4792641852400266e-05, 4.016683669760823e-05, 4.090607399120927e-05, 1.936046282935422e-05, 2.961045174743049e-05, 4.389609966892749e-05, 3.0242603315855376e-05, 4.207262463751249e-05, 3.887446291628294e-05, 3.2690735679352656e-05, 0.00011325943341944367, 6.433757516788319e-05, 4.4429252739064395e-05, 4.7386783990077674e-05, 5.583024176303297e-05, 5.824984691571444e-05, 3.740605097846128e-05, 3.624026430770755e-05, 4.353083568275906e-05, 7.270441710716113e-05, 5.2188966947142035e-05, 3.4116477763745934e-05, 3.0420133043662645e-05, 3.7303558201529086e-05, 6.965988723095506e-05, 3.567624298739247e-05, 5.546593456529081e-05, 4.205986624583602e-05, 5.0499387725722045e-05, 3.12374577333685e-05, 5.376585977501236e-05, 0.0001236944954143837, 3.8935097109060735e-05, 8.486422302667052e-05, 7.232248754007742e-05, 3.4130949643440545e-05, 4.1177787352353334e-05, 4.7313154937000945e-05, 2.925755688920617e-05, 6.22217048658058e-05, 8.593031816417351e-05, 5.142667214386165e-05, 4.563645052257925e-05, 1.4847421880404e-05, 3.601008211262524e-05, 4.2891970224445686e-05, 4.916082616546191e-05, 4.785961573361419e-05, 5.0334605475654826e-05, 7.400155300274491e-05, 5.099948248243891e-05, 3.182432919857092e-05, 8.182419696822762e-05, 4.301668013795279e-05, 2.8366135666146874e-05, 3.1806201150175184e-05, 4.802086186828092e-05, 5.188483919482678e-05, 4.595363134285435e-05, 6.807847239542753e-05, 4.976561831426807e-05, 8.354084275197238e-05, 2.9376064048847184e-05, 3.616341564338654e-05, 3.157505125273019e-05, 4.7261240979423746e-05, 2.672381560842041e-05, 4.6023214963497594e-05, 4.9626985855866224e-05, 2.788823621813208e-05, 2.0274039343348704e-05, 4.5599193981615826e-05]
model.9.cv2.conv.bias_quantized_zero_point[0, 0, 0, 0, 0, 0, 0, 0, 0, 0, 0, 0, 0, 0, 0, 0, 0, 0, 0, 0, 0, 0, 0, 0, 0, 0, 0, 0, 0, 0, 0, 0, 0, 0, 0, 0, 0, 0, 0, 0, 0, 0, 0, 0, 0, 0, 0, 0, 0, 0, 0, 0, 0, 0, 0, 0, 0, 0, 0, 0, 0, 0, 0, 0, 0, 0, 0, 0, 0, 0, 0, 0, 0, 0, 0, 0, 0, 0, 0, 0, 0, 0, 0, 0, 0, 0, 0, 0, 0, 0, 0, 0, 0, 0, 0, 0, 0, 0, 0, 0, 0, 0, 0, 0, 0, 0, 0, 0, 0, 0, 0, 0, 0, 0, 0, 0, 0, 0, 0, 0, 0, 0, 0, 0, 0, 0, 0, 0, 0, 0, 0, 0, 0, 0, 0, 0, 0, 0, 0, 0, 0, 0, 0, 0, 0, 0, 0, 0, 0, 0, 0, 0, 0, 0, 0, 0, 0, 0, 0, 0, 0, 0, 0, 0, 0, 0, 0, 0, 0, 0, 0, 0, 0, 0, 0, 0, 0, 0, 0, 0, 0, 0, 0, 0, 0, 0, 0, 0, 0, 0, 0, 0, 0, 0, 0, 0, 0, 0, 0, 0, 0, 0, 0, 0, 0, 0, 0, 0, 0, 0, 0, 0, 0, 0, 0, 0, 0, 0, 0, 0, 0, 0, 0, 0, 0, 0, 0, 0, 0, 0, 0, 0, 0, 0, 0, 0, 0, 0, 0, 0, 0, 0, 0, 0, 0, 0, 0, 0, 0, 0, 0, 0, 0, 0, 0, 0]
model.10.conv.bias_quantized[-14723, -15787, 4271, -7028, 9548, -15752, -5919, 8067, -17260, 1332, -6104, 2329, 5305, -5394, -35054, -10526, -6055, -11308, -11751, -14593, -10523, -1433, -16786, -4695, -18895, -583, -16871, -13933, -20392, -12151, -12668, -13555, -5751, -15948, -10750, -5981, -1060, -21530, -10277, -2983, -13793, -24439, 3411, -10391, -25783, -21838, -17322, -22167, -9167, -14710, -2599, -22625, -9793, -13055, -20699, -12334, -21094, -14720, 10982, 18997, -20604, -9128, -4282, -9073, -10980, -13830, 11949, -4076, -7014, -9344, 1097, -19656, -23271, -26416, 2734, -12791, -27456, -14123, -23321, -20115, -9179, -17340, 14294, -15953, -22128, -12715, -16870, -842, -7319, -27105, -13569, 16185, -12718, -9233, -1777, -17186, -2641, -21775, -11134, -19594, -11272, -9625, -1188, -18037, -527, -18202, -16031, 1818, 3661, -13996, -12802, -12784, -11684, -1385, -16234, -1789, 847, -10740, -10279, 11031, -20704, -14356, -16614, -7550, -18075, -4059, -2499, -20806]
model.10.conv.bias_quantized_scale[0.00012210292334202677, 7.36345537006855e-05, 0.0001362551556667313, 0.00027722746017389, 5.6914406741270795e-05, 0.00016261539713013917, 0.00018778406956698745, 8.001022797543555e-05, 0.00012777843221556395, 0.00019400114251766354, 0.00017545075388625264, 8.823896496323869e-05, 0.00012127692752983421, 7.928966078907251e-05, 0.00011353029549354687, 0.00017750485858414322, 0.00011946367885684595, 0.00014190049842000008, 0.00021464565361384302, 0.00011838185309898108, 0.00014603082672692835, 0.000168398764799349, 9.877140837488696e-05, 0.00010229414328932762, 0.00010891396959777921, 6.25363172730431e-05, 0.00013414659770205617, 0.00011278904275968671, 0.00015313352923840284, 0.00017606730398256332, 0.00013272064097691327, 0.00015468502533622086, 0.00010598755034152418, 0.0001519191573606804, 8.954074291978031e-05, 8.977910329122096e-05, 0.00017606199253350496, 9.46988511714153e-05, 0.00016584897821303457, 0.00011450398596934974, 0.00012473174137994647, 0.00013672753993887454, 0.00010847982775885612, 0.00015092741523403674, 8.455137140117586e-05, 0.00011866191925946623, 0.00018368609016761184, 0.0001297222770517692, 0.00014880749222356826, 0.00011116509267594665, 0.00011039924720535055, 0.00012777402298524976, 0.00012570589024107903, 0.00014005367120262235, 0.00011982545402133837, 9.977285662898794e-05, 0.00012384087312966585, 0.00010573933104751632, 0.00010057273902930319, 8.641475869808346e-05, 0.00014866185665596277, 0.00016261360724456608, 8.081844862317666e-05, 0.00013547326670959592, 0.00016753817908465862, 0.0001950334699358791, 7.623236888321117e-05, 0.00021123418991919607, 9.480847074883059e-05, 0.00010484496306162328, 0.00017435819609090686, 0.00011116834502900019, 7.785161142237484e-05, 0.00013130379375070333, 0.00015728075231891125, 0.00011397140042390674, 0.00014170749636832625, 0.00017459857917856425, 0.00011295511649223045, 0.00015421137504745275, 0.00011216137500014156, 0.00012806596350856125, 9.442969167139381e-05, 9.70411638263613e-05, 0.00011390003783162683, 0.000109577871626243, 7.393999840132892e-05, 0.00030169100500643253, 0.00012300432717893273, 0.00011062556586693972, 0.0001572516921442002, 6.673277675872669e-05, 0.00011254103446844965, 0.00012041002628393471, 0.0001000098418444395, 0.0001210480768349953, 0.00020630814833566546, 0.00014560713316313922, 0.00016829381638672203, 0.00013829761883243918, 0.00010805822967085987, 0.00010771134111564606, 7.88537654443644e-05, 9.989285899791867e-05, 0.00015155445726122707, 0.00011556800018297508, 8.8606531789992e-05, 0.00011736727901734412, 0.00015459685528185219, 0.00012573256390169263, 0.00011132667714264244, 0.00020013327593915164, 0.0002042765700025484, 0.00017294479766860604, 0.0001425722730346024, 0.00024634666624478996, 0.00015832092321943492, 0.00010916381870629266, 0.0001150372190750204, 5.120070272823796e-05, 0.00018944423936773092, 9.546236105961725e-05, 0.0001300481235375628, 0.00010961193038383499, 0.00010469755216035992, 0.0003757936938200146, 0.00022663400159217417, 0.00011417987116146833]
model.10.conv.bias_quantized_zero_point[0, 0, 0, 0, 0, 0, 0, 0, 0, 0, 0, 0, 0, 0, 0, 0, 0, 0, 0, 0, 0, 0, 0, 0, 0, 0, 0, 0, 0, 0, 0, 0, 0, 0, 0, 0, 0, 0, 0, 0, 0, 0, 0, 0, 0, 0, 0, 0, 0, 0, 0, 0, 0, 0, 0, 0, 0, 0, 0, 0, 0, 0, 0, 0, 0, 0, 0, 0, 0, 0, 0, 0, 0, 0, 0, 0, 0, 0, 0, 0, 0, 0, 0, 0, 0, 0, 0, 0, 0, 0, 0, 0, 0, 0, 0, 0, 0, 0, 0, 0, 0, 0, 0, 0, 0, 0, 0, 0, 0, 0, 0, 0, 0, 0, 0, 0, 0, 0, 0, 0, 0, 0, 0, 0, 0, 0, 0, 0]
model.13.cv1.conv.bias_quantized[-6687, -10639, -9319, -11164, -8048, -972, -5771, 8555, 10414, 9918, -4831, -9002, -1393, 13107, 5703, -8900, 5060, 9780, -6300, 20110, 4464, 2803, 22293, 1295, -2811, -7328, 10765, -7304, -2591, -313, -708, -3841, -3540, 17238, -14662, 5054, 7393, -11099, 5571, 2878, 9136, -4224, 5718, -8938, -7580, -1096, 6356, -5238, -12130, -10619, -3414, -9145, -2412, -355, -3405, -14254, -5185, -635, -9702, 2844, -4398, 6447, 4017, -9937]
model.13.cv1.conv.bias_quantized_scale[0.00013296031102072448, 0.00013160303933545947, 0.00011104007717221975, 9.800952830119058e-05, 0.0001308473729295656, 0.00014105324225965887, 0.00012528446677606553, 0.00012860025162808597, 0.0001183351778308861, 6.583044887520373e-05, 0.00010258881957270205, 0.0001386762596666813, 9.189926640829071e-05, 6.0148224292788655e-05, 0.00014883278345223516, 0.0001042370276991278, 0.00012979745224583894, 8.663175685796887e-05, 5.892814078833908e-05, 9.388387115905061e-05, 0.0002394888870185241, 0.0001919432106660679, 7.141045352909714e-05, 0.0001839066098909825, 0.00012683868408203125, 0.00018722320965025574, 0.00010473957809153944, 0.00012457219418138266, 0.00011236491263844073, 0.00016424334899056703, 0.000118339950859081, 0.00011788460687967017, 0.00010484300582902506, 4.184205681667663e-05, 0.00011713339335983619, 0.00010832906991709024, 6.191964348545298e-05, 9.768544259713963e-05, 8.589213393861428e-05, 0.00018002954311668873, 6.833559746155515e-05, 0.00010824105993378907, 0.00011672660184558481, 0.0001495681790402159, 0.00012706781853921711, 9.552089613862336e-05, 0.0001650170743232593, 0.00010336691047996283, 0.00012046303163515404, 0.00010637038940330967, 0.00013754273822996765, 0.00010103423846885562, 0.00013498849875759333, 8.29613272799179e-05, 0.00012304450501687825, 0.0001423793291905895, 0.00013729151396546513, 9.972161205951124e-05, 0.00012614505249075592, 0.00023280260211322457, 0.00012426738976500928, 9.630875138100237e-05, 5.932842759648338e-05, 0.0001359404850518331]
model.13.cv1.conv.bias_quantized_zero_point[0, 0, 0, 0, 0, 0, 0, 0, 0, 0, 0, 0, 0, 0, 0, 0, 0, 0, 0, 0, 0, 0, 0, 0, 0, 0, 0, 0, 0, 0, 0, 0, 0, 0, 0, 0, 0, 0, 0, 0, 0, 0, 0, 0, 0, 0, 0, 0, 0, 0, 0, 0, 0, 0, 0, 0, 0, 0, 0, 0, 0, 0, 0, 0]
model.13.m.0.cv1.conv.bias_quantized[-9518, 1229, -5177, 1682, -5022, -3849, 2274, -1666, -3819, 2376, 1347, 4520, -5260, 10877, 20628, 16534, 1587, -15476, 3366, 2217, 880, 4750, -3943, 773, -8214, 641, 10362, -968, 12863, -7656, -2490, -4140, -3543, -3992, -3540, -4026, -2625, -10491, -14876, -3551, -2568, 3647, 4187, -8994, -3263, -4481, -5798, 1603, 14217, 4523, -8356, -3725, -836, -4000, -3954, 5773, 3185, -8262, -2913, 64849, 1381, -18595, -7429, -1706]
model.13.m.0.cv1.conv.bias_quantized_scale[0.0001901242067106068, 0.0001497340272180736, 0.00016301007417496294, 0.00020767720707226545, 0.0002008805749937892, 0.00021797162480652332, 0.00011519730469444767, 0.00021009237389080226, 0.00014465197455137968, 0.0001794644194887951, 0.00013424943608697504, 0.00015642793732695282, 0.00015428225742653012, 8.791236177785322e-05, 9.042084275279194e-05, 9.536606376059353e-05, 0.0001859261392382905, 0.0001253340597031638, 0.00022506351524498314, 0.00011894300405401736, 0.00010450816625962034, 9.35566786210984e-05, 0.0002198924048570916, 0.00010571861639618874, 0.00012737380166072398, 0.00012624163355212659, 0.00015660763892810792, 0.00011337376054143533, 0.00010433753777761012, 0.00013696792302653193, 0.00012099463492631912, 0.00015966589853633195, 0.00012420622806530446, 0.00020744682115036994, 0.0001705954346107319, 0.00022996158804744482, 0.00014735371223650873, 0.00013803073670715094, 0.00017527994350530207, 0.00016548915300518274, 8.735264418646693e-05, 0.00010297318658558652, 0.00015739795344416052, 0.00010631560871843249, 0.0001682485017227009, 0.00016041922208387405, 0.00019994325703009963, 0.00016288593178614974, 0.00011550789349712431, 0.00013620461686514318, 0.0002328932168893516, 0.00014559636474587023, 0.00010195996583206579, 0.00019910023547708988, 0.000122114535770379, 0.00014038074004929513, 0.0001266161707462743, 0.00015747883298899978, 0.00011654987611109391, 4.1458828491158783e-05, 0.00016784753825049847, 0.00020653739920817316, 0.00022677604283671826, 0.0001127453288063407]
model.13.m.0.cv1.conv.bias_quantized_zero_point[0, 0, 0, 0, 0, 0, 0, 0, 0, 0, 0, 0, 0, 0, 0, 0, 0, 0, 0, 0, 0, 0, 0, 0, 0, 0, 0, 0, 0, 0, 0, 0, 0, 0, 0, 0, 0, 0, 0, 0, 0, 0, 0, 0, 0, 0, 0, 0, 0, 0, 0, 0, 0, 0, 0, 0, 0, 0, 0, 0, 0, 0, 0, 0]
model.13.m.0.cv2.conv.bias_quantized[-3848, -10876, -5072, 23774, 41397, -13965, 36953, 4575, 19225, 2210, -6984, 23464, 7038, 761, -4684, 64310, -3197, 6796, 81577, 1238, 36767, 36687, 3673, 40560, -10949, -14090, -4086, -5787, -11145, 23512, -9987, -1028, 26589, 51299, 3314, -1992, 4424, -3126, -322, 2026, -2541, 25382, 19257, -10299, 13735, 5051, 32940, 10666, -9305, 10945, 1525, 17664, -12646, -7864, 933, 7484, 24828, -16443, 2580, 26914, 13063, -2343, -3716, -3966]
model.13.m.0.cv2.conv.bias_quantized_scale[6.442312587751076e-05, 0.00015407800674438477, 8.674200944369659e-05, 4.4478048948803917e-05, 4.836459265789017e-05, 7.120105874491856e-05, 2.7342295652488247e-05, 5.1742281357292086e-05, 3.458075661910698e-05, 6.748691521352157e-05, 0.00017808133270591497, 4.7142119001364335e-05, 8.366593829123303e-05, 7.140564412111416e-05, 6.443724123528227e-05, 4.129363878746517e-05, 8.128300396492705e-05, 5.9430607507238165e-05, 3.994599683210254e-05, 9.305281128035858e-05, 5.193920878809877e-05, 5.386230623116717e-05, 7.70752812968567e-05, 3.3686217648210004e-05, 0.00013868915266357362, 0.00010387699876446277, 5.6353313993895426e-05, 0.00012012742809019983, 8.253694250015542e-05, 6.704846600769088e-05, 4.037701364723034e-05, 0.0001243331062141806, 4.219575203023851e-05, 2.6689565856941044e-05, 4.918683771393262e-05, 8.64402754814364e-05, 7.70248007029295e-05, 4.464188532438129e-05, 0.00011980887211393565, 5.576916737481952e-05, 4.554769839160144e-05, 4.410424662637524e-05, 4.991766036255285e-05, 5.768170376541093e-05, 4.376919969217852e-05, 7.633767381776124e-05, 4.419292963575572e-05, 4.5465523726306856e-05, 0.00012975215213373303, 6.345494330162182e-05, 7.62540366849862e-05, 5.087223689770326e-05, 5.0101989472750574e-05, 7.097965863067657e-05, 7.840932812541723e-05, 9.135045547736809e-05, 3.9428403397323564e-05, 5.09156561747659e-05, 3.9424925489583984e-05, 6.973288691369817e-05, 7.84362928243354e-05, 9.207637049257755e-05, 6.913579272804782e-05, 7.93858926044777e-05]
model.13.m.0.cv2.conv.bias_quantized_zero_point[0, 0, 0, 0, 0, 0, 0, 0, 0, 0, 0, 0, 0, 0, 0, 0, 0, 0, 0, 0, 0, 0, 0, 0, 0, 0, 0, 0, 0, 0, 0, 0, 0, 0, 0, 0, 0, 0, 0, 0, 0, 0, 0, 0, 0, 0, 0, 0, 0, 0, 0, 0, 0, 0, 0, 0, 0, 0, 0, 0, 0, 0, 0, 0]
model.13.cv2.conv.bias_quantized[5463, 3362, -8658, -9185, -4861, 270, 17533, 1515, 910, -4524, 4367, -6513, 6064, 11978, 4205, 612, -1421, 8428, 1406, 6841, -289, -3168, 1217, -4854, -1058, -7898, 14963, -6649, -5778, -3097, 7086, 2113, 4566, 6121, 5719, -3535, 1586, -6015, 4405, -2400, -7074, 1467, 7531, 20799, -3523, -2194, 863, -6810, -4140, -2812, -280, -2901, -2646, -4774, 862, 7073, -2789, 694, -169, -1309, 4513, -3033, 2189, 2312]
model.13.cv2.conv.bias_quantized_scale[0.0001339921582257375, 0.00015373621135950089, 0.00016317772679030895, 9.685921395430341e-05, 0.00014409830328077078, 9.494859841652215e-05, 7.353284308919683e-05, 0.00015635602176189423, 0.0001229667686857283, 0.00014951480261515826, 9.080121526494622e-05, 0.00010253553773509338, 5.7690678659128025e-05, 0.00010787804058054462, 0.00012043389870086685, 0.00010047351679531857, 0.00010665613081073388, 9.353971836389974e-05, 0.00010280902642989531, 7.320237637031823e-05, 0.00012356991646811366, 9.955190034816042e-05, 9.736873471410945e-05, 0.00016204036364797503, 0.0001562351972097531, 0.00012155988224549219, 9.885378676699474e-05, 0.0001305363402934745, 0.0001047028272296302, 0.0001821901969378814, 6.789033068343997e-05, 0.00013958802446722984, 8.972069917945191e-05, 9.954155393643305e-05, 8.12043363112025e-05, 0.00011667171929730102, 0.00019235265790484846, 0.00011182368325535208, 0.00010268460755469278, 8.68569768499583e-05, 0.00011005929991370067, 0.00010744961764430627, 0.00012772709305863827, 7.336568523896858e-05, 0.00015322788385674357, 0.0001267374900635332, 0.00014759368787053972, 0.00011358189658494666, 0.00011736249143723398, 0.00010144269617740065, 0.000115866721898783, 0.00017453695181757212, 0.00016314689128194004, 0.00010884486982831731, 0.0001340429880656302, 7.07965373294428e-05, 8.1249738286715e-05, 0.00010179809760302305, 0.00015880729188211262, 9.865419997368008e-05, 0.00010741159348981455, 0.0001212107963510789, 0.0001396280131302774, 0.00028421194292604923]
model.13.cv2.conv.bias_quantized_zero_point[0, 0, 0, 0, 0, 0, 0, 0, 0, 0, 0, 0, 0, 0, 0, 0, 0, 0, 0, 0, 0, 0, 0, 0, 0, 0, 0, 0, 0, 0, 0, 0, 0, 0, 0, 0, 0, 0, 0, 0, 0, 0, 0, 0, 0, 0, 0, 0, 0, 0, 0, 0, 0, 0, 0, 0, 0, 0, 0, 0, 0, 0, 0, 0]
model.13.cv3.conv.bias_quantized[-10611, 1789, 5172, -21828, -11091, 14571, -145, -17405, 3032, 10533, -622, 3343, 4693, -1233, -2288, 3169, -8556, 7851, -834, 33, -310, 6676, -17180, 6786, 11737, -3396, 625, 9312, 1458, 801, 4531, 2358, 6325, -8591, 8627, 12873, 12618, -5240, 3764, -3333, -1478, 4309, 18294, 14189, 7537, 829, 11504, 7483, 8287, -8734, 4436, 8943, -2410, -1733, -3305, -5811, 6348, 8147, 1537, -2928, 2312, -7823, 4788, 7315, 5311, -1606, 4769, 22260, -5710, -1884, 1518, 3389, 9334, -8053, -1618, 12179, -9207, 7852, -5191, 28983, -7837, 1767, 12944, 3873, 2545, 7984, 7805, 12357, 2654, 8218, 23654, 12096, -7935, 5102, 12665, -1036, -1239, -12773, 2136, -1062, -2257, -1634, -5780, 416, -6846, 22315, 4956, 14721, -70, -11713, 3340, -8644, 1105, -3088, 3418, -11287, 2645, -1736, -5207, -5113, 6855, -1686, -2468, 10470, -4656, 3245, -3853, -1557]
model.13.cv3.conv.bias_quantized_scale[0.00013423347263596952, 0.00010235605441266671, 0.00014766630192752928, 6.507660145871341e-05, 0.00010087172267958522, 0.00013464428775478154, 0.00020286919607315212, 0.00010205689613940194, 0.00010073735029436648, 0.00012195689487271011, 0.0001777836587280035, 0.00013010462862439454, 9.501460590399802e-05, 8.64102621562779e-05, 0.00011850178270833567, 9.999451140174642e-05, 0.0001760958693921566, 8.743584476178512e-05, 0.00011299119069008157, 0.00014445091073866934, 0.00011526046000653878, 0.0001116049534175545, 0.00012061528104823083, 0.00014599892892874777, 0.00016228652384597808, 0.00013247311289887875, 9.63829443207942e-05, 9.89139371085912e-05, 0.0001775645650923252, 6.923572072992101e-05, 0.00011753734725061804, 0.00010032798309111968, 0.00010834594286279753, 0.0001363709452562034, 0.0001006291204248555, 8.779560448601842e-05, 0.00013113605382386595, 0.00010395926074124873, 0.00011083561548730358, 0.0001541594392620027, 0.00014852063031867146, 0.0001057799527188763, 8.626429189462215e-05, 0.00010349106742069125, 9.122104529524222e-05, 9.460587898502126e-05, 6.268821016419679e-05, 0.00014240076416172087, 0.00011018073564628139, 0.00013962130469735712, 5.676614455296658e-05, 7.385525532299653e-05, 0.00014747242676094174, 0.00018385452858638018, 0.00014917484077159315, 0.00012371277261991054, 0.00017481909890193492, 0.0001370960526401177, 0.0002775791217572987, 9.774471254786476e-05, 8.84560722624883e-05, 5.0685244787018746e-05, 0.0001712554512778297, 8.184480248019099e-05, 4.716096736956388e-05, 0.00012576807057484984, 0.00023081677500158548, 6.026646224199794e-05, 0.0001260211574845016, 0.00011663913755910471, 0.00011360550706740469, 0.00013425374345388263, 9.078076982405037e-05, 0.00014350753917824477, 9.427175245946273e-05, 7.113601168384776e-05, 0.00011444097617641091, 0.00019304327724967152, 9.434813546249643e-05, 5.574321767198853e-05, 0.00011756652384065092, 7.878828910179436e-05, 9.728501754580066e-05, 9.85026199487038e-05, 0.00011694546992657706, 0.0001294829708058387, 0.0001425956579623744, 0.00011894889757968485, 0.00011401769006624818, 0.0001408892567269504, 4.139540033065714e-05, 0.0001692351943347603, 0.00014837979688309133, 8.32144360174425e-05, 7.870529225328937e-05, 0.00010004209616454318, 0.00018245009414386004, 0.00013014351134188473, 0.00011563365842448547, 0.00010030638077296317, 8.745650120545179e-05, 5.8793822972802445e-05, 0.00011544597509782761, 7.920768257463351e-05, 0.0001701358414720744, 0.00013114271860104054, 0.00013265523011796176, 0.0001226963649969548, 7.142504910007119e-05, 0.00012321164831519127, 9.858337580226362e-05, 0.0002483534626662731, 0.00018839712720364332, 0.00016161691746674478, 0.00010868608660530299, 0.00013996590860188007, 0.00011982795695075765, 0.00011682092736009508, 0.00014542037388309836, 7.370476669166237e-05, 5.547430555452593e-05, 0.000152996537508443, 0.00010497817856958136, 0.00011023669503629208, 0.00013311754446476698, 0.00014413737517315894, 0.00012134357530158013, 0.00011800011270679533]
model.13.cv3.conv.bias_quantized_zero_point[0, 0, 0, 0, 0, 0, 0, 0, 0, 0, 0, 0, 0, 0, 0, 0, 0, 0, 0, 0, 0, 0, 0, 0, 0, 0, 0, 0, 0, 0, 0, 0, 0, 0, 0, 0, 0, 0, 0, 0, 0, 0, 0, 0, 0, 0, 0, 0, 0, 0, 0, 0, 0, 0, 0, 0, 0, 0, 0, 0, 0, 0, 0, 0, 0, 0, 0, 0, 0, 0, 0, 0, 0, 0, 0, 0, 0, 0, 0, 0, 0, 0, 0, 0, 0, 0, 0, 0, 0, 0, 0, 0, 0, 0, 0, 0, 0, 0, 0, 0, 0, 0, 0, 0, 0, 0, 0, 0, 0, 0, 0, 0, 0, 0, 0, 0, 0, 0, 0, 0, 0, 0, 0, 0, 0, 0, 0, 0]
model.14.conv.bias_quantized[-5086, 10426, 1251, 29245, -1715, 10517, 13826, 13847, 5384, -3036, 19426, -6911, -5958, -15617, -4715, 1522, 4382, -17804, -1060, 6991, 1644, 7405, 12911, 7313, -10185, 2659, -916, 768, -13101, -1373, -4266, 4977, -3088, -3708, 18782, 21277, 4125, 28572, 6210, -2214, 16549, -12293, 5951, 16318, 14833, -1022, 1762, -764, 7153, 7214, 7149, 16269, 12420, 4783, -10126, 1201, 333, 17008, 3696, 20444, 10887, 5372, 6865, 7902]
model.14.conv.bias_quantized_scale[8.299485489260405e-05, 7.620541873620823e-05, 0.0001067010744009167, 7.680791895836592e-05, 0.00012253617751412094, 8.558274566894397e-05, 8.981054998002946e-05, 9.756368672242388e-05, 0.00010454404400661588, 8.248411904787645e-05, 7.153017213568091e-05, 9.209068957716227e-05, 9.218215564033017e-05, 7.677340181544423e-05, 9.932421380653977e-05, 0.00012554282147902995, 0.00016213857452385128, 0.00011392275337129831, 0.00011864208499900997, 0.00011048305896110833, 0.0001553768670419231, 5.93181794101838e-05, 7.391055260086432e-05, 7.115329935913906e-05, 0.00011903050472028553, 0.00012206534302094951, 0.0001743177999742329, 0.00015204126248136163, 0.00012745181447826326, 0.00012165267253294587, 0.00012838587281294167, 8.796135080046952e-05, 0.00011375721805961803, 0.0001142345936386846, 4.611638360074721e-05, 7.354479748755693e-05, 0.00014529099280480295, 7.352930697379634e-05, 7.821367034921423e-05, 0.00015016451652627438, 6.525318895000964e-05, 9.72650814219378e-05, 0.0001243603037437424, 0.00013673720241058618, 7.767081115162e-05, 0.00013264005247037858, 0.00013782178575638682, 8.968622569227591e-05, 0.00011077232920797542, 0.0001196423327201046, 9.889455395750701e-05, 7.605121936649084e-05, 9.657946793595329e-05, 0.00011840223305625841, 0.0001633982319617644, 0.00011550216004252434, 0.0001357802248094231, 8.404238906223327e-05, 0.00010382553591625765, 6.510441016871482e-05, 0.00010544763063080609, 0.0001122644025599584, 0.00011581938451854512, 8.662117761559784e-05]
model.14.conv.bias_quantized_zero_point[0, 0, 0, 0, 0, 0, 0, 0, 0, 0, 0, 0, 0, 0, 0, 0, 0, 0, 0, 0, 0, 0, 0, 0, 0, 0, 0, 0, 0, 0, 0, 0, 0, 0, 0, 0, 0, 0, 0, 0, 0, 0, 0, 0, 0, 0, 0, 0, 0, 0, 0, 0, 0, 0, 0, 0, 0, 0, 0, 0, 0, 0, 0, 0]
model.17.cv1.conv.bias_quantized[7471, 2472, 3872, -4038, 962, 5063, -8526, 10212, 6408, -8514, 6495, 15690, -1047, 12580, -2676, 2094, -5502, 26484, 7393, 4880, 26058, -577, 12194, 2157, -254, 1865, 1407, 20530, 9226, 17738, 209, 30903]
model.17.cv1.conv.bias_quantized_scale[8.80331062944606e-05, 0.00011761662608478218, 8.095154043985531e-05, 0.00013233054778538644, 0.00016253294597845525, 7.571288733743131e-05, 0.00012783307465724647, 5.487286762217991e-05, 8.101312414510176e-05, 0.00016244297148659825, 7.41135299904272e-05, 8.955789962783456e-05, 0.00014206375635694712, 0.00011326787353027612, 7.179364911280572e-05, 0.00012680953659582883, 0.00014853739412501454, 6.53911120025441e-05, 0.000120267563033849, 0.0001211772978422232, 4.913478187518194e-05, 0.00027028046315535903, 8.975746459327638e-05, 0.0001548918808111921, 0.00011969105980824679, 9.464109461987391e-05, 0.00018037170229945332, 5.1168506615795195e-05, 0.00010220033436780795, 7.334615656873211e-05, 0.00011511259799590334, 4.4960772356716916e-05]
model.17.cv1.conv.bias_quantized_zero_point[0, 0, 0, 0, 0, 0, 0, 0, 0, 0, 0, 0, 0, 0, 0, 0, 0, 0, 0, 0, 0, 0, 0, 0, 0, 0, 0, 0, 0, 0, 0, 0]
model.17.m.0.cv1.conv.bias_quantized[10658, 4818, 8066, -1370, -7121, 3385, 5104, -2320, -4012, -14664, -7536, -15483, 348, 6523, 2912, -4533, 199, 37667, -20327, 17002, 34153, -4020, -22924, -10106, -1931, 783, 25825, -4651, 2447, 9616, 2870, 1509]
model.17.m.0.cv1.conv.bias_quantized_scale[8.51272270665504e-05, 0.00010021551133831963, 8.252479892689735e-05, 0.00014759294572286308, 0.0001597211230546236, 0.00015132724365685135, 0.00017622369341552258, 0.00018689114949665964, 0.00022936823370400816, 0.0001310781080974266, 0.00020658320863731205, 0.00021169956016819924, 0.00019614073971752077, 0.00012324753333814442, 8.821154187899083e-05, 0.00013940093049313873, 0.00011256775178480893, 7.159794040489942e-05, 0.00011312608694424853, 0.00011004855332430452, 7.622926932526752e-05, 0.00016238607349805534, 0.00015740044182166457, 0.00023168776533566415, 0.0003141254128422588, 0.00014867426943965256, 9.740422683535144e-05, 0.00023353505821432918, 0.00021242343063931912, 0.00019561858789529651, 0.00011853902833536267, 0.00014588669000659138]
model.17.m.0.cv1.conv.bias_quantized_zero_point[0, 0, 0, 0, 0, 0, 0, 0, 0, 0, 0, 0, 0, 0, 0, 0, 0, 0, 0, 0, 0, 0, 0, 0, 0, 0, 0, 0, 0, 0, 0, 0]
model.17.m.0.cv2.conv.bias_quantized[14308, 7324, 3447, -2454, 76571, 37392, 13324, 8122, 7013, 7785, 91746, -4318, 11901, -13692, 17038, 20862, 25744, -3416, 24428, 18419, -2999, 18753, 18750, 94392, -9295, 11190, 19862, 4188, -9569, -4667, 5670, 12545]
model.17.m.0.cv2.conv.bias_quantized_scale[5.833810064359568e-05, 5.1713461289182305e-05, 7.941192598082125e-05, 5.703945498680696e-05, 2.0592358850990422e-05, 5.6206423323601484e-05, 8.442893158644438e-05, 4.773898035637103e-05, 9.58815508056432e-05, 8.34105521789752e-05, 3.4527209209045395e-05, 0.00010411923722131178, 7.088676647981629e-05, 7.358625589404255e-05, 4.35327528975904e-05, 6.683438550680876e-05, 6.706757267238572e-05, 0.0001862798526417464, 4.780955714522861e-05, 7.06887585693039e-05, 0.0001772086980054155, 9.218225022777915e-05, 6.476919952547178e-05, 2.1666817701770924e-05, 0.0001496796467108652, 5.680331742041744e-05, 7.137343345675617e-05, 0.00017378677148371935, 6.324303103610873e-05, 7.694536907365546e-05, 8.426208660239354e-05, 8.921896369429305e-05]
model.17.m.0.cv2.conv.bias_quantized_zero_point[0, 0, 0, 0, 0, 0, 0, 0, 0, 0, 0, 0, 0, 0, 0, 0, 0, 0, 0, 0, 0, 0, 0, 0, 0, 0, 0, 0, 0, 0, 0, 0]
model.17.cv2.conv.bias_quantized[13343, 787, 11112, -3096, 3972, 11868, 490, 12842, 6323, 7979, 29385, 11256, 9428, 6993, 1005, 8092, 1183, 8913, 8706, 15372, 22001, 7130, 6360, 18072, 5845, 3256, 4335, 2951, 9324, 978, 8165, 1655]
model.17.cv2.conv.bias_quantized_scale[8.150927897077054e-05, 0.00015784056449774653, 0.00012598572357092053, 0.0002257472078781575, 0.00017887934518512338, 0.0001612383348401636, 0.00046261813258752227, 0.00018623899086378515, 0.00013477160246111453, 0.00015307626745197922, 7.931542495498434e-05, 0.00014919355453457683, 0.00014566828031092882, 0.00012861305731348693, 0.00012969700037501752, 0.0001492072915425524, 0.00012394147051963955, 0.00013016904995311052, 6.775520159862936e-05, 0.00014272153202909976, 8.32200312288478e-05, 0.00015705062833148986, 0.00019753468222916126, 9.301927639171481e-05, 8.47400224301964e-05, 0.00016958442574832588, 0.00015259653446264565, 0.00017366190149914473, 0.00020399071217980236, 0.00018570538668427616, 0.0002018218074226752, 0.00010540668154135346]
model.17.cv2.conv.bias_quantized_zero_point[0, 0, 0, 0, 0, 0, 0, 0, 0, 0, 0, 0, 0, 0, 0, 0, 0, 0, 0, 0, 0, 0, 0, 0, 0, 0, 0, 0, 0, 0, 0, 0]
model.17.cv3.conv.bias_quantized[1524, 2756, -2987, 3030, 8091, 2027, -5850, 12798, 3746, 4527, -7654, 1598, 6022, 4356, -11550, -217, 97, -2615, -5254, -3406, 2607, -2672, 7686, 3004, -1153, 5372, -834, 1131, 5990, 882, 14027, 3556, 3136, 769, 1671, 5232, -1737, 8031, 2949, 7302, 2698, 3900, 7299, -571, 6415, 8210, 3509, 2634, -794, 1127, -250, 2578, -3019, 2809, 3970, -3097, 8664, 8607, 2796, -3198, -376, 660, 5613, 7322]
model.17.cv3.conv.bias_quantized_scale[0.000526219722814858, 0.0007319948635995388, 0.0003899686853401363, 0.0005697254091501236, 0.0004304558096919209, 0.00031782107544131577, 0.0003220640937797725, 0.0008031377219595015, 0.001147754956036806, 0.0008113748044706881, 0.0005715203587897122, 0.0005750140990130603, 0.0005917226080782712, 0.0009756325744092464, 0.000482773466501385, 0.0006743003032170236, 0.0006548077799379826, 0.0005304152145981789, 0.0003613945154938847, 0.0006987699889577925, 0.0008834099280647933, 0.000779126537963748, 0.0006031008088029921, 0.00024239877529907972, 0.0012353335041552782, 0.0005149581120349467, 0.0003352937346789986, 0.00017614707758184522, 0.0004930139402858913, 0.00040416288538835943, 0.0005925135919824243, 0.0005296219605952501, 0.0008966221357695758, 0.0012913356767967343, 0.0003286415885668248, 0.0002623980981297791, 0.0004457500181160867, 0.00031572082662023604, 0.0006626450340263546, 0.00029219311545602977, 0.0006977340672165155, 0.0006213801098056138, 0.000656620308291167, 0.0006916938000358641, 0.0004819005262106657, 0.00030828756280243397, 0.0008593305246904492, 0.000818999542389065, 0.0009310005698353052, 0.000856810889672488, 0.00040774885565042496, 0.00040506120421923697, 0.0007917186012491584, 0.0003556600713636726, 0.0006210749852471054, 0.0005687177763320506, 0.0005202650791034102, 0.0004334691329859197, 0.0009373376378789544, 0.0007645743899047375, 0.000608811154961586, 0.0005461358814500272, 0.000513594422955066, 0.000410623149946332]
model.17.cv3.conv.bias_quantized_zero_point[0, 0, 0, 0, 0, 0, 0, 0, 0, 0, 0, 0, 0, 0, 0, 0, 0, 0, 0, 0, 0, 0, 0, 0, 0, 0, 0, 0, 0, 0, 0, 0, 0, 0, 0, 0, 0, 0, 0, 0, 0, 0, 0, 0, 0, 0, 0, 0, 0, 0, 0, 0, 0, 0, 0, 0, 0, 0, 0, 0, 0, 0, 0, 0]
model.18.conv.bias_quantized[-4815, -2059, 6682, 3099, 9657, 11872, -4522, -1435, -6998, -25, -1051, -7075, 5672, -54992, -37862, 18891, 62601, 16943, 55034, 4854, 29992, 10359, -856, 7516, -6621, -9028, 817, 12878, -14506, -14069, 5458, 22483, 8620, 11923, 10615, -2158, 81175, -50192, 20978, -9290, 61661, 5929, 7343, -4558, 13257, -7868, -1726, 1051, 8085, -9176, -1707, 10285, 20057, 2113, 53347, 33009, 10695, -861, -20064, 17329, -33387, -9563, 4772, 609]
model.18.conv.bias_quantized_scale[0.00010720910358941182, 0.00021128497610334307, 9.543685882817954e-05, 8.776992763159797e-05, 7.033436850178987e-05, 9.83611898845993e-05, 8.070372859947383e-05, 0.00019821383466478437, 8.027815056266263e-05, 6.759777170373127e-05, 0.00013381679309532046, 5.138277992955409e-05, 9.753335325513035e-05, 1.482927746110363e-05, 3.441531225689687e-05, 3.302939876448363e-05, 1.8110938981408253e-05, 6.227327685337514e-05, 2.838788896042388e-05, 5.696031803381629e-05, 2.4311169909196906e-05, 9.536287689115852e-05, 4.752464155899361e-05, 5.876841532881372e-05, 0.00014307528908830136, 0.00011106884630862623, 7.25042336853221e-05, 4.822168193641119e-05, 1.949635407072492e-05, 6.000192661304027e-05, 7.596756040584296e-05, 2.5624362024245784e-05, 6.436459807446226e-05, 2.6854606403503567e-05, 2.2330053980113007e-05, 0.00016826942737679929, 2.2050628103897907e-05, 2.564415080996696e-05, 3.058223592233844e-05, 5.713767313864082e-05, 3.027735510841012e-05, 3.472659955150448e-05, 0.00010208427556790411, 0.00015024920867290348, 5.438086373033002e-05, 8.380166400456801e-05, 0.00014796401956118643, 4.746069680550136e-05, 0.00010341682354919612, 0.00012454648094717413, 0.00019161071395501494, 0.0001021678835968487, 5.602096643997356e-05, 0.00011065112630603835, 1.8536109564593062e-05, 1.6765243344707415e-05, 7.011967682046816e-05, 0.00010002325871028006, 6.037614366505295e-05, 6.346762529574335e-05, 2.5474882932030596e-05, 0.0001694889651844278, 2.829499135259539e-05, 0.0002512491773813963]
model.18.conv.bias_quantized_zero_point[0, 0, 0, 0, 0, 0, 0, 0, 0, 0, 0, 0, 0, 0, 0, 0, 0, 0, 0, 0, 0, 0, 0, 0, 0, 0, 0, 0, 0, 0, 0, 0, 0, 0, 0, 0, 0, 0, 0, 0, 0, 0, 0, 0, 0, 0, 0, 0, 0, 0, 0, 0, 0, 0, 0, 0, 0, 0, 0, 0, 0, 0, 0, 0]
model.20.cv1.conv.bias_quantized[-1305, 9424, -2034, 12507, 4697, -17407, 3066, 4938, -82, 7534, -2495, -19663, -9247, 3603, 23797, -17159, 10422, 1124, -13059, 20341, 454, -1171, 146, 6028, 126, 6453, 6845, 3515, -3199, -2359, 1492, 9478, 8005, 4330, -17332, 11314, 4591, 4870, 4679, 10670, 9188, -1514, -9856, -4595, 2274, -2564, -3828, -2398, -7190, 15436, 5872, 755, 1352, 5756, 1682, 1074, 2801, 17794, -2189, 8926, 2568, 2833, 15133, -1899]
model.20.cv1.conv.bias_quantized_scale[0.0001002589997369796, 0.00011581492435652763, 0.00011684498895192519, 0.00012098097067791969, 6.296275387285277e-05, 8.482884004479274e-05, 0.0002088710607495159, 9.030989895109087e-05, 6.337380182230845e-05, 8.877179789124057e-05, 0.00010626922448864207, 7.048231054795906e-05, 0.00012634012091439217, 9.059566218638793e-05, 7.121721864677966e-05, 0.00010180600656894967, 7.321042357943952e-05, 9.857193072093651e-05, 8.677971345605329e-05, 0.00011005564010702074, 0.000145524216350168, 0.00012151699047535658, 0.0001118417494581081, 0.00018048971833195537, 0.00010182522964896634, 8.519320545019582e-05, 9.889817010844126e-05, 0.0001062462106347084, 0.00012588096433319151, 0.0001843757345341146, 0.00014421205560211092, 0.00011611300578806549, 7.282353908522055e-05, 0.00011011339665856212, 0.00017049963935278356, 0.00011680968600558117, 0.00013475269952323288, 0.0001761651219567284, 0.00014857621863484383, 8.899898239178583e-05, 7.025282684480771e-05, 0.00010876757005462423, 8.654096745885909e-05, 7.630124309798703e-05, 0.0002115827373927459, 7.047721010167152e-05, 0.00010202205885434523, 8.251448889495805e-05, 0.00014140852726995945, 0.00016951716679614037, 0.00010140133235836402, 0.00010506845865165815, 9.559802856529132e-05, 8.752788562560454e-05, 7.796761929057539e-05, 0.0001088945718947798, 0.0001403352798661217, 0.0001343910989817232, 0.00010506332910154015, 7.729631761321798e-05, 9.274756303057075e-05, 0.00013735347602050751, 7.999318768270314e-05, 0.00010977462079608813]
model.20.cv1.conv.bias_quantized_zero_point[0, 0, 0, 0, 0, 0, 0, 0, 0, 0, 0, 0, 0, 0, 0, 0, 0, 0, 0, 0, 0, 0, 0, 0, 0, 0, 0, 0, 0, 0, 0, 0, 0, 0, 0, 0, 0, 0, 0, 0, 0, 0, 0, 0, 0, 0, 0, 0, 0, 0, 0, 0, 0, 0, 0, 0, 0, 0, 0, 0, 0, 0, 0, 0]
model.20.m.0.cv1.conv.bias_quantized[-1634, -4764, 1168, 1533, 5986, -1274, -6937, 871, 1234, -1117, 1374, -6517, 11364, -6547, 338, 19977, -530, -6655, 4705, -404, 209, 13596, -2526, -1399, -11624, 2278, -933, 698, 1343, -6491, -22, -14805, -11185, -5431, -11555, 7824, -1291, -6117, 10087, 35642, -3954, -1403, -1520, -5860, 7658, -8298, -4465, -2576, 6097, -4207, 4190, -1615, -379, -971, -1354, -1184, -12179, -7608, -5372, -8254, -4714, -12034, -4681, 14018]
model.20.m.0.cv1.conv.bias_quantized_scale[0.00010263934382237494, 8.600599539931864e-05, 0.00010000839392887428, 8.753594738664106e-05, 0.00011666142381727695, 0.00023933094053063542, 9.530044917482883e-05, 6.863050657557324e-05, 0.00010961433872580528, 0.00021756906062364578, 0.00011446619464550167, 0.00015060768055263907, 6.0387970734154806e-05, 0.0001254517410416156, 0.00010105703404406086, 6.511658284580335e-05, 0.00011446575081208721, 0.00012397921818774194, 7.182783156167716e-05, 0.0001648011093493551, 8.714675641385838e-05, 6.597031460842118e-05, 7.610677857883275e-05, 0.00028050123364664614, 0.00012053989485139027, 8.514401270076632e-05, 0.00019422928744461387, 8.404772961512208e-05, 9.610356210032478e-05, 8.424945553997532e-05, 0.00015324137348216027, 0.00011622750025708228, 0.00015057857672218233, 0.00015269230061676353, 0.00015696305490564555, 0.00015603852807544172, 0.00013149459846317768, 0.00017997249960899353, 6.292220496106893e-05, 3.7133122532395646e-05, 0.00010942186781903729, 0.00023489394516218454, 0.00010223206481896341, 9.312338079325855e-05, 8.773790614213794e-05, 7.963305688463151e-05, 8.826184057397768e-05, 0.000183283380465582, 8.33567391964607e-05, 0.00017134257359430194, 8.113865624181926e-05, 0.00012362361303530633, 0.00012324478302616626, 9.909165237331763e-05, 0.00019717430404853076, 0.0002458282688166946, 8.575672109145671e-05, 0.00019544566748663783, 0.00016335789405275136, 0.00012558088928926736, 0.0001017197355395183, 8.628825889900327e-05, 7.830755203031003e-05, 7.084360549924895e-05]
model.20.m.0.cv1.conv.bias_quantized_zero_point[0, 0, 0, 0, 0, 0, 0, 0, 0, 0, 0, 0, 0, 0, 0, 0, 0, 0, 0, 0, 0, 0, 0, 0, 0, 0, 0, 0, 0, 0, 0, 0, 0, 0, 0, 0, 0, 0, 0, 0, 0, 0, 0, 0, 0, 0, 0, 0, 0, 0, 0, 0, 0, 0, 0, 0, 0, 0, 0, 0, 0, 0, 0, 0]
model.20.m.0.cv2.conv.bias_quantized[9548, 912, 4811, -7697, -9995, 69491, 18105, 998, 9128, 15997, -20085, -4297, 4464, 1508, 7272, 310, 3666, -12428, -9231, -1686, -388, 759, 34741, 8260, 49916, 11277, -4971, 3372, 11257, 6287, -20960, -20959, -3468, 16813, 9256, -3472, -3488, 16450, 4482, 921, -141, 3907, 18467, -2810, 1989, -4983, 6361, 11230, 1723, -3254, -18849, -9616, -9463, -4198, -11979, 22697, -11463, -6150, -7964, 11395, -3278, -21174, 4762, 48495]
model.20.m.0.cv2.conv.bias_quantized_scale[6.435254908865318e-05, 7.23692137398757e-05, 7.999073568498716e-05, 0.00011436352360760793, 0.00012046459596604109, 2.190561826864723e-05, 6.523772026412189e-05, 0.00012203737423988059, 6.972723349463195e-05, 3.128999378532171e-05, 0.00013691735512111336, 0.0001077955384971574, 7.057745096972212e-05, 0.00012606248492375016, 9.238556231139228e-05, 0.00012469827197492123, 9.4044633442536e-05, 0.00011357540643075481, 0.00010613039194140583, 6.756612856406718e-05, 8.097649697447196e-05, 6.144264625618234e-05, 5.251860784483142e-05, 0.00011203988833585754, 2.5122100851149298e-05, 6.836699321866035e-05, 9.905132901621982e-05, 0.00011112869833596051, 0.00010916859901044518, 7.079896022332832e-05, 0.0001290004001930356, 9.713923645904288e-05, 9.65976869338192e-05, 4.693769005825743e-05, 6.652479351032525e-05, 7.593828195240349e-05, 0.00012834215885959566, 5.4646712669637054e-05, 6.912468961672857e-05, 0.00018708013521973044, 6.571489939233288e-05, 9.657589544076473e-05, 4.752352469949983e-05, 0.00013470608973875642, 0.00010405440116301179, 5.038794915890321e-05, 9.785182191990316e-05, 8.727797830943018e-05, 0.00012527336366474628, 6.960581231396645e-05, 5.68267387279775e-05, 0.00014009331061970443, 0.00011958591494476423, 0.0001466269459342584, 0.00013728388876188546, 4.48578066425398e-05, 8.56435508467257e-05, 0.00020922539988532662, 0.00014951752382330596, 0.00010372795804869384, 9.502823377260938e-05, 7.232002826640382e-05, 5.9143363614566624e-05, 2.7251824576524086e-05]
model.20.m.0.cv2.conv.bias_quantized_zero_point[0, 0, 0, 0, 0, 0, 0, 0, 0, 0, 0, 0, 0, 0, 0, 0, 0, 0, 0, 0, 0, 0, 0, 0, 0, 0, 0, 0, 0, 0, 0, 0, 0, 0, 0, 0, 0, 0, 0, 0, 0, 0, 0, 0, 0, 0, 0, 0, 0, 0, 0, 0, 0, 0, 0, 0, 0, 0, 0, 0, 0, 0, 0, 0]
model.20.cv2.conv.bias_quantized[615, 1877, 6706, 16861, 14220, -7920, 21154, 3956, 10642, 6423, -1545, 14944, -619, 7251, 3102, 3226, -7282, 8236, 4585, 17154, 25287, 5618, 14960, -113, 13552, 8636, 4244, 8871, 12715, 23071, 4952, -6467, -7611, 23464, 7759, -2809, 7899, -1285, 13005, 9785, 2201, 2256, 2499, 5539, 4984, 12593, 4071, 3503, 18498, 5579, 2412, 1885, 8517, -5452, 10092, -3413, 9000, 5937, 1361, 2368, 8618, 8574, 6715, -1902]
model.20.cv2.conv.bias_quantized_scale[7.497631304431707e-05, 0.00015980498574208468, 7.750337681500241e-05, 7.257913966896012e-05, 7.023680518614128e-05, 5.8411635109223425e-05, 9.366554877487943e-05, 0.00010694179945858195, 0.00011772621655836701, 0.00013515070895664394, 0.0001226296299137175, 7.6124350016471e-05, 4.455275120562874e-05, 0.00014787353575229645, 0.00011217124847462401, 0.0001305855403188616, 8.268104284070432e-05, 4.872879071626812e-05, 8.538246038369834e-05, 7.897841715021059e-05, 0.00010366826609242707, 0.0001443334622308612, 9.723749826662242e-05, 0.000115773975267075, 8.649512164993212e-05, 0.0001066055556293577, 0.00012020899157505482, 9.244660031981766e-05, 7.468496187357232e-05, 8.702459308551624e-05, 0.00015283748507499695, 0.00017076452786568552, 9.230125579051673e-05, 8.723849896341562e-05, 9.238100028596818e-05, 0.00011039416131097823, 8.139439160004258e-05, 7.45120196370408e-05, 9.386718011228368e-05, 8.960938430391252e-05, 0.0001739742438076064, 9.017892443807796e-05, 0.00012018555571557954, 0.0001375700521748513, 8.110346971079707e-05, 0.0003352469066157937, 0.00010007846867665648, 0.00017476346693001688, 0.00011187360360054299, 7.754495163680986e-05, 8.60941581777297e-05, 9.961619070963934e-05, 5.0993432523682714e-05, 7.983569958014414e-05, 6.067889989935793e-05, 0.00012137211160734296, 0.0001305478363065049, 0.00010911800200119615, 0.00014310928236227483, 9.171933197649196e-05, 0.00011821735097328201, 8.550620987080038e-05, 6.163494981592521e-05, 9.165990195469931e-05]
model.20.cv2.conv.bias_quantized_zero_point[0, 0, 0, 0, 0, 0, 0, 0, 0, 0, 0, 0, 0, 0, 0, 0, 0, 0, 0, 0, 0, 0, 0, 0, 0, 0, 0, 0, 0, 0, 0, 0, 0, 0, 0, 0, 0, 0, 0, 0, 0, 0, 0, 0, 0, 0, 0, 0, 0, 0, 0, 0, 0, 0, 0, 0, 0, 0, 0, 0, 0, 0, 0, 0]
model.20.cv3.conv.bias_quantized[3125, 7989, 446, 2986, 1747, 3451, 2836, -22415, 7292, -2345, 4007, 5213, -5596, 261, 8063, 3676, 7176, 7368, 5652, -8365, 6029, -9694, 10446, -1215, 4467, -886, 11597, 120, 8603, 9301, -2212, 19249, -8273, -1181, 6106, 1225, -2499, 618, 496, -3536, 16047, 8209, 9224, -4882, -1082, 16562, 3347, 7614, 8473, 6704, 4653, 2479, 14641, 4415, -4695, 7476, 15648, 10324, 3006, 1963, 5181, 4106, 1158, -7645, 2813, 5714, 5187, -13646, 3538, -4339, 2608, -1113, 4885, 5035, 5547, 23840, -2465, 6106, 3084, -9428, 7096, 3408, 2286, 11102, 4958, 8731, 244, 2401, 13205, 5123, -508, 1468, 1388, 13855, 7624, 3367, 10064, 7605, 6309, 2289, -10954, 82, 4108, 4885, 9237, 1497, 70, 4720, 19365, 12738, 5298, 11429, 6556, -4244, 4479, 1170, 4742, 6126, 549, 4095, 22861, 3988, 4839, -3364, 2930, 9528, 4604, 2900]
model.20.cv3.conv.bias_quantized_scale[0.0004736210103146732, 0.0004479104245547205, 0.00024324438709300011, 0.0005007169675081968, 0.000408688560128212, 0.00035234171082265675, 0.00022683125280309469, 0.0002039696555584669, 0.00038118043448776007, 0.00025257800007238984, 0.00040278086089529097, 0.0002324496890651062, 0.0003222354280296713, 0.0003413647646084428, 0.0001281517033930868, 0.0005846635904163122, 0.0002980547142215073, 0.0001779655140126124, 0.00020883025717921555, 0.00013690369087271392, 0.0003323605051264167, 0.00019861990585923195, 0.00028971032588742673, 0.00042318980558775365, 0.0002987818734254688, 0.00018166999507229775, 0.0004546061099972576, 0.00032193370861932635, 0.00040658022044226527, 0.0003073278348892927, 0.00025810414808802307, 0.0003126267110928893, 0.00018555379938334227, 0.0005969601916149259, 0.00028495409060269594, 0.0003925162018276751, 0.0002907498273998499, 0.00030479286215268075, 0.0005157190025784075, 0.00017319677863270044, 0.00024361156101804227, 0.0003505106142256409, 0.0003157335158903152, 0.0002763187512755394, 0.00021965510677546263, 0.0005533178336918354, 0.000547728268429637, 0.00025803354219533503, 0.00020670639059972018, 0.0003241467638872564, 0.0002671769179869443, 0.0005390557926148176, 0.0002323830412933603, 0.0005141838337294757, 0.0003417301631998271, 0.00027561388560570776, 9.645436512073502e-05, 0.0002488520694896579, 0.0003008799103554338, 0.00033342218375764787, 0.0004664227017201483, 0.0003507115179672837, 0.00021128624211996794, 0.00027208271785639226, 0.00025565133546479046, 0.0004118910292163491, 0.00044251568033359945, 0.00015535832790192217, 0.0003711030585691333, 0.00033685090602375567, 0.00022532042930833995, 0.00030743153183721006, 0.0002612202661111951, 0.0004521491355262697, 0.0002493720094207674, 0.00031733556534163654, 0.0004980260273441672, 0.00020828381821047515, 0.00015816421364434063, 0.0002421859826426953, 0.00038030982250347733, 0.0005161274457350373, 0.0003542980703059584, 0.00017147508333437145, 0.00041000061901286244, 0.0003572467830963433, 0.000399689277401194, 0.00041174812940880656, 0.0002581878798082471, 0.000421650503994897, 0.00039969937643036246, 0.0005345925455912948, 0.0003399965353310108, 0.0004203698190394789, 0.00018102502508554608, 0.0002930845657829195, 0.000519121706020087, 0.0002475178916938603, 0.0002537237305659801, 0.00048211764078587294, 0.00018219488265458494, 0.0003806042659562081, 0.0004686877073254436, 0.0002184634213335812, 0.0001768324145814404, 0.00047120105591602623, 0.00015973413246683776, 0.00043279555393382907, 0.00044982682447880507, 0.000345054519129917, 0.00026609873748384416, 0.0004074710013810545, 0.00036240453482605517, 0.0001375555293634534, 0.00025328341871500015, 0.00023858594067860395, 0.00031047756783664227, 0.00031971390126273036, 0.0003450518997851759, 0.0002670173125807196, 7.732227095402777e-05, 0.00042783169192261994, 0.00020994366786908358, 0.0003720676468219608, 0.0003851505753118545, 0.00019611416792031378, 0.00013838199083693326, 0.00047988229198381305]
model.20.cv3.conv.bias_quantized_zero_point[0, 0, 0, 0, 0, 0, 0, 0, 0, 0, 0, 0, 0, 0, 0, 0, 0, 0, 0, 0, 0, 0, 0, 0, 0, 0, 0, 0, 0, 0, 0, 0, 0, 0, 0, 0, 0, 0, 0, 0, 0, 0, 0, 0, 0, 0, 0, 0, 0, 0, 0, 0, 0, 0, 0, 0, 0, 0, 0, 0, 0, 0, 0, 0, 0, 0, 0, 0, 0, 0, 0, 0, 0, 0, 0, 0, 0, 0, 0, 0, 0, 0, 0, 0, 0, 0, 0, 0, 0, 0, 0, 0, 0, 0, 0, 0, 0, 0, 0, 0, 0, 0, 0, 0, 0, 0, 0, 0, 0, 0, 0, 0, 0, 0, 0, 0, 0, 0, 0, 0, 0, 0, 0, 0, 0, 0, 0, 0]
model.21.conv.bias_quantized[652, 36948, -5115, 40405, -2745, 3390, -4053, 73, 1957, 6041, 11521, -4659, 3999, -5859, -1877, -9559, 4204, 3507, -7566, -26551, -687, 13175, 5882, 6807, 16981, -10103, -4735, 8860, -14141, 16136, -6402, 75984, 1936, 12714, 23229, -3672, -4949, 177, 528, -1383, 10888, -13993, 4311, 2215, 8658, 11467, 83343, 12167, -9559, 14614, 2984, 27391, -2754, 11337, 8694, 4496, -8203, 3409, 3195, -7407, 16268, 1356, 121107, -29823, 9114, 22385, 14213, -7493, 8331, -8695, -1277, -5437, 2771, -16611, -3524, 4865, -12184, -11423, 6958, -12966, -3751, -2621, 9103, 3869, -3103, 5945, 7906, -1794, -3685, 1630, 141656, 119, 3982, -700, 7724, -2642, 26666, 14958, 53072, -1885, -8207, 775, -7126, 5443, 9459, -9156, 59343, 16709, 11651, 25006, 12415, -557, 10267, -4170, 2692, -4539, 22558, 26089, 19841, -1117, -8064, -3471, 60322, 25853, 7154, 8525, 8480, -1418]
model.21.conv.bias_quantized_scale[7.706813630647957e-05, 1.88897338375682e-05, 0.00011644170444924384, 1.6588441212661564e-05, 0.00023466152197215706, 2.0967103409930132e-05, 0.00018967669166158885, 8.03288203314878e-05, 0.00015892175724729896, 5.7129473134409636e-05, 0.0001014837107504718, 8.047116716625169e-05, 8.606083429185674e-05, 6.193085573613644e-05, 0.00014737645688001066, 8.758066542213783e-05, 7.806369103491306e-05, 5.351517393137328e-05, 3.1885094358585775e-05, 2.1575771825155243e-05, 6.207086698850617e-05, 2.4311793822562322e-05, 2.6180361601291224e-05, 8.622772293165326e-05, 5.944665826973505e-05, 1.89577549463138e-05, 2.1414067305158824e-05, 7.607114821439609e-05, 0.0001078916757251136, 5.063055141363293e-05, 0.0001419487380189821, 2.9417351470328867e-05, 8.239467570092529e-05, 5.4326930694514886e-05, 3.5111814213451e-05, 0.00019094687013421208, 0.00011863082909258083, 7.954416651045904e-05, 0.00012335098290350288, 0.00019114358292426914, 6.195984315127134e-05, 2.1244151866994798e-05, 0.00011716132576111704, 8.669286035001278e-05, 7.632348570041358e-05, 3.305309292045422e-05, 1.743786378938239e-05, 4.415478906594217e-05, 4.6162640501279384e-05, 3.344853030284867e-05, 9.82434066827409e-05, 5.341047653928399e-05, 0.00011143071606056765, 5.1178212743252516e-05, 1.6611968021607026e-05, 3.899560033460148e-05, 6.249993020901456e-05, 2.6458863430889323e-05, 8.94204422365874e-05, 7.751031080260873e-05, 2.6581494239508174e-05, 0.00021421854034997523, 1.1074382200604305e-05, 3.105422365479171e-05, 7.272567017935216e-05, 2.1323210603441112e-05, 6.364773435052484e-05, 0.00014818018826190382, 9.882386075332761e-05, 2.120722274412401e-05, 2.2753787561669014e-05, 0.0001588281011208892, 0.0001395410654367879, 5.746398164774291e-05, 0.00014271902909968048, 2.535752901167143e-05, 5.671508552040905e-05, 4.761450327350758e-05, 0.00013810524251312017, 6.909485091455281e-05, 1.6779649740783498e-05, 0.00013093661982566118, 2.2290823835646734e-05, 1.7878452126751654e-05, 0.00013589543232228607, 7.252101204358041e-05, 0.00011147522309329361, 7.2900926170405e-05, 0.00014111842028796673, 7.409584213746712e-05, 1.15734683276969e-05, 0.00010375653073424473, 4.994814298697747e-05, 0.00022732203069608659, 1.5606225133524276e-05, 2.8825066692661494e-05, 2.7017340471502393e-05, 5.7091259805019945e-05, 1.7222619135282002e-05, 0.00016081781359389424, 2.5051404008991085e-05, 0.00010159635712625459, 0.0001016633614199236, 0.0001278504787478596, 4.403139973874204e-05, 0.00011912555055459961, 2.9069738957332447e-05, 1.7700947864796035e-05, 4.196621375740506e-05, 6.42477025394328e-05, 5.297357347444631e-05, 5.691997648682445e-05, 4.46772864961531e-05, 0.00013910874258726835, 7.117471977835521e-05, 0.00017757406749296933, 2.511151433282066e-05, 6.411126378225163e-05, 2.723770376178436e-05, 0.00020373502047732472, 0.0001359697780571878, 7.405514770653099e-05, 1.82162802957464e-05, 2.298485742358025e-05, 5.5625703680561855e-05, 1.6341658920282498e-05, 2.124873935827054e-05, 0.00014726381050422788]
model.21.conv.bias_quantized_zero_point[0, 0, 0, 0, 0, 0, 0, 0, 0, 0, 0, 0, 0, 0, 0, 0, 0, 0, 0, 0, 0, 0, 0, 0, 0, 0, 0, 0, 0, 0, 0, 0, 0, 0, 0, 0, 0, 0, 0, 0, 0, 0, 0, 0, 0, 0, 0, 0, 0, 0, 0, 0, 0, 0, 0, 0, 0, 0, 0, 0, 0, 0, 0, 0, 0, 0, 0, 0, 0, 0, 0, 0, 0, 0, 0, 0, 0, 0, 0, 0, 0, 0, 0, 0, 0, 0, 0, 0, 0, 0, 0, 0, 0, 0, 0, 0, 0, 0, 0, 0, 0, 0, 0, 0, 0, 0, 0, 0, 0, 0, 0, 0, 0, 0, 0, 0, 0, 0, 0, 0, 0, 0, 0, 0, 0, 0, 0, 0]
model.23.cv1.conv.bias_quantized[-4801, 3956, 953, 3355, 2341, 1223, -5365, 582, -6063, -2426, -3078, 7417, 999, -4737, -2052, -3821, 1373, 5972, 97, -1095, 3571, -609, -1489, 1817, -1544, -1928, -5944, -3655, 4459, -2563, -1683, 2058, -1706, 466, -1444, 2073, 4393, -1702, 2386, 5261, 3759, 3043, -4623, -4143, 4593, -1196, 1215, -1053, -1128, -1216, 346, -3514, -1438, 26, 718, -397, 3313, 671, -734, -3482, -2152, -4517, -708, 2801, 896, 3629, 2989, -5463, -4824, 1812, -244, -605, 1117, -12229, -2535, -14014, 7552, -2315, -1076, -911, 1006, 461, 3026, 10093, 513, -711, 2123, -2526, -3505, -8354, 3859, 3073, 565, 3917, 2248, -2473, 1453, -9379, 1749, -1230, 4673, 1566, 434, 758, 1281, 12, -4864, -326, -1903, 1210, -2148, -658, -2007, -511, -896, 343, -1811, -3993, 2866, -2702, 1067, -6334, -2111, 463, 129, -530, -1089, -253]
model.23.cv1.conv.bias_quantized_scale[0.00015761236136313528, 0.00010778777505038306, 0.00019502034410834312, 0.00010039282642537728, 0.00013304114690981805, 0.00017096890951506793, 0.00014142249710857868, 0.000157317757839337, 0.0001019702322082594, 0.00012733475887216628, 0.0001537419593660161, 0.00012889418576378375, 0.00024419112014584243, 9.367562597617507e-05, 0.00029764079954475164, 0.00014335506421048194, 0.00015859449922572821, 0.00015793215425219387, 0.00015194965817499906, 0.00010197471419814974, 0.00018045658362098038, 0.0002504938165657222, 0.00012106831854907796, 0.00016910101112443954, 0.00013695763482246548, 0.00011793550220318139, 0.00019687086751218885, 0.00015844800509512424, 0.00014428845315705985, 0.00020656298147514462, 9.576878801453859e-05, 0.0001201027916977182, 0.00027043515001423657, 0.00017874101467896253, 0.00021006133465562016, 0.00015455180255230516, 0.00015340106619987637, 0.00012685044202953577, 0.00013340609439183027, 0.0001507951965322718, 0.000179722293978557, 0.00015284540131688118, 9.064676851266995e-05, 0.00012307937140576541, 0.00018017255933955312, 0.00014184493920765817, 0.00029098536469973624, 0.00015888646885287017, 0.00020278220472391695, 0.00010554613982094452, 0.00022445079230237752, 0.00013293407391756773, 0.0002889365132432431, 0.00011679361341521144, 0.00035130640026181936, 0.0001410155527992174, 0.00013818370644003153, 0.00016630307072773576, 0.0001044015443767421, 0.00010038792970590293, 0.0001833254937082529, 9.182379289995879e-05, 0.00029469752917066216, 0.00015871392679400742, 0.00014487044245470315, 0.00015327012806665152, 0.00016435784345958382, 0.00012636052269954234, 9.089402738027275e-05, 0.00014764137449674308, 0.00014561555872205645, 0.00016539462376385927, 0.00020954996580258012, 0.00016003080236259848, 0.0002501963754184544, 9.113263513427228e-05, 0.0001421713241143152, 0.0001606563018867746, 0.0001234040391864255, 0.00019522638467606157, 0.0001362107286695391, 0.00039483036380261183, 0.00018889915372710675, 0.00012727404828183353, 0.00014977394312154502, 0.0002247243101010099, 0.00034524151124060154, 0.00020633573876693845, 9.05644046724774e-05, 0.00010585997370071709, 0.00015408646140713245, 0.00011757366155507043, 0.00010834146087290719, 0.0002478755486663431, 0.00016851871623657644, 0.00015696465561632067, 0.0001569406158523634, 0.00011832320160465315, 0.00011314974108245224, 0.00012668369163293391, 0.0001168843446066603, 0.0002816729829646647, 0.00017841762746684253, 0.00025127865956164896, 0.00016160689119715244, 0.00014777334581594914, 0.00015772294136695564, 0.0001287931954720989, 0.0001365030329907313, 0.00017897992802318186, 0.0002035921352216974, 0.00018975265265908092, 0.0001435712183592841, 0.00035916618071496487, 0.00020323765056673437, 0.00014558930706698447, 0.00020045250130351633, 0.0001478945923736319, 0.00013725485769100487, 0.0001900307834148407, 0.0002255963918287307, 9.487009810982272e-05, 0.00027563850744627416, 0.00019322287698742002, 0.00021918048150837421, 0.0002110435743816197, 0.0001179546452476643, 0.00013063485675957054]
model.23.cv1.conv.bias_quantized_zero_point[0, 0, 0, 0, 0, 0, 0, 0, 0, 0, 0, 0, 0, 0, 0, 0, 0, 0, 0, 0, 0, 0, 0, 0, 0, 0, 0, 0, 0, 0, 0, 0, 0, 0, 0, 0, 0, 0, 0, 0, 0, 0, 0, 0, 0, 0, 0, 0, 0, 0, 0, 0, 0, 0, 0, 0, 0, 0, 0, 0, 0, 0, 0, 0, 0, 0, 0, 0, 0, 0, 0, 0, 0, 0, 0, 0, 0, 0, 0, 0, 0, 0, 0, 0, 0, 0, 0, 0, 0, 0, 0, 0, 0, 0, 0, 0, 0, 0, 0, 0, 0, 0, 0, 0, 0, 0, 0, 0, 0, 0, 0, 0, 0, 0, 0, 0, 0, 0, 0, 0, 0, 0, 0, 0, 0, 0, 0, 0]
model.23.m.0.cv1.conv.bias_quantized[-294, -924, -2258, -486, -957, 727, -158, -3569, -1969, 996, -4826, -1839, -1512, -438, 2891, -3698, 139, 3191, -1718, 469, -762, 2928, -631, 1982, -1132, -1204, 3622, -3047, 923, -3872, -5557, -657, 1164, 4629, -524, 1218, 269, -640, -2605, -607, -1964, -1193, -903, -1128, 462, -101, 297, 2352, 720, 907, -242, -1346, 1662, -1577, -985, 1341, -1770, -725, -2462, 983, -1577, 523, -1065, -4239, -111, 524, -1497, -1330, 1364, -2249, 8060, -1311, -10, -451, -572, -4052, 802, 138, -6055, 2041, -840, -3057, -2318, -1507, -1663, -1445, -351, -3130, -823, 90, -3201, -1335, -663, -1041, -3181, -1564, 91, -2456, -129, 2009, -3422, 2176, -2718, -767, 600, -1076, 682, 7729, -468, -2670, -2009, 5419, -1920, -2628, 677, -2705, -3363, -2040, -364, 533, 911, -747, 340, -388, -3196, 521, -2383, 3330]
model.23.m.0.cv1.conv.bias_quantized_scale[0.00028064550133422017, 0.00014646846102550626, 0.00032939098309725523, 0.00013547799608204514, 0.00022367290512192994, 0.0003442704910412431, 0.000129371604998596, 0.0002485440927557647, 0.0003109183453489095, 0.00019274909573141485, 0.00013284153828863055, 0.00026147489552386105, 0.0001874333102023229, 0.0002801594091579318, 0.00011935606744373217, 0.00023210937797557563, 0.00033944149618037045, 0.00017187304911203682, 0.0001658008695812896, 0.0001436604798072949, 0.00018671562429517508, 0.00020404972019605339, 0.00045446408330462873, 0.0001910109567688778, 0.00018936663400381804, 0.00017153064254671335, 0.00015810906188562512, 0.00022384527255780995, 0.00017240320448763669, 0.00023954699281603098, 0.00015556221478618681, 0.00021943253523204476, 0.00015276875637937337, 0.00014435432967729867, 0.0001841638732003048, 0.00021526473574340343, 0.00019438467279542238, 0.00039609314990229905, 0.00036421979893930256, 0.00015041949518490583, 0.00019759593124035746, 0.00019958626944571733, 0.00023766759841237217, 0.00029078530496917665, 0.0001497811172157526, 0.00023020984372124076, 0.00015811406774446368, 0.0001757324644131586, 0.00018056342378258705, 0.00017590232891961932, 0.00017970797489397228, 0.00031790536013431847, 0.00014466320862993598, 0.0002297049795743078, 0.00022412906400859356, 0.00018757788348011672, 0.00018939649453386664, 0.0002818345674313605, 0.00021703197853639722, 0.0002629566006362438, 0.00025022178306244314, 0.00019621013780124485, 0.00015434948727488518, 0.00011216010170755908, 0.0002570750657469034, 0.00020830119319725782, 0.00023448094725608826, 0.0002828386495821178, 0.00021093871328048408, 0.00014586257748305798, 0.00012495392002165318, 0.0002378238714300096, 0.000172848638612777, 0.00019309978233650327, 0.0001589585153851658, 0.00022410777455661446, 0.00014493204071186483, 0.0004396064323373139, 0.00018559828458819538, 0.0001570157619426027, 0.00013203821436036378, 0.00016289767518173903, 0.00022977672051638365, 0.00021892576478421688, 0.00019009102834388614, 0.00016827959916554391, 0.0002582398592494428, 0.00022629997693002224, 0.00037681663525290787, 0.00021008368639741093, 0.000145562895340845, 0.00023867026902735233, 0.0002942580613307655, 0.00016519789642188698, 0.00018761053797788918, 0.00037840032018721104, 0.0002114420203724876, 0.00010080562060466036, 0.00022399346926249564, 0.0001500263315392658, 0.00018705733236856759, 0.00015448786143679172, 0.00014452333562076092, 0.00018880686548072845, 0.00015168623940553516, 0.00020740625041071326, 0.0001860266929725185, 0.00014277892478276044, 0.00023587947362102568, 0.00025231033214367926, 0.00021509859652724117, 0.00011779446504078805, 0.00024548807414248586, 0.00029250181978568435, 0.00019813152903225273, 0.00028870083042420447, 0.00018934231775347143, 0.0002841395325958729, 0.00019593363685999066, 0.00024284851679112762, 0.0003514412965159863, 0.0002065163862425834, 0.00017234076221939176, 0.00017805866082198918, 0.00031304758158512414, 0.00026605057064443827, 0.00017214840045198798, 0.000157778020366095]
model.23.m.0.cv1.conv.bias_quantized_zero_point[0, 0, 0, 0, 0, 0, 0, 0, 0, 0, 0, 0, 0, 0, 0, 0, 0, 0, 0, 0, 0, 0, 0, 0, 0, 0, 0, 0, 0, 0, 0, 0, 0, 0, 0, 0, 0, 0, 0, 0, 0, 0, 0, 0, 0, 0, 0, 0, 0, 0, 0, 0, 0, 0, 0, 0, 0, 0, 0, 0, 0, 0, 0, 0, 0, 0, 0, 0, 0, 0, 0, 0, 0, 0, 0, 0, 0, 0, 0, 0, 0, 0, 0, 0, 0, 0, 0, 0, 0, 0, 0, 0, 0, 0, 0, 0, 0, 0, 0, 0, 0, 0, 0, 0, 0, 0, 0, 0, 0, 0, 0, 0, 0, 0, 0, 0, 0, 0, 0, 0, 0, 0, 0, 0, 0, 0, 0, 0]
model.23.m.0.cv2.conv.bias_quantized[10771, -2600, -14348, 1553, 1765, -5008, 4732, 3527, -1564, 22210, -4987, -10409, -7219, 2005, 5454, 18991, -8012, -2322, 4396, -6270, -8907, 4564, -5152, -745, 1457, 6963, -6131, 16046, -3300, 2843, 9017, -1039, 5274, -11360, 5908, -488, 2652, 13732, 8482, -5493, -6431, -149, 5025, -1027, 10902, 27934, 37956, 2298, 569, -6372, -552, 4164, 12285, -1607, -5590, 1733, -208, -6281, 1208, -4354, -2738, -9419, -207, -5339, 9228, 1555, 18461, 2830, -7149, 2172, -3009, 8533, 637, -532, 5214, 11302, -2301, -675, 1949, 9022, -2167, 12513, -4663, 11132, -5217, 772, 8723, -6715, 2311, -3365, 18071, -787, -1067, -9942, 1849, 7636, 5137, 126, -4677, -5115, 8641, 5584, 3011, -7216, -2674, -5245, -4216, -2054, 2490, 3532, 2895, -6341, 6036, 4036, 4951, 4824, -5137, 7920, -6775, -3444, -5047, -6544, 10216, 5673, -8201, -1222, 8000, -4853]
model.23.m.0.cv2.conv.bias_quantized_scale[0.0001082427115761675, 0.0001274325477425009, 6.994841533014551e-05, 6.39240606687963e-05, 0.00014228593499865383, 6.518913869513199e-05, 8.352333679795265e-05, 6.638748163823038e-05, 8.912030170904472e-05, 1.9664616047521122e-05, 0.00011705054203048348, 0.00011458485823823139, 0.00012950989184901118, 0.00013160794333089143, 8.279914618469775e-05, 6.363471766235307e-05, 7.668336183996871e-05, 0.00021028751507401466, 5.974683881504461e-05, 0.00013167520228307694, 0.00011248070222791284, 4.31458065577317e-05, 9.284970292355865e-05, 6.297454820014536e-05, 6.442805170081556e-05, 5.250794129096903e-05, 0.0001994317426579073, 3.824655505013652e-05, 7.061116775730625e-05, 7.154736522352323e-05, 4.248094410286285e-05, 7.180149987107143e-05, 8.005895506357774e-05, 9.324145503342152e-05, 9.380539995618165e-05, 6.187144026625901e-05, 8.101773710222915e-05, 7.647232268936932e-05, 8.355919271707535e-05, 8.255431748693809e-05, 9.287970897275954e-05, 3.2258049031952396e-05, 7.265096792252734e-05, 9.368295286549255e-05, 5.248494926490821e-05, 3.1037172448122874e-05, 3.173848017468117e-05, 0.00010270097845932469, 9.684546239441261e-05, 0.00011537870886968449, 0.00013235898222774267, 7.801684114383534e-05, 7.732432277407497e-05, 0.00011409846047172323, 8.0922145571094e-05, 9.124774078372866e-05, 6.331378244794905e-05, 0.00015299228834919631, 0.0001389271201333031, 7.438575994456187e-05, 0.00010295525862602517, 8.080407860688865e-05, 0.00014174972602631897, 8.24180242489092e-05, 5.7335473684361205e-05, 7.698265108047053e-05, 5.266860898700543e-05, 5.967204924672842e-05, 7.767766510369256e-05, 0.00016720016719773412, 9.577200398780406e-05, 7.609286694787443e-05, 7.936587644508108e-05, 0.0001080939473467879, 0.0001171554540633224, 5.25010000274051e-05, 0.00015022057050373405, 0.0001367942604701966, 0.0001063036106643267, 6.569106335518882e-05, 0.00010241897689411417, 4.0769304177956656e-05, 0.00018550029199104756, 6.445844337577e-05, 0.00012479655561037362, 6.77267526043579e-05, 0.0001333702530246228, 0.00013313420640770346, 6.9933790655341e-05, 0.00010759889119071886, 4.051020005135797e-05, 7.736052066320553e-05, 8.133445226121694e-05, 0.00010645594738889486, 5.97277503402438e-05, 7.854062278056517e-05, 0.00011513537901919335, 0.00012076123675797135, 0.0001236784883076325, 0.00012277383939363062, 7.080377690726891e-05, 8.962015999713913e-05, 7.844728679629043e-05, 0.0001138933512265794, 0.00012493693793658167, 9.652469452703372e-05, 9.164034418063238e-05, 0.00010667971218936145, 8.549082122044638e-05, 5.3222847782308236e-05, 0.00010867017408600077, 5.2358664106577635e-05, 9.010990470414981e-05, 5.9805563068948686e-05, 8.747132233111188e-05, 5.340190546121448e-05, 0.00011799675121437758, 9.9745491752401e-05, 8.571643411414698e-05, 9.699476504465565e-05, 9.555609722156078e-05, 0.00011886203719768673, 7.85225274739787e-05, 5.766567119280808e-05, 6.899064464960247e-05, 0.00010895663581322879, 4.119689037906937e-05, 0.00013096562179271132]
model.23.m.0.cv2.conv.bias_quantized_zero_point[0, 0, 0, 0, 0, 0, 0, 0, 0, 0, 0, 0, 0, 0, 0, 0, 0, 0, 0, 0, 0, 0, 0, 0, 0, 0, 0, 0, 0, 0, 0, 0, 0, 0, 0, 0, 0, 0, 0, 0, 0, 0, 0, 0, 0, 0, 0, 0, 0, 0, 0, 0, 0, 0, 0, 0, 0, 0, 0, 0, 0, 0, 0, 0, 0, 0, 0, 0, 0, 0, 0, 0, 0, 0, 0, 0, 0, 0, 0, 0, 0, 0, 0, 0, 0, 0, 0, 0, 0, 0, 0, 0, 0, 0, 0, 0, 0, 0, 0, 0, 0, 0, 0, 0, 0, 0, 0, 0, 0, 0, 0, 0, 0, 0, 0, 0, 0, 0, 0, 0, 0, 0, 0, 0, 0, 0, 0, 0]
model.23.cv2.conv.bias_quantized[2829, -3014, 2332, -1570, 14070, 1748, -1829, 331, 2707, 5652, 3256, 5767, 3571, 2151, 1337, 6551, -4800, 3513, 2554, 935, 6990, -2587, 4136, 4185, 2125, 4772, 7552, 286, 7709, 2240, 6908, 2382, 1893, 6592, 5127, -2402, 2212, 7050, 714, 2584, 9014, 3427, 2175, 10299, -1312, 419, -5810, 1030, 127, 2771, 1710, 2254, 902, 1326, 1292, 39, 6194, -3957, 9324, 141, 2318, 5142, 929, 2982, 1351, 6203, 107, 11058, 3118, 2036, 4260, 2807, 656, 5685, 813, 7044, 8635, 4345, 3680, 2020, -3414, 2678, 7325, 5805, -168, -5741, 4267, 2676, 952, 694, 4530, 3675, 10480, 5857, 3861, 8160, -2201, -3900, 3584, 1726, 270, 5426, 647, 2021, 1647, 788, 3848, 3812, 1891, 1293, -2152, 3387, -533, -1595, -3704, 1797, 4522, 4120, 2866, 237, -120, 2296, 3504, 4396, 2414, 5174, 1970, 5042]
model.23.cv2.conv.bias_quantized_scale[0.00012828629405703396, 9.371736814500764e-05, 0.00012104205234209076, 0.0001438993203919381, 0.00014755230222363025, 0.0002872248587664217, 0.000108450731204357, 0.00018025015015155077, 0.00011245466157561168, 0.0001227212487719953, 0.0001078558707376942, 0.000139472889713943, 9.084015619009733e-05, 0.00010533657768974081, 0.00013705340097658336, 9.277880599256605e-05, 0.00016049674013629556, 0.00015965000784490258, 0.00014321881462819874, 6.828079494880512e-05, 0.00011356879986124113, 0.00019602489192038774, 0.00012804123980458826, 9.448730997974053e-05, 0.0001347036741208285, 0.00010999832738889381, 0.0001026298850774765, 0.0002113274676958099, 0.00022669036115985364, 0.0001003947327262722, 9.196704922942445e-05, 0.00013234686048235744, 0.00010625992581481114, 0.00013793815742246807, 0.00011137242836412042, 0.00012226209219079465, 0.00013048455002717674, 0.00011327753600198776, 0.00020436625345610082, 0.0001681079011177644, 9.690797014627606e-05, 0.0001252775255125016, 9.467756899539381e-05, 0.00016625452553853393, 0.00012104167399229482, 0.00011989942868240178, 6.77215211908333e-05, 0.00012163903738837689, 8.985293243313208e-05, 9.517073340248317e-05, 0.00010400515020592138, 0.00012626037641894072, 0.0002195421839132905, 0.00019177343347109854, 0.00014686393842566758, 0.00019491059356369078, 8.640166925033554e-05, 0.00011640293814707547, 8.414682815782726e-05, 0.00010456858581164852, 0.00011413956963224337, 0.00010117515921592712, 0.00014051355537958443, 0.00011003512190654874, 0.00015081754827406257, 8.604353206465021e-05, 0.00018203584477305412, 7.900335913291201e-05, 9.747762669576332e-05, 0.0002700966433621943, 0.00019601266831159592, 0.00013347083586268127, 0.00014247797662392259, 0.0001162064727395773, 0.00012226392573211342, 8.435016206931323e-05, 9.972443513106555e-05, 0.00012436123506631702, 0.00012834432709496468, 0.00011488192831166089, 0.00012702014646492898, 0.00012714574404526502, 0.00010845856013474986, 8.731814887141809e-05, 0.00011447684664744884, 8.714233990758657e-05, 0.00012301339302212, 9.005267929751426e-05, 0.0001260804565390572, 0.0001274189999094233, 0.00011595809337450191, 0.0001145739879575558, 0.00012011105718556792, 6.720090459566563e-05, 0.0002331750438315794, 0.00012793853238690645, 9.877559205051512e-05, 0.0001018153052427806, 7.539520447608083e-05, 0.00017762582865543664, 0.00018419681873638183, 9.238698112312704e-05, 0.00011188490316271782, 0.00011982540308963507, 0.0001345593627775088, 0.00010416183067718521, 0.00016126723494380713, 0.0001140241147368215, 0.00011150330101372674, 0.00012220279313623905, 0.00014403677778318524, 0.0001808874076232314, 0.00012344874267000705, 0.0001646240707486868, 0.00013626058353111148, 0.0001244559680344537, 9.918381692841649e-05, 0.0001230273919645697, 0.00010278230911353603, 0.00013234913058113307, 0.00010583428229438141, 0.0001468533300794661, 0.00012196153693366796, 0.00014610218931920826, 0.00015674671158194542, 0.00010817698057508096, 8.384646935155615e-05, 9.124371717916802e-05]
model.23.cv2.conv.bias_quantized_zero_point[0, 0, 0, 0, 0, 0, 0, 0, 0, 0, 0, 0, 0, 0, 0, 0, 0, 0, 0, 0, 0, 0, 0, 0, 0, 0, 0, 0, 0, 0, 0, 0, 0, 0, 0, 0, 0, 0, 0, 0, 0, 0, 0, 0, 0, 0, 0, 0, 0, 0, 0, 0, 0, 0, 0, 0, 0, 0, 0, 0, 0, 0, 0, 0, 0, 0, 0, 0, 0, 0, 0, 0, 0, 0, 0, 0, 0, 0, 0, 0, 0, 0, 0, 0, 0, 0, 0, 0, 0, 0, 0, 0, 0, 0, 0, 0, 0, 0, 0, 0, 0, 0, 0, 0, 0, 0, 0, 0, 0, 0, 0, 0, 0, 0, 0, 0, 0, 0, 0, 0, 0, 0, 0, 0, 0, 0, 0, 0]
model.23.cv3.conv.bias_quantized[4164, 18348, 304, -3940, -10988, -773, -7807, -10118, 5783, 16901, -13806, -6421, 8414, 7214, 3742, -5232, 16145, -7321, 3946, 4871, 3913, 3781, 15227, 13788, -209, 7176, 6550, 11005, 12422, 7048, -1759, 3480, 16024, 14386, 8815, 190, -844, 14400, -12670, 1833, 7532, 6754, 3060, 3535, 2648, 3746, 5957, 4317, -4945, 9797, -292, 5810, 716, 16573, 3212, 1106, 2664, -1579, -3289, 1653, -6953, 4990, 8225, 6029, 11654, 4156, 5144, 4923, 3339, 7385, 12317, 5543, 2986, 6808, 683, 4062, 6698, -2593, 18291, 8213, 28923, 10233, 13963, 6813, 3718, 7280, 2615, 11160, 7200, 2944, 14090, 7025, 2148, 4126, 17774, 17627, 10343, 7383, 16302, -2612, 14215, 8846, 3380, 4475, 12314, 4900, -9539, 14015, 2723, -3773, 2717, -7601, -9436, 3750, -4960, 8334, 5363, 17359, 7280, 1551, 6484, 4370, 25754, 12718, 9040, 3472, 7214, 3177, 423, 7055, 9313, 21194, -2041, 12320, 596, 6799, 9374, 961, 5828, 190, 14476, 14490, 10098, 3135, 674, 6111, 5137, 10119, 1136, 8620, 10820, 12911, -3671, 8889, -2022, -5772, 7620, 7085, 9330, 1401, 2556, 5123, -6461, 6518, 8786, 4756, 5168, 9231, 6847, 4393, -11299, -8646, 6071, 2772, -4744, 4730, 8877, 4776, 1539, 9550, 15822, 10561, 4221, 12239, 5808, 422, 454, 1447, 6075, 3673, 24105, -3995, 16553, 12493, 3262, 7898, -6500, -731, -4475, 6946, 6553, -2974, 9606, 5302, -5784, -266, -459, -23777, 5309, 12568, -369, 4345, -1616, -2385, 23204, 5747, -1704, 16256, 11745, 4159, -1704, -1860, 556, 3263, 21615, 4561, 7131, 6680, 7382, -9714, 9376, 2813, 6393, -3936, 6621, 8468, 9457, -9288, 3804, -14634, 3012, -9256, 14930, 13346, 26098, 12473, 7982, -5620, 4848, 6472, -2805, 280, 7467, 1368, 3788, 3301]
model.23.cv3.conv.bias_quantized_scale[0.00015006287139840424, 8.973747753771022e-05, 0.0001972819009097293, 0.00010628546442603692, 0.0001443791261408478, 0.0003097926964983344, 3.2089854357764125e-05, 0.00010497816401766613, 0.00011686000652844086, 0.00010938938794424757, 9.668157872511074e-05, 0.00012864188465755433, 0.00013598734221886843, 0.0001407309900969267, 0.0002596028207335621, 0.00011215513222850859, 7.45589641155675e-05, 5.4440501116914675e-05, 0.00011309664114378393, 0.00028873022529296577, 0.00021064089378342032, 0.00028568203561007977, 4.983057442586869e-05, 0.0002448849845677614, 0.0003477369318716228, 9.921292075887322e-05, 0.00014197116252034903, 6.893007957842201e-05, 9.625186794437468e-05, 0.0002645599306561053, 0.00029757560696452856, 0.00022495990560855716, 0.0001359335146844387, 0.00018579217430669814, 0.00031941014458425343, 0.00013216248771641403, 9.23429979593493e-05, 0.00011046514555346221, 4.551426900434308e-05, 0.0002548825868871063, 0.00016075932944659144, 0.00016830748063512146, 7.574907067464665e-05, 0.00012396696547511965, 0.0001914925524033606, 0.00020099875109735876, 0.00014011345047038049, 0.0001242020371137187, 0.0002650485548656434, 0.0002567628398537636, 0.0002555565151851624, 0.00011751494457712397, 8.553657971788198e-05, 0.00011433117470005527, 0.00011009222362190485, 0.000263703492237255, 0.00022635121422354132, 6.841270078439265e-05, 0.00021429902699310333, 0.00018394361541140825, 8.69815849000588e-05, 0.00011857147183036432, 0.00023103610146790743, 0.0003533949493430555, 0.00018496811389923096, 9.056535782292485e-05, 8.376332698389888e-05, 0.0001354952692054212, 0.0001671547070145607, 0.00020841007062699646, 0.00011563968291739002, 0.00021393854694906622, 9.550464164931327e-05, 0.00025404346524737775, 7.880033081164584e-05, 5.41291301487945e-05, 0.00024790960014797747, 0.00014451425522565842, 9.171240526484326e-05, 0.0001275658287340775, 5.852413596585393e-05, 0.00022638832160737365, 0.0002570711658336222, 0.0001384424394927919, 0.00021273478341754526, 0.0001682479924056679, 0.0001539260265417397, 9.082518226932734e-05, 0.000177770882146433, 0.0001013085784506984, 0.00014820246724411845, 0.0001883525837911293, 8.567774784751236e-05, 0.000324595021083951, 0.00012853910448029637, 6.786798621760681e-05, 0.00017965778533834964, 0.0001495337492087856, 0.0002428721054457128, 0.00012478882854338735, 9.620999480830505e-05, 8.011503086891025e-05, 4.907426409772597e-05, 0.00024218966427724808, 0.00010406417277408764, 0.00021009020565543324, 0.00011942040146095678, 0.00010038502659881487, 0.00013602394028566778, 0.00027219101320952177, 0.00015811101184226573, 9.027442138176411e-05, 7.769044168526307e-05, 0.00011262854241067544, 0.00011188446660526097, 0.00010104648390552029, 0.0001993554033106193, 0.00015419152623508126, 8.886070281732827e-05, 9.187532123178244e-05, 7.595491479150951e-05, 0.00030730789876542985, 0.00014246538921725005, 0.00021224177908152342, 0.00019073989824391901, 0.00026556552620604634, 5.5238149798242375e-05, 0.00020909465092699975, 0.0002041712577920407, 0.0001922903466038406, 0.00014672009274363518, 4.579630331136286e-05, 5.640001836582087e-05, 0.00018941359303425997, 0.00017583400767762214, 0.00024429152836091816, 0.00017651321832090616, 0.00011860220547532663, 0.00022806489141657948, 0.00012587850505951792, 0.0001134645426645875, 0.00010789842053782195, 0.00015729070582892746, 0.000290851341560483, 0.00023431683075614274, 0.0001474876335123554, 0.00022853721748106182, 8.408565918216482e-05, 0.00016881490591913462, 8.165767940226942e-05, 0.00014630814257543534, 0.00019015095313079655, 0.00032482825918123126, 0.00012113853154005483, 0.00023825123207643628, 0.0001675122621236369, 0.00017861959349829704, 0.0002676958974916488, 0.00018113134137820452, 0.00014812004519626498, 8.783701923675835e-05, 0.0002802680537570268, 7.137859211070463e-05, 0.0001141601096605882, 7.566660497104749e-05, 0.00014415972691494972, 0.00045589826186187565, 0.0002653495466802269, 0.00032405948149971664, 0.0001287533959839493, 0.00015447587065864354, 0.000178938455064781, 0.00017865288828033954, 0.0001885364908957854, 9.668365237303078e-05, 0.00011242941400269046, 0.00013657666568178684, 0.00016572308959439397, 0.00015107453509699553, 0.00014833208115305752, 8.040334796532989e-05, 4.673901275964454e-05, 0.0001446884125471115, 0.00027553524705581367, 0.0002564965980127454, 0.00018564345373306423, 0.0002861417306121439, 6.0237911384319887e-05, 0.00012232529115863144, 0.00025760981952771544, 7.20963507774286e-05, 6.58053977531381e-05, 0.0001230375492013991, 0.00014197189011611044, 0.00021100809681229293, 0.00015860558778513223, 0.0001227323227794841, 0.0001465592358727008, 9.094248525798321e-05, 8.956018427852541e-05, 0.0001854969741543755, 6.809012120356783e-05, 8.655960118630901e-05, 0.000355665193637833, 0.00016733334632590413, 0.00011350756540196016, 0.0002130876964656636, 7.00232048984617e-05, 0.00011636517592705786, 0.0001912206644192338, 0.00015521705790888518, 0.0001287163031520322, 0.00011830713629024103, 0.00020893772307317704, 7.605802966281772e-05, 0.0003346930898260325, 0.00019334634998813272, 0.00023628294002264738, 0.00026993209030479193, 7.490262214560062e-05, 8.253901614807546e-05, 0.00018975701823364943, 0.00018498930148780346, 0.00015902082668617368, 4.192757114651613e-05, 0.0003904159530065954, 0.00013444764772430062, 0.00011857024219352752, 7.235892553580925e-05, 5.9028730902355164e-05, 0.00015726685523986816, 0.00016822862380649894, 0.00032403389923274517, 5.8678251662058756e-05, 0.00031422905158251524, 0.00019433838315308094, 0.00016578704526182264, 0.00011343500955263153, 0.000255927094258368, 0.00011016020289389417, 0.00017998939438257366, 6.864217721158639e-05, 6.656963523710147e-05, 8.558593253837898e-05, 0.0001114025799324736, 0.0002680601319298148, 0.00012917107960674912, 0.0001741734886309132, 0.00031177635537460446, 0.00016787266940809786, 7.029255357338116e-05, 0.00016608236182946712, 0.00020248400687705725, 7.486405229428783e-05, 0.00016204846906475723, 0.0003330888575874269]
model.23.cv3.conv.bias_quantized_zero_point[0, 0, 0, 0, 0, 0, 0, 0, 0, 0, 0, 0, 0, 0, 0, 0, 0, 0, 0, 0, 0, 0, 0, 0, 0, 0, 0, 0, 0, 0, 0, 0, 0, 0, 0, 0, 0, 0, 0, 0, 0, 0, 0, 0, 0, 0, 0, 0, 0, 0, 0, 0, 0, 0, 0, 0, 0, 0, 0, 0, 0, 0, 0, 0, 0, 0, 0, 0, 0, 0, 0, 0, 0, 0, 0, 0, 0, 0, 0, 0, 0, 0, 0, 0, 0, 0, 0, 0, 0, 0, 0, 0, 0, 0, 0, 0, 0, 0, 0, 0, 0, 0, 0, 0, 0, 0, 0, 0, 0, 0, 0, 0, 0, 0, 0, 0, 0, 0, 0, 0, 0, 0, 0, 0, 0, 0, 0, 0, 0, 0, 0, 0, 0, 0, 0, 0, 0, 0, 0, 0, 0, 0, 0, 0, 0, 0, 0, 0, 0, 0, 0, 0, 0, 0, 0, 0, 0, 0, 0, 0, 0, 0, 0, 0, 0, 0, 0, 0, 0, 0, 0, 0, 0, 0, 0, 0, 0, 0, 0, 0, 0, 0, 0, 0, 0, 0, 0, 0, 0, 0, 0, 0, 0, 0, 0, 0, 0, 0, 0, 0, 0, 0, 0, 0, 0, 0, 0, 0, 0, 0, 0, 0, 0, 0, 0, 0, 0, 0, 0, 0, 0, 0, 0, 0, 0, 0, 0, 0, 0, 0, 0, 0, 0, 0, 0, 0, 0, 0, 0, 0, 0, 0, 0, 0, 0, 0, 0, 0, 0, 0, 0, 0, 0, 0, 0, 0]
model.24.m.0.bias_quantized[1037, 145, 2531, 1240, -21241, -10061, -12432, -11735, -8974, -8002, -12886, -10254, -20866, -9652, -10243, -26109, -18552, -17875, -18126, -7812, -10665, -13111, -19220, -16493, -10731, 752, -404, 2060, 697, -21439, -9203, -11257, -10324, -10052, -8311, -11426, -9964, -17210, -8454, -7191, -18523, -15353, -13724, -15284, -6645, -9349, -10382, -18195, -11417, -10126, 584, -643, 25, 1456, -19577, -8320, -11095, -9121, -7981, -8698, -12070, -10033, -17107, -9238, -7484, -16023, -16071, -14868, -11889, -7657, -9515, -9968, -15674, -8568, -9628]
model.24.m.0.bias_quantized_scale[0.00021427332831081003, 0.0002366845728829503, 0.00026510856696404517, 0.0004726403276436031, 0.00033580418676137924, 0.0003562111814972013, 0.0002827824791893363, 0.000296265643555671, 0.00037935125874355435, 0.0004391145193949342, 0.0002902529085986316, 0.00031084209331311285, 0.0001704529713606462, 0.0003551179252099246, 0.00036459258990362287, 0.00013802043395116925, 0.0001955061889020726, 0.0002071673225145787, 0.00019222649279981852, 0.0003950208774767816, 0.0003212277661077678, 0.00027276118635199964, 0.00018575821013655514, 0.00021718861535191536, 0.00033070245990529656, 0.00021372670016717166, 0.0002631043316796422, 0.0003325245052110404, 0.00016070499259512872, 0.0003079267917200923, 0.0004044955421704799, 0.00032359643955715, 0.0003257828939240426, 0.0003950208774767816, 0.00042162282625213265, 0.0003290626045782119, 0.0003206811670679599, 0.0002235657739220187, 0.0004052243602927774, 0.0004693605878856033, 0.00019896807498298585, 0.00024196850426960737, 0.00025672712945379317, 0.0002383243991062045, 0.00039647851372137666, 0.0003833597293123603, 0.0003469187067821622, 0.00019568837888073176, 0.0003330711042508483, 0.0003491051902528852, 0.00022720987908542156, 0.0002720323682297021, 0.0002020655811065808, 0.0002960834535770118, 0.00034418562427163124, 0.0004394789575599134, 0.000327787158312276, 0.0003689655277412385, 0.00043583486694842577, 0.0003913767577614635, 0.0002964478626381606, 0.00032724053016863763, 0.00021372670016717166, 0.00036003749119117856, 0.00044858918408863246, 0.00022648106096312404, 0.0002303073852090165, 0.0002660196041688323, 0.00028551556169986725, 0.0003859106218442321, 0.0003614951274357736, 0.000361312908353284, 0.00022903192439116538, 0.00040850407094694674, 0.000373885064618662]
model.24.m.0.bias_quantized_zero_point[0, 0, 0, 0, 0, 0, 0, 0, 0, 0, 0, 0, 0, 0, 0, 0, 0, 0, 0, 0, 0, 0, 0, 0, 0, 0, 0, 0, 0, 0, 0, 0, 0, 0, 0, 0, 0, 0, 0, 0, 0, 0, 0, 0, 0, 0, 0, 0, 0, 0, 0, 0, 0, 0, 0, 0, 0, 0, 0, 0, 0, 0, 0, 0, 0, 0, 0, 0, 0, 0, 0, 0, 0, 0, 0]
model.24.m.1.bias_quantized[1229, 138, 2039, 831, -16419, -11277, -16067, -9671, -8174, -12101, -9521, -7694, -14062, -11148, -13948, -12537, -13355, -11205, -13849, -6972, -7858, -10600, -19228, -13287, -8848, -560, -177, 237, 1541, -15757, -12440, -17057, -10258, -7957, -14989, -9807, -7108, -11944, -11048, -14623, -14164, -13933, -11930, -13565, -6713, -7950, -10583, -17402, -10866, -8715, 832, 343, 623, -1682, -18666, -12411, -18456, -10527, -8191, -13111, -9438, -7823, -12396, -11656, -12919, -12021, -17325, -11303, -13124, -6839, -7781, -12007, -18456, -11201, -9066]
model.24.m.1.bias_quantized_scale[0.0001941213704412803, 0.000250348326517269, 0.0003227981796953827, 0.0002142156008630991, 0.00034805425093509257, 0.00032058596843853593, 0.00021698084310628474, 0.00035966833820566535, 0.00042031973134726286, 0.0002826097479555756, 0.0003747851005755365, 0.0004262189904693514, 0.0002551414363551885, 0.00029311771504580975, 0.0002626998466439545, 0.000287587201455608, 0.00026104069547727704, 0.0003231668961234391, 0.00027247043908573687, 0.00041294569382444024, 0.00044539145892485976, 0.0003401271824259311, 0.0001882221404230222, 0.00027781660901382565, 0.0004158953088335693, 0.00019854577840305865, 0.00025200750678777695, 0.00021108162763994187, 0.0003250103909522295, 0.0003336748923175037, 0.0002879558887798339, 0.00020370760466903448, 0.0003364401636645198, 0.0004339616862125695, 0.000229332348681055, 0.00037460075691342354, 0.0004594021011143923, 0.0003025196201633662, 0.0002885089488700032, 0.0002462926204316318, 0.0002599346044007689, 0.00024979529553093016, 0.00031007800134830177, 0.0002689677639864385, 0.00040004117181524634, 0.00043359302799217403, 0.00032906612614169717, 0.00020886941638309509, 0.00033164702472276986, 0.0004063090600538999, 0.00019467440142761916, 0.0002536666579544544, 0.0002352315786993131, 0.00017531757475808263, 0.00031579285860061646, 0.00030639098258689046, 0.00019578050705604255, 0.0003191111609339714, 0.00042585027404129505, 0.0002662025217432529, 0.0003834496019408107, 0.0004531341546680778, 0.00029053681646473706, 0.00028150362777523696, 0.00027228606631979346, 0.0003052848915103823, 0.00020370760466903448, 0.00030897188116796315, 0.00027412959025241435, 0.0003900862066075206, 0.0004560837696772069, 0.0003069440135732293, 0.00019725531456060708, 0.0003255634510423988, 0.0003974602441303432]
model.24.m.1.bias_quantized_zero_point[0, 0, 0, 0, 0, 0, 0, 0, 0, 0, 0, 0, 0, 0, 0, 0, 0, 0, 0, 0, 0, 0, 0, 0, 0, 0, 0, 0, 0, 0, 0, 0, 0, 0, 0, 0, 0, 0, 0, 0, 0, 0, 0, 0, 0, 0, 0, 0, 0, 0, 0, 0, 0, 0, 0, 0, 0, 0, 0, 0, 0, 0, 0, 0, 0, 0, 0, 0, 0, 0, 0, 0, 0, 0, 0]
model.24.m.2.bias_quantized[-319, 24, 1009, 2584, -20648, -28742, -34973, -23642, -34142, -32163, -28652, -21503, -22237, -28551, -33111, -18659, -29608, -29428, -37622, -24218, -20497, -22767, -34898, -39022, -26159, -512, 614, -481, -4854, -23210, -31391, -38386, -25496, -39319, -36945, -29485, -20744, -21690, -32523, -27793, -19145, -25293, -25850, -33754, -22048, -21974, -23288, -31770, -36604, -27201, -342, 1110, -8376, -12319, -19541, -34051, -35668, -27538, -39731, -34530, -35962, -21838, -21772, -35694, -30536, -17785, -25110, -27367, -34998, -19631, -22240, -28309, -34946, -34154, -28704]
model.24.m.2.bias_quantized_scale[0.0001478835183661431, 9.986728400690481e-05, 0.00016592335305176675, 0.00015976604481693357, 0.00019098470511380583, 0.0001234703086083755, 0.00010024535731645301, 0.0001482075749663636, 0.00010445826046634465, 0.00011039952369173989, 0.0001269270433112979, 0.00015695745241828263, 0.00016117034829221666, 0.00011677289148792624, 0.00011012946924893185, 0.00019249702745582908, 0.0001224980951519683, 0.00012066171620972455, 9.759880049386993e-05, 0.0001177450903924182, 0.00016732765652704984, 0.00016171045717783272, 9.894908725982532e-05, 9.354794019600376e-05, 0.00013805342314299196, 0.00014637119602411985, 9.225166286341846e-05, 0.00012282218085601926, 7.534605538239703e-05, 0.0001675437088124454, 0.00011709694808814675, 9.392601350555196e-05, 0.0001388095843140036, 9.462816524319351e-05, 9.716671047499403e-05, 0.0001243345031980425, 0.00016279068950098008, 0.00016181849059648812, 0.00010467431275174022, 0.00013232819037511945, 0.00019076865282841027, 0.00013513679732568562, 0.00013902563659939915, 0.00010629465396050364, 0.0001299516879953444, 0.00016603138647042215, 0.0001549050211906433, 0.00011029151210095733, 9.711269376566634e-05, 0.00013405656500253826, 0.00011796113540185615, 8.058517414610833e-05, 7.129519508453086e-05, 5.406552372733131e-05, 0.00023268158838618547, 0.00010456628660904244, 9.90030966931954e-05, 0.0001286554179387167, 9.192759171128273e-05, 0.0001077529595931992, 9.786885493667796e-05, 0.0001600901159690693, 0.00016084627714008093, 9.608647815184668e-05, 0.00011666485806927085, 0.00019789817451965064, 0.00014032190665602684, 0.0001270350767299533, 0.0001024598313961178, 0.00014993594959378242, 0.00016106231487356126, 0.00012984366912860423, 0.00010127158020623028, 0.00010316199040971696, 0.0001251986832357943]
model.24.m.2.bias_quantized_zero_point[0, 0, 0, 0, 0, 0, 0, 0, 0, 0, 0, 0, 0, 0, 0, 0, 0, 0, 0, 0, 0, 0, 0, 0, 0, 0, 0, 0, 0, 0, 0, 0, 0, 0, 0, 0, 0, 0, 0, 0, 0, 0, 0, 0, 0, 0, 0, 0, 0, 0, 0, 0, 0, 0, 0, 0, 0, 0, 0, 0, 0, 0, 0, 0, 0, 0, 0, 0, 0, 0, 0, 0, 0, 0, 0]
